Fecha_Presentación;Duración_mmss;P1-Autorización;P2-Edad;P3-País;P4-Ciudad;P5-Género;P6-Estrato;P7-Actividad_Actual_Multi;P8-Nivel_Educativo;P9-Frecuencia_Uso_Servicios_Públicos;P10-Servicios_Públicos_Usados_Multi;P11-Motivo_Desplazamiento_Multi;P12-Estado_Licencia_Conducción;P13-Posee_Veh_Propio;P14-Frecuencia_Uso_Veh[P13];P15-Cantidad_Veh_Propios[P13];P16-Modo_Uso_Veh[P15-U];P17-Tipo_Veh[P15-U];P18-Modo_Uso_Veh[P15-Multi];P19-Tipo_Veh[P15-Multi];P20-Conoce_P2P;P21-Beneficios_P2P;P22-Desventajas_P2P;P23-Ha_Rentado_Su_Veh;P24N-Forma_Renta[P21];P25N-Aspectos_Positivos_Exp[P21];P26N-Aspectos_Negativos_Exp2[P21];P27-Ha_Tomado_En_Renta;P28N-Lugar_donde_Rentó[P25];P29N-Entidades_Donde_Rentó[P25];P30N-Beneficios_Experiencia[P25];P31N-Desventajas_Experiencia[P25];P32-Interés_Propietario;P33-Modo_Preferido_Renta_Veh[P30];P34[A]-Prioridad:Seguro_Vehicular[P30];P34[B]-Prioridad:GPS_Vehicular[P30];P34[C]-Prioridad:Autentificar_Todos_Los_Users[P30];P34[D]-Prioridad:Seguridad_Pagos_Plataforma[P30];P34[E]-Prioridad:Comunicación_Directa_Cliente[P30];P34[F]-Prioridad:Apoyo_Precios[P30];P34[G]-Prioridad:Contratos_Automáticos[P30];P34[H]-Prioridad:Variedad_Pagos[P30];P34[I]-Prioridad:Reseñas_Clientes[P30];P34[J]-Prioridad:Contacto_FlexDrive[P30];P34[K]-Prioridad:Asistencia_Legal[P30];P34[L]-Prioridad:Apoyo_Cómo_Cobrar[P30];P35N-Otras_Prioridades[P30];P36-Modelo_Confianza_Multi[P30];P37-Precio_Horas_Propietario_Multi[P30];P38_Precio_Dia_Propietario_Multi[P30];P39_Recibir_Pagos_Propietario[P30];P40[A]-Confianza:Edad_Experiencia_Cliente[P30];P40[B]-Confianza:Antecedentes_Cliente[P30];P40[C]-Confianza:Medio_Pago_Ofertado[P30];P40[D]-Confianza:Calificación_Que_Tiene_El_Cliente[P30];P40[E]-Confianza:Motivo_Solicitud[P30];P41N-Otros_Motivos_Para_Rentar_Seguro[P30];P42-Pago_FlexDrive_Propietarios[P30];P43-Interés_Cliente;P44-Modo_Preferido_Renta_Veh[P41];P45[A]-Prioridad:Comunicación_Propietario[P41];P45[B]-Prioridad:Facilidad_Variedad_Pagos[P41];P45[C]-Prioridad:Variedad_Seguros[P41];P45[D]-Prioridad:Verificación_Usuarios[P41];P45[E]-Prioridad:Apoyo_Dudas[P42];P45[F]-Prioridad:Precios_y_Ofertas[P41];P45[G]-Prioridad:Comunicación_FlexDrive[P41];P45[H]-Prioridad:Reseñar_Propietarios[P41];P45[I]-Prioridad:Modelo_Renta_en_15MINS[P41];P45[J]-Prioridad:Modelo_Negociación[P41];P46N-Otras_Prioridades_Para_Tomar_en_Renta[41];P47-Precio_Horas_Cliente_Multi[P41];P48-Precio_Dia_Cliente_Multi[P41];P49[A]-Confianza:Negociar_con_Propietario[P41];P49[B]-Confianza:Antigüedad_Veh[P41];P49[C]-Confianza:Medio_de_Pago_Recibido[P41];P49[D]-Confianza:Reseñas_Veh[P41];P49[E]-Confianza:Reseñas_Propietario[P41];P49[F]-Confianza:Claridad_Contrato[P41];P49[G]-Confianza:Punto_Entrega_Devolución_Vehículo[P41];P49[H]-Confianza:Revisión_Tecnicomecánica_Veh[P41];P50N-Otros_Puntos_Confianza_para_Rentar[P41];P51-¿Entiende_FlexDrive?;P52-¿Usaria_FlexDrive?;P53-Preferencias_para_Comunicarse_con_FlexDrive;Duración_Minutos;Duración_Rango
2025-05-02;07:25;Acepto.;18-25;Colombia;Duitama (Boyacá);Femenino.;3 - (Medio);Soy estudiante en estudios superiores o universitario;Pregrado universitario (Grado o Licenciatura).;Diariamente.;"Taxis;Buses intermunicipales";"Por estudio;Por compromisos personales o familiares";Poseo licencia de conducción vigente o próxima a renovar.;No;;;;;;;Sí;"Mayor flexibilidad en horarios;Experiencia de negocio más personalizada;Promueve la economía colaborativa";"Posibles daños o mal uso del vehículo rentado;Falta de regulación por parte de entidades oficiales";No;;;;No;;;;;Sí;"Solo los fines de semana.;";🔴Prioridad Alta🔴;🔴Prioridad Alta🔴;🔴Prioridad Alta🔴;🔴Prioridad Alta🔴;🔴Prioridad Alta🔴;🔴Prioridad Alta🔴;🔴Prioridad Alta🔴;🔴Prioridad Alta🔴;🔴Prioridad Alta🔴;🟡Prioridad Media🟡;🔴Prioridad Alta🔴;🔴Prioridad Alta🔴;;"Pueda configurar qué tipo de solicitudes quiero recibir, para luego aceptarlas o denegarlas.;Reciba solicitudes y pueda aceptarlas o denegarlas.;";"Entre $30.000 a $50.000 la hora.;";"No me encuentro interesado en rentar por días.;";"En efectivo, antes de entregar el vehículo al cliente;Por transacción bancaria inmediata, una vez aprobado el servicio por mí y el cliente";🔴Prioridad Alta🔴;🔴Prioridad Alta🔴;🔴Prioridad Alta🔴;🔴Prioridad Alta🔴;🟡Prioridad Media🟡;;"No estaría interesado en pagar comisión alguna.;";¡Sí, me apuntaría en el presente o en el futuro!;"Por días.;";🔴Prioridad Alta🔴;🔴Prioridad Alta🔴;🔴Prioridad Alta🔴;🔴Prioridad Alta🔴;🔴Prioridad Alta🔴;🔴Prioridad Alta🔴;🔴Prioridad Alta🔴;🟡Prioridad Media🟡;🔴Prioridad Alta🔴;🔴Prioridad Alta🔴;;"Entre $15.000 a $30.000 la hora.;";"Entre $100.000 a $150.000 el día.;";🔴Prioridad Alta🔴;🟡Prioridad Media🟡;🔴Prioridad Alta🔴;🔴Prioridad Alta🔴;🔴Prioridad Alta🔴;🔴Prioridad Alta🔴;;;;Clara;Probable - Me gustaría conocer más de la plataforma antes de entrar.;"Por chat con asesor mediante Whatsapp;Con un chatbot (Sea por plataforma, Whatsapp, u otro medio.);Por correo electrónico;Por llamada telefónica";7;[6, 8)
2025-05-02;05:43;Acepto.;36-45;Colombia;Duitama (Boyacá);Femenino.;2 - (Bajo - Medio);Estoy desempleado;Formación Técnica o Tecnológica.;Únicamente entre semana.;"Taxis;Buses municipales";Por trabajo;Poseo licencia de conducción vigente o próxima a renovar.;Sí;Muy rara vez.;Un único vehículo.;Sí, es un vehículo compartido con familiares, amigos o conocidos.;Automóvil (carros, camionetas, entre otros);;;No;"Mayor flexibilidad en horarios;Posibilidad de generar ingresos como propietario del vehículo;Aprovechamiento de vehículos particulares inactivos";"Posibles daños o mal uso del vehículo rentado;Falta de regulación por parte de entidades oficiales;Posible uso de vehículos para fines no autorizados";No;;;;No;;;;;No;;;;;;;;;;;;;;;;;;;;;;;;;;No me llama la atención, gracias.;;;;;;;;;;;;;;;;;;;;;;;;Clara;Neutral - Es un buen concepto que requiere más desarrollo.;"Por llamada telefónica;Por chat con asesor mediante Whatsapp";5;[4, 6)
2025-05-02;12:27;Acepto.;18-25;Colombia;Tunja (Boyacá);Masculino.;4 - (Medio Alto);"Soy freelancer / independiente;Soy estudiante en estudios superiores o universitario";Pregrado universitario (Grado o Licenciatura).;Únicamente los fines de semana.;"Buses intermunicipales;Otro: Plataformas digitales de transporte (servicios privados)";Por compromisos personales o familiares;Poseo licencia de conducción vigente o próxima a renovar.;No;;;;;;;No;"Aprovechamiento de vehículos particulares inactivos;Mayor flexibilidad en horarios";"Posibles daños o mal uso del vehículo rentado;Desconfianza frente a clientes / personas desconocidas;Falta de control en la entrega o devolución del vehículo";No;;;;Sí;;Localiza;"Facilidad en el acceso al servicio.;Transparencia en la información brindada.;Acompañamiento y buen trato durante el proceso.;Seguridad durante los procesos del servicio.;Rapidez en los tiempos de respuesta.;Flexibilidad para adaptarse a mis necesidades.;Tecnología fácil de utilizar (a través de plataformas digitales, aplicaciones o códigos personales / QRs).).;";Costos elevados en comparación con lo esperado;Sí;"Por horas.;Por días (cualquier día).;";🔴Prioridad Alta🔴;🟢Prioridad Baja🟢;🔴Prioridad Alta🔴;🔴Prioridad Alta🔴;🔴Prioridad Alta🔴;🔴Prioridad Alta🔴;🔴Prioridad Alta🔴;🟢Prioridad Baja🟢;🔴Prioridad Alta🔴;🔴Prioridad Alta🔴;🔴Prioridad Alta🔴;🟡Prioridad Media🟡;;"Pueda configurar qué tipo de solicitudes quiero recibir, para luego aceptarlas o denegarlas.;";"Entre $15.000 a $30.000 la hora.;";"Entre $100.000 a $150.000 el día.;";Un respaldo con un pagaré automatizado por transferencia bancaria al finalizar el servicio por medio de Flex Drive;🟡Prioridad Media🟡;🔴Prioridad Alta🔴;🔴Prioridad Alta🔴;🔴Prioridad Alta🔴;🟡Prioridad Media🟡;;"No estaría interesado en pagar comisión alguna.;";¡Sí, me apuntaría en el presente o en el futuro!;"Por días.;";🟢Prioridad Baja🟢;🟢Prioridad Baja🟢;🔴Prioridad Alta🔴;🔴Prioridad Alta🔴;🔴Prioridad Alta🔴;🔴Prioridad Alta🔴;🔴Prioridad Alta🔴;🔴Prioridad Alta🔴;🟢Prioridad Baja🟢;🟡Prioridad Media🟡;;"Entre $15.000 a $30.000 la hora.;";"Entre $100.000 a $150.000 el día.;";🟢Prioridad Baja🟢;🔴Prioridad Alta🔴;🟢Prioridad Baja🟢;🔴Prioridad Alta🔴;🔴Prioridad Alta🔴;🔴Prioridad Alta🔴;;;Revisar 49G;Clara;Muy probable - Me gustaría inscribirme en la plataforma.;"Un chat en la plataforma;Por llamada telefónica;Por chat con asesor mediante Whatsapp";12;[12, 14)
2025-05-02;04:28;Acepto.;16-17;Colombia;Tunja (Boyacá);Femenino.;2 - (Bajo - Medio);Soy estudiante en estudios superiores o universitario;Pregrado universitario (Grado o Licenciatura).;Únicamente los fines de semana.;Taxis;Por estudio;Poseo licencia de conducción vigente o próxima a renovar.;Sí;Solo durante fines de semana.;Un único vehículo.;No, es un vehículo completamente propio.;Motocicleta;;;Sí;"Aprovechamiento de vehículos particulares inactivos;Promueve la economía colaborativa";"Posibles daños o mal uso del vehículo rentado;Posible uso de vehículos para fines no autorizados";No;;;;No;;;;;No;;;;;;;;;;;;;;;;;;;;;;;;;;No me llama la atención, gracias.;;;;;;;;;;;;;;;;;;;;;;;;Clara;Neutral - Es un buen concepto que requiere más desarrollo.;"Un chat en la plataforma;Por llamada telefónica;Por chat con asesor mediante Whatsapp";4;[4, 6)
2025-05-02;04:10;Acepto.;18-25;Colombia;Tunja (Boyacá);Femenino.;4 - (Medio Alto);Soy estudiante en estudios superiores o universitario;Pregrado universitario (Grado o Licenciatura).;Únicamente entre semana.;"Taxis;Buses municipales";Por estudio;No poseo licencia, pero estoy interesado en obtenerla pronto.;No;;;;;;;No;"Posibilidad de generar ingresos como propietario del vehículo;Diversidad de vehículos para rentar / arrendar;Promueve la economía colaborativa;Aprovechamiento de vehículos particulares inactivos";"Desconfianza frente a clientes / personas desconocidas;Falta de regulación por parte de entidades oficiales;Posible uso de vehículos para fines no autorizados;Posibles daños o mal uso del vehículo rentado;Falta de control en la entrega o devolución del vehículo";No;;;;No;;;;;No;;;;;;;;;;;;;;;;;;;;;;;;;;¡Sí, me apuntaría en el presente o en el futuro!;"Por horas.;";🔴Prioridad Alta🔴;🔴Prioridad Alta🔴;🔴Prioridad Alta🔴;🟡Prioridad Media🟡;🔴Prioridad Alta🔴;🟡Prioridad Media🟡;🔴Prioridad Alta🔴;🔴Prioridad Alta🔴;🔴Prioridad Alta🔴;🔴Prioridad Alta🔴;;"Entre $15.000 a $30.000 la hora.;";"Entre $100.000 a $150.000 el día.;";🟡Prioridad Media🟡;🟢Prioridad Baja🟢;🔴Prioridad Alta🔴;🔴Prioridad Alta🔴;🔴Prioridad Alta🔴;🔴Prioridad Alta🔴;;;;Clara;Neutral - Es un buen concepto que requiere más desarrollo.;"Un chat en la plataforma;Por correo electrónico;Por llamada telefónica;Por chat con asesor mediante Whatsapp";4;[4, 6)
2025-05-02;05:04;Acepto.;18-25;Colombia;Tunja (Boyacá);Masculino.;4 - (Medio Alto);Soy estudiante en estudios superiores o universitario;Pregrado universitario (Grado o Licenciatura).;Únicamente entre semana.;"Buses municipales;Taxis";"Por estudio;Por compromisos personales o familiares";No poseo licencia, pero estoy interesado en obtenerla pronto.;Sí;Diariamente.;Un único vehículo.;Sí, es un vehículo compartido con familiares, amigos o conocidos.;Automóvil (carros, camionetas, entre otros);;;Sí;Posibilidad de generar ingresos como propietario del vehículo;"Posibles daños o mal uso del vehículo rentado;Posible uso de vehículos para fines no autorizados";No;;;;Sí;;;"Facilidad en el acceso al servicio.;Rapidez en los tiempos de respuesta.;Transparencia en la información brindada.;Acompañamiento y buen trato durante el proceso.;Seguridad durante los procesos del servicio.;Flexibilidad para adaptarse a mis necesidades.;Eficacia en la solución de problemas y dudas.;Tecnología fácil de utilizar (a través de plataformas digitales, aplicaciones o códigos personales / QRs).).;";;No;;;;;;;;;;;;;;;;;;;;;;;;;;¡Sí, me apuntaría en el presente o en el futuro!;"Por horas.;Por días.;";🔴Prioridad Alta🔴;🔴Prioridad Alta🔴;🟡Prioridad Media🟡;🔴Prioridad Alta🔴;🟡Prioridad Media🟡;🟡Prioridad Media🟡;🔴Prioridad Alta🔴;🟡Prioridad Media🟡;🟡Prioridad Media🟡;🟡Prioridad Media🟡;;"Entre $30.000 a $50.000 la hora.;";"Entre $100.000 a $150.000 el día.;";🟡Prioridad Media🟡;🟡Prioridad Media🟡;🔴Prioridad Alta🔴;🔴Prioridad Alta🔴;🔴Prioridad Alta🔴;🔴Prioridad Alta🔴;;;;Clara;Muy probable - Me gustaría inscribirme en la plataforma.;"Un chat en la plataforma;Por chat con asesor mediante Whatsapp";5;[4, 6)
2025-05-02;04:08;Acepto.;18-25;Colombia;Tunja (Boyacá);Masculino.;4 - (Medio Alto);Soy estudiante en estudios superiores o universitario;Pregrado universitario (Grado o Licenciatura).;Diariamente.;Buses municipales;Por estudio;Poseo licencia de conducción vigente o próxima a renovar.;No;;;;;;;No;Posibilidad de generar ingresos como propietario del vehículo;"Posibles daños o mal uso del vehículo rentado;Desconfianza frente a clientes / personas desconocidas;Falta de regulación por parte de entidades oficiales;Posible uso de vehículos para fines no autorizados;Falta de control en la entrega o devolución del vehículo";No;;;;No;;;;;No;;;;;;;;;;;;;;;;;;;;;;;;;;No me llama la atención, gracias.;;;;;;;;;;;;;;;;;;;;;;;;Clara;Muy improbable - No me encuentro interesado o no hay una mercado de interés.;Por chat con asesor mediante Whatsapp;4;[4, 6)
2025-05-02;03:36;Acepto.;16-17;Colombia;Tunja (Boyacá);Masculino.;3 - (Medio);Soy estudiante en estudios superiores o universitario;Pregrado universitario (Grado o Licenciatura).;Diariamente.;"Buses municipales;Taxis";"Por estudio;Por compromisos personales o familiares";No poseo licencia, pero estoy interesado en obtenerla pronto.;No;;;;;;;No;"Mejor negociación en condiciones de arriendo;Posibilidad de generar ingresos como propietario del vehículo;Aprovechamiento de vehículos particulares inactivos";"Posibles daños o mal uso del vehículo rentado;Desconfianza frente a clientes / personas desconocidas;Posible uso de vehículos para fines no autorizados;Falta de control en la entrega o devolución del vehículo";No;;;;No;;;;;No;;;;;;;;;;;;;;;;;;;;;;;;;;No me llama la atención, gracias.;;;;;;;;;;;;;;;;;;;;;;;;Clara;Neutral - Es un buen concepto que requiere más desarrollo.;"Por chat con asesor mediante Whatsapp;Por llamada telefónica";3;[2, 4)
2025-05-02;05:13;Acepto.;18-25;Colombia;Tunja (Boyacá);Masculino.;3 - (Medio);Soy estudiante en estudios superiores o universitario;Pregrado universitario (Grado o Licenciatura).;Diariamente.;"Taxis;Buses municipales";"Por estudio;Por compromisos personales o familiares";Poseo licencia de conducción vigente o próxima a renovar.;No;;;;;;;No;"Mejor negociación en condiciones de arriendo;Posibilidad de generar ingresos como propietario del vehículo;Diversidad de vehículos para rentar / arrendar;Aprovechamiento de vehículos particulares inactivos";"Posibles daños o mal uso del vehículo rentado;Posible uso de vehículos para fines no autorizados";No;;;;Sí;;;;;No;;;;;;;;;;;;;;;;;;;;;;;;;;No me llama la atención, gracias.;;;;;;;;;;;;;;;;;;;;;;;;Clara;Neutral - Es un buen concepto que requiere más desarrollo.;"Por correo electrónico;Por chat con asesor mediante Whatsapp;Con un chatbot (Sea por plataforma, Whatsapp, u otro medio.)";5;[4, 6)
2025-05-02;02:19;Acepto.;18-25;Colombia;Tunja (Boyacá);Femenino.;5 - (Alto);Soy estudiante en estudios superiores o universitario;Pregrado universitario (Grado o Licenciatura).;Rara vez.;"Taxis;Buses municipales";Por estudio;Poseo licencia de conducción vigente o próxima a renovar.;No;;;;;;;No;"Posibilidad de generar ingresos como propietario del vehículo;Diversidad de vehículos para rentar / arrendar;Experiencia de negocio más personalizada;Aprovechamiento de vehículos particulares inactivos";"Posibles daños o mal uso del vehículo rentado;Desconfianza frente a clientes / personas desconocidas";No;;;;No;;;;;Sí;"Por días (cualquier día).;A disposición personal.;";🔴Prioridad Alta🔴;🔴Prioridad Alta🔴;🟡Prioridad Media🟡;🔴Prioridad Alta🔴;🟡Prioridad Media🟡;🟢Prioridad Baja🟢;🔴Prioridad Alta🔴;🟢Prioridad Baja🟢;🟡Prioridad Media🟡;🔴Prioridad Alta🔴;🔴Prioridad Alta🔴;🟡Prioridad Media🟡;;"Pueda configurar qué tipo de solicitudes quiero recibir, para luego aceptarlas o denegarlas.;";"Entre $30.000 a $50.000 la hora.;Entre $50.000 a $80.000 la hora.;";"Entre $200.000 a $250.000 el día.;Entre $250.000 a $350.000 el día.;";"En efectivo, antes de entregar el vehículo al cliente;Por transacción bancaria inmediata, una vez aprobado el servicio por mí y el cliente;Un respaldo con un pagaré automatizado por transferencia bancaria al finalizar el servicio por medio de Flex Drive";🟡Prioridad Media🟡;🔴Prioridad Alta🔴;🟢Prioridad Baja🟢;🔴Prioridad Alta🔴;🟢Prioridad Baja🟢;Revisar 34B;"No estaría interesado en pagar comisión alguna.;";¡Sí, me apuntaría en el presente o en el futuro!;"Por días.;Por horas.;";🔴Prioridad Alta🔴;🟢Prioridad Baja🟢;🔴Prioridad Alta🔴;🟡Prioridad Media🟡;🟡Prioridad Media🟡;🔴Prioridad Alta🔴;🟡Prioridad Media🟡;🔴Prioridad Alta🔴;🔴Prioridad Alta🔴;🔴Prioridad Alta🔴;Otro: Coherencia precio-servicio;"Entre $15.000 a $30.000 la hora.;";"Entre $150.000 a $200.000 el día.;Entre $100.000 a $150.000 el día.;";🟡Prioridad Media🟡;🟢Prioridad Baja🟢;🟢Prioridad Baja🟢;🔴Prioridad Alta🔴;🔴Prioridad Alta🔴;🟡Prioridad Media🟡;;;Revisar 49H;Clara;Probable - Me gustaría conocer más de la plataforma antes de entrar.;Por chat con asesor mediante Whatsapp;2;[2, 4)
2025-05-02;02:51;Acepto.;16-17;Colombia;Tunja (Boyacá);Prefiero no decir.;5 - (Alto);Soy estudiante de secundaria;Secundaria media (10° a 11°, o Vocacional, o Preparatoria).;Diariamente.;"Taxis;Buses municipales";Por estudio;No poseo licencia, pero estoy interesado en obtenerla pronto.;No;;;;;;;No;"Promueve la economía colaborativa;Aprovechamiento de vehículos particulares inactivos";"Posibles daños o mal uso del vehículo rentado;Desconfianza frente a clientes / personas desconocidas;Falta de regulación por parte de entidades oficiales;Posible uso de vehículos para fines no autorizados;Falta de control en la entrega o devolución del vehículo";No;;;;No;;;;;No;;;;;;;;;;;;;;;;;;;;;;;;;;No me llama la atención, gracias.;;;;;;;;;;;;;;;;;;;;;;;;Clara;Probable - Me gustaría conocer más de la plataforma antes de entrar.;"Un chat en la plataforma;Por llamada telefónica;Por chat con asesor mediante Whatsapp;Con un chatbot (Sea por plataforma, Whatsapp, u otro medio.)";2;[2, 4)
2025-05-02;09:56;Acepto.;36-45;Colombia;Yopal (Casanare);Femenino.;3 - (Medio);Soy empleado;Pregrado universitario (Grado o Licenciatura).;Rara vez.;Taxis;Por trabajo;Poseo licencia de conducción vigente o próxima a renovar.;Sí;Diariamente.;Un único vehículo.;No, es un vehículo completamente propio.;Motocicleta;;;Sí;Posibilidad de generar ingresos como propietario del vehículo;"Posibles daños o mal uso del vehículo rentado;Desconfianza frente a clientes / personas desconocidas";No;;;;No;;;;;No;;;;;;;;;;;;;;;;;;;;;;;;;;¡Sí, me apuntaría en el presente o en el futuro!;"Por días.;";🔴Prioridad Alta🔴;🔴Prioridad Alta🔴;🔴Prioridad Alta🔴;🔴Prioridad Alta🔴;🔴Prioridad Alta🔴;🟡Prioridad Media🟡;🔴Prioridad Alta🔴;🔴Prioridad Alta🔴;🟡Prioridad Media🟡;🟡Prioridad Media🟡;;"Entre $15.000 a $30.000 la hora.;";"Entre $100.000 a $150.000 el día.;";🟡Prioridad Media🟡;🟡Prioridad Media🟡;🔴Prioridad Alta🔴;🔴Prioridad Alta🔴;🔴Prioridad Alta🔴;🔴Prioridad Alta🔴;;;;Clara;Probable - Me gustaría conocer más de la plataforma antes de entrar.;Un chat en la plataforma;9;[8, 10)
2025-05-02;14:45;Acepto.;46-55;Colombia;Tunja (Boyacá);Femenino.;3 - (Medio);Soy empleado;Maestría (Estudios avanzados académicos o profesionales luego del posgrado).;Rara vez.;"Taxis;Buses municipales";"Por trabajo;Por compromisos personales o familiares";Poseo licencia de conducción vigente o próxima a renovar.;Sí;Diariamente.;Varios vehículos.;;;"Sí, comparto mi vehículo personal con familiares, amigos o conocidos.;";"Automóvil (carros, camionetas, entre otros);";Sí;"Posibilidad de generar ingresos como propietario del vehículo;Aprovechamiento de vehículos particulares inactivos";"Posibles daños o mal uso del vehículo rentado;Desconfianza frente a clientes / personas desconocidas;Falta de regulación por parte de entidades oficiales;Posible uso de vehículos para fines no autorizados;Falta de control en la entrega o devolución del vehículo";No;;;;Sí;;;"Facilidad en el acceso al servicio.;";"Costos elevados en comparación con lo esperado;Poca o nula seguridad para accidentes o sin atención ante riesgos";Sí;"Por días (cualquier día).;";🔴Prioridad Alta🔴;🔴Prioridad Alta🔴;🔴Prioridad Alta🔴;🔴Prioridad Alta🔴;🟡Prioridad Media🟡;🟡Prioridad Media🟡;🟢Prioridad Baja🟢;🟡Prioridad Media🟡;🔴Prioridad Alta🔴;🔴Prioridad Alta🔴;🔴Prioridad Alta🔴;🔴Prioridad Alta🔴;Que el vehículo reciba un uso correcto;"Reciba solicitudes y pueda aceptarlas o denegarlas.;Pueda configurar qué tipo de solicitudes quiero recibir, para luego aceptarlas o denegarlas.;Pueda confiar en la plataforma para que me consulten, o ellos mismos acepten y denieguen un servicio que me solicitan.;";"Entre $15.000 a $30.000 la hora.;";"Entre $100.000 a $150.000 el día.;";Por transacción bancaria inmediata, una vez aprobado el servicio por mí y el cliente;🔴Prioridad Alta🔴;🔴Prioridad Alta🔴;🔴Prioridad Alta🔴;🔴Prioridad Alta🔴;🔴Prioridad Alta🔴;Trazabilidad del servicio de arrendamiento;"Aceptaría pagar una comisión del 10% al 14% por servicio.;";¡Sí, me apuntaría en el presente o en el futuro!;"Por días.;Por semanas.;";🔴Prioridad Alta🔴;🔴Prioridad Alta🔴;🔴Prioridad Alta🔴;🔴Prioridad Alta🔴;🔴Prioridad Alta🔴;🔴Prioridad Alta🔴;🔴Prioridad Alta🔴;🔴Prioridad Alta🔴;🔴Prioridad Alta🔴;🔴Prioridad Alta🔴;;"Entre $15.000 a $30.000 la hora.;";"Entre $100.000 a $150.000 el día.;";🔴Prioridad Alta🔴;🔴Prioridad Alta🔴;🔴Prioridad Alta🔴;🔴Prioridad Alta🔴;🔴Prioridad Alta🔴;🔴Prioridad Alta🔴;;;;Clara;Muy probable - Me gustaría inscribirme en la plataforma.;"Un chat en la plataforma;Por llamada telefónica;Por chat con asesor mediante Whatsapp";14;[14, 16)
2025-05-02;17:46;Acepto.;26-35;Colombia;Tunja (Boyacá);Femenino.;4 - (Medio Alto);Soy freelancer / independiente;Especialización o Diplomado de Posgrado (estudios posteriores con enfoque técnico o profesional).;Rara vez.;Taxis;Por compromisos personales o familiares;Poseo licencia de conducción vigente o próxima a renovar.;Sí;Diariamente.;Un único vehículo.;No, es un vehículo completamente propio.;Automóvil (carros, camionetas, entre otros);;;Sí;"Posibilidad de generar ingresos como propietario del vehículo;Mayor flexibilidad en horarios;Aprovechamiento de vehículos particulares inactivos";"Posibles daños o mal uso del vehículo rentado;Desconfianza frente a clientes / personas desconocidas;Falta de control en la entrega o devolución del vehículo";No;;;;Sí;;;"Facilidad en el acceso al servicio.;Acompañamiento y buen trato durante el proceso.;Flexibilidad para adaptarse a mis necesidades.;";"Lentitud en tiempos de atención y respuesta;Costos elevados en comparación con lo esperado;Poca o nula seguridad para accidentes o sin atención ante riesgos";Sí;"A disposición personal.;";🔴Prioridad Alta🔴;🔴Prioridad Alta🔴;🔴Prioridad Alta🔴;🔴Prioridad Alta🔴;🟡Prioridad Media🟡;🔴Prioridad Alta🔴;🟡Prioridad Media🟡;🔴Prioridad Alta🔴;🟡Prioridad Media🟡;🔴Prioridad Alta🔴;🔴Prioridad Alta🔴;🟡Prioridad Media🟡;;"Reciba solicitudes y pueda aceptarlas o denegarlas.;";"Entre $30.000 a $50.000 la hora.;";"Entre $250.000 a $350.000 el día.;";"Un respaldo con un pagaré automatizado por transferencia bancaria al finalizar el servicio por medio de Flex Drive;Por transacción bancaria inmediata, una vez aprobado el servicio por mí y el cliente";🔴Prioridad Alta🔴;🔴Prioridad Alta🔴;🟡Prioridad Media🟡;🔴Prioridad Alta🔴;🟡Prioridad Media🟡;;"Preferiría pagar una suscripción mensual.;No estaría interesado en pagar comisión alguna.;";¡Sí, me apuntaría en el presente o en el futuro!;"Por horas.;Por días.;Por semanas.;Por meses.;";🔴Prioridad Alta🔴;🔴Prioridad Alta🔴;🔴Prioridad Alta🔴;🟡Prioridad Media🟡;🔴Prioridad Alta🔴;🔴Prioridad Alta🔴;🔴Prioridad Alta🔴;🟡Prioridad Media🟡;🔴Prioridad Alta🔴;🔴Prioridad Alta🔴;;"Entre $15.000 a $30.000 la hora.;";"Entre $200.000 a $250.000 el día.;";🟡Prioridad Media🟡;🔴Prioridad Alta🔴;🔴Prioridad Alta🔴;🔴Prioridad Alta🔴;🔴Prioridad Alta🔴;🔴Prioridad Alta🔴;;;;Clara;Probable - Me gustaría conocer más de la plataforma antes de entrar.;"Un chat en la plataforma;Por chat con asesor mediante Whatsapp";17;[16, 18)
2025-05-02;45:47;Acepto.;18-25;Colombia;Tunja (Boyacá);Femenino.;3 - (Medio);Soy estudiante en estudios superiores o universitario;Pregrado universitario (Grado o Licenciatura).;Diariamente.;Buses municipales;"Por estudio;Por compromisos personales o familiares";No poseo licencia, pero estoy interesado en obtenerla pronto.;No;;;;;;;Sí;"Mayor flexibilidad en horarios;Mejor negociación en condiciones de arriendo;Posibilidad de generar ingresos como propietario del vehículo;Experiencia de negocio más personalizada";"Posible uso de vehículos para fines no autorizados;Falta de control en la entrega o devolución del vehículo";No;;;;No;;;;;No;;;;;;;;;;;;;;;;;;;;;;;;;;¡Sí, me apuntaría en el presente o en el futuro!;"Por horas.;";🔴Prioridad Alta🔴;🔴Prioridad Alta🔴;🔴Prioridad Alta🔴;🟡Prioridad Media🟡;🔴Prioridad Alta🔴;🟡Prioridad Media🟡;🟡Prioridad Media🟡;🟡Prioridad Media🟡;🟢Prioridad Baja🟢;🔴Prioridad Alta🔴;;"Entre $15.000 a $30.000 la hora.;";"Entre $150.000 a $200.000 el día.;";🟡Prioridad Media🟡;🟡Prioridad Media🟡;🔴Prioridad Alta🔴;🟡Prioridad Media🟡;🟡Prioridad Media🟡;🔴Prioridad Alta🔴;;;Revisar 49F;Clara;Probable - Me gustaría conocer más de la plataforma antes de entrar.;Un chat en la plataforma;45;[44, 46)
2025-05-02;13:26;Acepto.;46-55;Colombia;Tunja (Boyacá);Femenino.;4 - (Medio Alto);Soy empleado;Especialización o Diplomado de Posgrado (estudios posteriores con enfoque técnico o profesional).;Rara vez.;Buses municipales;Por trabajo;Poseo licencia de conducción vigente o próxima a renovar.;Sí;Diariamente.;Un único vehículo.;Ocasionalmente lo comparto con mi familia, amigos o conocidos.;Automóvil (carros, camionetas, entre otros);;;No;Mayor flexibilidad en horarios;Falta de control en la entrega o devolución del vehículo;No;;;;No;;;;;No;;;;;;;;;;;;;;;;;;;;;;;;;;No me llama la atención, gracias.;;;;;;;;;;;;;;;;;;;;;;;;Clara;Probable - Me gustaría conocer más de la plataforma antes de entrar.;Por llamada telefónica;13;[12, 14)
2025-05-02;20:45;Acepto.;46-55;Colombia;Yopal (Casanare);Masculino.;4 - (Medio Alto);Soy empresario;Pregrado universitario (Grado o Licenciatura).;Rara vez.;Taxis;"Por trabajo;Por compromisos personales o familiares;Por turismo";Poseo licencia de conducción vigente o próxima a renovar.;Sí;Diariamente.;Un único vehículo.;Ocasionalmente lo comparto con mi familia, amigos o conocidos.;Automóvil (carros, camionetas, entre otros);;;No;"Mejor negociación en condiciones de arriendo;Posibilidad de generar ingresos como propietario del vehículo;Diversidad de vehículos para rentar / arrendar;Mayor flexibilidad en horarios;Experiencia de negocio más personalizada;Promueve la economía colaborativa;Aprovechamiento de vehículos particulares inactivos";"Posibles daños o mal uso del vehículo rentado;Desconfianza frente a clientes / personas desconocidas;Falta de regulación por parte de entidades oficiales;Posible uso de vehículos para fines no autorizados;Falta de control en la entrega o devolución del vehículo";No;;;;Sí;;;"Facilidad en el acceso al servicio.;";;Sí;"Por horas.;Por días (cualquier día).;Solo los fines de semana.;Solo durante semana (lunes a viernes).;A disposición personal.;";🔴Prioridad Alta🔴;🔴Prioridad Alta🔴;🔴Prioridad Alta🔴;🔴Prioridad Alta🔴;🔴Prioridad Alta🔴;🟡Prioridad Media🟡;🔴Prioridad Alta🔴;🔴Prioridad Alta🔴;🟡Prioridad Media🟡;🔴Prioridad Alta🔴;🔴Prioridad Alta🔴;🔴Prioridad Alta🔴;;"Reciba solicitudes y pueda aceptarlas o denegarlas.;Pueda configurar qué tipo de solicitudes quiero recibir, para luego aceptarlas o denegarlas.;Pueda confiar en la plataforma para que me consulten, o ellos mismos acepten y denieguen un servicio que me solicitan.;";"Entre $30.000 a $50.000 la hora.;";"Entre $200.000 a $250.000 el día.;";"Por transacción bancaria inmediata, una vez aprobado el servicio por mí y el cliente;Un respaldo con un pagaré automatizado por transferencia bancaria al finalizar el servicio por medio de Flex Drive";🟡Prioridad Media🟡;🔴Prioridad Alta🔴;🔴Prioridad Alta🔴;🟡Prioridad Media🟡;🟡Prioridad Media🟡;;"Aceptaría pagar una comisión del 4% al 9% por servicio.;Aceptaría pagar una comisión del 10% al 14% por servicio.;";¡Sí, me apuntaría en el presente o en el futuro!;"Por días.;";🟡Prioridad Media🟡;🔴Prioridad Alta🔴;🔴Prioridad Alta🔴;🟡Prioridad Media🟡;🔴Prioridad Alta🔴;🔴Prioridad Alta🔴;🔴Prioridad Alta🔴;🔴Prioridad Alta🔴;🔴Prioridad Alta🔴;🟡Prioridad Media🟡;;"No me encuentro interesado en rentar por horas.;";"Entre $100.000 a $150.000 el día.;";🟡Prioridad Media🟡;🔴Prioridad Alta🔴;🔴Prioridad Alta🔴;🔴Prioridad Alta🔴;🟡Prioridad Media🟡;🔴Prioridad Alta🔴;;;;Clara;Muy probable - Me gustaría inscribirme en la plataforma.;"Un chat en la plataforma;Por correo electrónico;Por llamada telefónica;Por chat con asesor mediante Whatsapp;Con un chatbot (Sea por plataforma, Whatsapp, u otro medio.)";20;[20, 22)
2025-05-02;07:45;Acepto.;26-35;Colombia;Tunja (Boyacá);Femenino.;4 - (Medio Alto);Soy empleado;Especialización o Diplomado de Posgrado (estudios posteriores con enfoque técnico o profesional).;Rara vez.;"Taxis;Buses intermunicipales";"Por trabajo;Por turismo";Poseo licencia de conducción vigente o próxima a renovar.;Sí;Diariamente.;Un único vehículo.;Ocasionalmente lo comparto con mi familia, amigos o conocidos.;Automóvil (carros, camionetas, entre otros);;;No;"Aprovechamiento de vehículos particulares inactivos;Experiencia de negocio más personalizada;Diversidad de vehículos para rentar / arrendar;Posibilidad de generar ingresos como propietario del vehículo";"Posibles daños o mal uso del vehículo rentado;Falta de regulación por parte de entidades oficiales;Falta de control en la entrega o devolución del vehículo";No;;;;No;;;;;No;;;;;;;;;;;;;;;;;;;;;;;;;;No me llama la atención, gracias.;;;;;;;;;;;;;;;;;;;;;;;;Clara;Neutral - Es un buen concepto que requiere más desarrollo.;Por chat con asesor mediante Whatsapp;7;[6, 8)
2025-05-02;16:45;Acepto.;46-55;Colombia;Tunja (Boyacá);Masculino.;4 - (Medio Alto);Soy empleado;Maestría (Estudios avanzados académicos o profesionales luego del posgrado).;Rara vez.;Buses municipales;Por trabajo;Poseo licencia de conducción vigente o próxima a renovar.;Sí;Diariamente.;Varios vehículos.;;;"Sí, comparto mi vehículo personal con familiares, amigos o conocidos.;";"Moticicleta;Automóvil (carros, camionetas, entre otros);";Sí;"Promueve la economía colaborativa;Aprovechamiento de vehículos particulares inactivos";"Posibles daños o mal uso del vehículo rentado;Falta de control en la entrega o devolución del vehículo";No;;;;No;;;;;Sí;"Por días (cualquier día).;";🔴Prioridad Alta🔴;🔴Prioridad Alta🔴;🔴Prioridad Alta🔴;🟡Prioridad Media🟡;🟡Prioridad Media🟡;🟡Prioridad Media🟡;🟡Prioridad Media🟡;🟡Prioridad Media🟡;🟡Prioridad Media🟡;🟢Prioridad Baja🟢;🔴Prioridad Alta🔴;🟡Prioridad Media🟡;"Apoyo legal por infracciones realizadas por el arrendador;Seguros para el conductor / arrendador";"Reciba solicitudes y pueda aceptarlas o denegarlas.;Pueda confiar en la plataforma para que me consulten, o ellos mismos acepten y denieguen un servicio que me solicitan.;";"Entre $50.000 a $80.000 la hora.;";"Entre $250.000 a $350.000 el día.;";Por transacción bancaria inmediata, una vez aprobado el servicio por mí y el cliente;🟡Prioridad Media🟡;🔴Prioridad Alta🔴;🟡Prioridad Media🟡;🔴Prioridad Alta🔴;🔴Prioridad Alta🔴;Revisar 40E;"Aceptaría pagar una comisión del 4% al 9% por servicio.;";¡Sí, me apuntaría en el presente o en el futuro!;"Por horas.;Por días.;";🔴Prioridad Alta🔴;🟡Prioridad Media🟡;🔴Prioridad Alta🔴;🔴Prioridad Alta🔴;🟡Prioridad Media🟡;🟡Prioridad Media🟡;🟡Prioridad Media🟡;🔴Prioridad Alta🔴;🟡Prioridad Media🟡;🟡Prioridad Media🟡;;"Entre $15.000 a $30.000 la hora.;Entre $30.000 a $50.000 la hora.;";"Entre $100.000 a $150.000 el día.;Entre $150.000 a $200.000 el día.;";🟢Prioridad Baja🟢;🔴Prioridad Alta🔴;🟡Prioridad Media🟡;🔴Prioridad Alta🔴;🔴Prioridad Alta🔴;🟡Prioridad Media🟡;;;;Clara;Probable - Me gustaría conocer más de la plataforma antes de entrar.;"Un chat en la plataforma;Por correo electrónico;Por chat con asesor mediante Whatsapp;Con un chatbot (Sea por plataforma, Whatsapp, u otro medio.)";16;[16, 18)
2025-05-02;22:59;Acepto.;16-17;Colombia;Tunja (Boyacá);Masculino.;2 - (Bajo - Medio);Soy estudiante en estudios superiores o universitario;Pregrado universitario (Grado o Licenciatura).;Rara vez.;"Taxis;Buses municipales";"Por estudio;Por compromisos personales o familiares";No poseo licencia, pero estoy interesado en obtenerla pronto.;No;;;;;;;Sí;"Posibilidad de generar ingresos como propietario del vehículo;Mayor flexibilidad en horarios;Mejor negociación en condiciones de arriendo";"Posibles daños o mal uso del vehículo rentado;Desconfianza frente a clientes / personas desconocidas;Posible uso de vehículos para fines no autorizados;Falta de control en la entrega o devolución del vehículo;Falta de regulación por parte de entidades oficiales";No;;;;No;;;;;Sí;"A disposición personal.;Por horas.;";🔴Prioridad Alta🔴;🔴Prioridad Alta🔴;🔴Prioridad Alta🔴;🔴Prioridad Alta🔴;🟡Prioridad Media🟡;🟡Prioridad Media🟡;🟡Prioridad Media🟡;🟡Prioridad Media🟡;🟡Prioridad Media🟡;🔴Prioridad Alta🔴;🔴Prioridad Alta🔴;🟡Prioridad Media🟡;;"Pueda confiar en la plataforma para que me consulten, o ellos mismos acepten y denieguen un servicio que me solicitan.;Pueda configurar qué tipo de solicitudes quiero recibir, para luego aceptarlas o denegarlas.;";"Entre $50.000 a $80.000 la hora.;";"Desde $350.000 en adelante.;";"Por transacción bancaria inmediata, una vez aprobado el servicio por mí y el cliente;Un respaldo con un pagaré automatizado por transferencia bancaria al finalizar el servicio por medio de Flex Drive";🔴Prioridad Alta🔴;🔴Prioridad Alta🔴;🟡Prioridad Media🟡;🔴Prioridad Alta🔴;🔴Prioridad Alta🔴;;"Aceptaría pagar una comisión del 10% al 14% por servicio.;";¡Sí, me apuntaría en el presente o en el futuro!;"Por días.;Por semanas.;";🔴Prioridad Alta🔴;🔴Prioridad Alta🔴;🔴Prioridad Alta🔴;🔴Prioridad Alta🔴;🔴Prioridad Alta🔴;🔴Prioridad Alta🔴;🟡Prioridad Media🟡;🔴Prioridad Alta🔴;🔴Prioridad Alta🔴;🔴Prioridad Alta🔴;;"Entre $30.000 a $50.000 la hora.;Entre $50.000 a $80.000 la hora.;";"Entre $250.000 a $350.000 el día.;Desde $350.000 en adelante.;";🟡Prioridad Media🟡;🔴Prioridad Alta🔴;🟡Prioridad Media🟡;🔴Prioridad Alta🔴;🔴Prioridad Alta🔴;🔴Prioridad Alta🔴;;;;Clara;Probable - Me gustaría conocer más de la plataforma antes de entrar.;Por llamada telefónica;22;[22, 24)
2025-05-02;07:06;Acepto.;18-25;Colombia;Tunja (Boyacá);Femenino.;3 - (Medio);Soy estudiante en estudios superiores o universitario;Pregrado universitario (Grado o Licenciatura).;Únicamente los fines de semana.;"Taxis;Buses municipales;Buses intermunicipales";Por compromisos personales o familiares;No poseo licencia, y tampoco estoy interesado en obtenerla en el momento.;No;;;;;;;No;"Posibilidad de generar ingresos como propietario del vehículo;Diversidad de vehículos para rentar / arrendar;Promueve la economía colaborativa";"Posibles daños o mal uso del vehículo rentado;Desconfianza frente a clientes / personas desconocidas;Falta de regulación por parte de entidades oficiales;Posible uso de vehículos para fines no autorizados;Falta de control en la entrega o devolución del vehículo";No;;;;No;;;;;No;;;;;;;;;;;;;;;;;;;;;;;;;;¡Sí, me apuntaría en el presente o en el futuro!;"Por días.;Por horas.;";🔴Prioridad Alta🔴;🔴Prioridad Alta🔴;🔴Prioridad Alta🔴;🔴Prioridad Alta🔴;🟡Prioridad Media🟡;🟡Prioridad Media🟡;🔴Prioridad Alta🔴;🔴Prioridad Alta🔴;🟡Prioridad Media🟡;🔴Prioridad Alta🔴;;"Entre $15.000 a $30.000 la hora.;Entre $30.000 a $50.000 la hora.;";"Entre $100.000 a $150.000 el día.;";🟡Prioridad Media🟡;🟡Prioridad Media🟡;🔴Prioridad Alta🔴;🔴Prioridad Alta🔴;🔴Prioridad Alta🔴;🔴Prioridad Alta🔴;;;;Clara;Neutral - Es un buen concepto que requiere más desarrollo.;"Un chat en la plataforma;Por llamada telefónica;Por chat con asesor mediante Whatsapp;Con un chatbot (Sea por plataforma, Whatsapp, u otro medio.)";7;[6, 8)
2025-05-02;04:55;Acepto.;18-25;Colombia;Villavicencio (Meta);Femenino.;3 - (Medio);Soy estudiante en estudios superiores o universitario;Pregrado universitario (Grado o Licenciatura).;Diariamente.;"Taxis;Buses municipales;Buses intermunicipales";"Por estudio;Por compromisos personales o familiares";Poseo licencia de conducción vigente o próxima a renovar.;Sí;Muy rara vez.;Un único vehículo.;Ocasionalmente lo comparto con mi familia, amigos o conocidos.;Motocicleta;;;Sí;"Mayor flexibilidad en horarios;Mejor negociación en condiciones de arriendo;Experiencia de negocio más personalizada";"Desconfianza frente a clientes / personas desconocidas;Posibles daños o mal uso del vehículo rentado;Posible uso de vehículos para fines no autorizados";No;;;;Sí;;DiDi;"Facilidad en el acceso al servicio.;Flexibilidad para adaptarse a mis necesidades.;Tecnología fácil de utilizar (a través de plataformas digitales, aplicaciones o códigos personales / QRs).).;";"Información confusa sobre los contratos;Poca o nula seguridad para accidentes o sin atención ante riesgos";No;;;;;;;;;;;;;;;;;;;;;;;;;;¡Sí, me apuntaría en el presente o en el futuro!;"Por horas.;Por días.;";🔴Prioridad Alta🔴;🔴Prioridad Alta🔴;🔴Prioridad Alta🔴;🔴Prioridad Alta🔴;🔴Prioridad Alta🔴;🔴Prioridad Alta🔴;🔴Prioridad Alta🔴;🔴Prioridad Alta🔴;🔴Prioridad Alta🔴;🔴Prioridad Alta🔴;;"Entre $15.000 a $30.000 la hora.;";"Entre $100.000 a $150.000 el día.;";🔴Prioridad Alta🔴;🔴Prioridad Alta🔴;🔴Prioridad Alta🔴;🔴Prioridad Alta🔴;🔴Prioridad Alta🔴;🔴Prioridad Alta🔴;;;;Clara;Probable - Me gustaría conocer más de la plataforma antes de entrar.;Por chat con asesor mediante Whatsapp;4;[4, 6)
2025-05-02;08:43;Acepto.;18-25;Colombia;Bogotá D.C.;Femenino.;2 - (Bajo - Medio);"Soy estudiante en estudios superiores o universitario;Estoy desempleado";Pregrado universitario (Grado o Licenciatura).;Diariamente.;Buses municipales;Por estudio;No poseo licencia, pero estoy interesado en obtenerla pronto.;No;;;;;;;Sí;"Mayor flexibilidad en horarios;Mejor negociación en condiciones de arriendo;Diversidad de vehículos para rentar / arrendar;Promueve la economía colaborativa;Aprovechamiento de vehículos particulares inactivos";"Posibles daños o mal uso del vehículo rentado;Falta de control en la entrega o devolución del vehículo";No;;;;No;;;;;No;;;;;;;;;;;;;;;;;;;;;;;;;;¡Sí, me apuntaría en el presente o en el futuro!;"Por horas.;Por días.;";🔴Prioridad Alta🔴;🔴Prioridad Alta🔴;🔴Prioridad Alta🔴;🔴Prioridad Alta🔴;🔴Prioridad Alta🔴;🔴Prioridad Alta🔴;🟡Prioridad Media🟡;🔴Prioridad Alta🔴;🟡Prioridad Media🟡;🟡Prioridad Media🟡;;"Entre $30.000 a $50.000 la hora.;";"Entre $150.000 a $200.000 el día.;";🟡Prioridad Media🟡;🟡Prioridad Media🟡;🔴Prioridad Alta🔴;🔴Prioridad Alta🔴;🔴Prioridad Alta🔴;🔴Prioridad Alta🔴;;;;Clara;Probable - Me gustaría conocer más de la plataforma antes de entrar.;"Por llamada telefónica;Por chat con asesor mediante Whatsapp;Con un chatbot (Sea por plataforma, Whatsapp, u otro medio.)";8;[8, 10)
2025-05-02;06:02;Acepto.;26-35;Colombia;Bogotá D.C.;Masculino.;3 - (Medio);Soy freelancer / independiente;Maestría (Estudios avanzados académicos o profesionales luego del posgrado).;Únicamente entre semana.;"Taxis;Buses municipales";Por trabajo;Poseo licencia de conducción vigente o próxima a renovar.;Sí;Diariamente.;Un único vehículo.;No, es un vehículo completamente propio.;Motocicleta;;;Sí;"Mayor flexibilidad en horarios;Posibilidad de generar ingresos como propietario del vehículo;Diversidad de vehículos para rentar / arrendar;Promueve la economía colaborativa";"Posibles daños o mal uso del vehículo rentado;Desconfianza frente a clientes / personas desconocidas;Falta de regulación por parte de entidades oficiales;Posible uso de vehículos para fines no autorizados";No;;;;No;;;;;No;;;;;;;;;;;;;;;;;;;;;;;;;;¡Sí, me apuntaría en el presente o en el futuro!;"Por días.;";🔴Prioridad Alta🔴;🔴Prioridad Alta🔴;🔴Prioridad Alta🔴;🔴Prioridad Alta🔴;🔴Prioridad Alta🔴;🔴Prioridad Alta🔴;🔴Prioridad Alta🔴;🔴Prioridad Alta🔴;🔴Prioridad Alta🔴;🔴Prioridad Alta🔴;;"No me encuentro interesado en rentar por horas.;Entre $30.000 a $50.000 la hora.;";"Entre $150.000 a $200.000 el día.;";🟡Prioridad Media🟡;🟡Prioridad Media🟡;🟡Prioridad Media🟡;🔴Prioridad Alta🔴;🟡Prioridad Media🟡;🔴Prioridad Alta🔴;;;;Clara;Probable - Me gustaría conocer más de la plataforma antes de entrar.;"Un chat en la plataforma;Por chat con asesor mediante Whatsapp";6;[6, 8)
2025-05-02;03:24;Acepto.;18-25;Colombia;Fusagasuga (Cundinamarca);Masculino.;4 - (Medio Alto);Soy empleado;Pregrado universitario (Grado o Licenciatura).;Rara vez.;"Taxis;Buses municipales";Por compromisos personales o familiares;Poseo licencia de conducción vigente o próxima a renovar.;Sí;Diariamente.;Un único vehículo.;Ocasionalmente lo comparto con mi familia, amigos o conocidos.;Automóvil (carros, camionetas, entre otros);;;No;"Diversidad de vehículos para rentar / arrendar;Mayor flexibilidad en horarios";"Desconfianza frente a clientes / personas desconocidas;Posible uso de vehículos para fines no autorizados";No;;;;No;;;;;No;;;;;;;;;;;;;;;;;;;;;;;;;;¡Sí, me apuntaría en el presente o en el futuro!;"Por días.;";🔴Prioridad Alta🔴;🟡Prioridad Media🟡;🔴Prioridad Alta🔴;🟡Prioridad Media🟡;🔴Prioridad Alta🔴;🟡Prioridad Media🟡;🟡Prioridad Media🟡;🔴Prioridad Alta🔴;🟢Prioridad Baja🟢;🔴Prioridad Alta🔴;;"Entre $30.000 a $50.000 la hora.;";"Entre $100.000 a $150.000 el día.;Entre $200.000 a $250.000 el día.;";🔴Prioridad Alta🔴;🟡Prioridad Media🟡;🟡Prioridad Media🟡;🔴Prioridad Alta🔴;🔴Prioridad Alta🔴;🔴Prioridad Alta🔴;;;;Clara;Probable - Me gustaría conocer más de la plataforma antes de entrar.;Un chat en la plataforma;3;[2, 4)
2025-05-03;03:37;Acepto.;18-25;Colombia;Duitama (Boyacá);Femenino.;2 - (Bajo - Medio);Soy estudiante en estudios superiores o universitario;Secundaria media (10° a 11°, o Vocacional, o Preparatoria).;Diariamente.;"Taxis;Buses municipales;Buses intermunicipales";Por estudio;No poseo licencia, pero estoy interesado en obtenerla pronto.;No;;;;;;;Sí;Mayor flexibilidad en horarios;Posibles daños o mal uso del vehículo rentado;No;;;;No;;;;;No;;;;;;;;;;;;;;;;;;;;;;;;;;No me llama la atención, gracias.;;;;;;;;;;;;;;;;;;;;;;;;Clara;Neutral - Es un buen concepto que requiere más desarrollo.;"Por llamada telefónica;Un chat en la plataforma";3;[2, 4)
2025-05-03;12:06;Acepto.;18-25;Colombia;Duitama (Boyacá);Femenino.;3 - (Medio);Soy estudiante en estudios superiores o universitario;Secundaria media (10° a 11°, o Vocacional, o Preparatoria).;Únicamente los fines de semana.;;Por turismo;No poseo licencia, pero estoy interesado en obtenerla pronto.;No;;;;;;;No;"Promueve la economía colaborativa;Mejor negociación en condiciones de arriendo";"Posibles daños o mal uso del vehículo rentado;Desconfianza frente a clientes / personas desconocidas";No;;;;No;;;;;Sí;"Por horas.;";🔴Prioridad Alta🔴;🔴Prioridad Alta🔴;🔴Prioridad Alta🔴;🔴Prioridad Alta🔴;🔴Prioridad Alta🔴;🔴Prioridad Alta🔴;🔴Prioridad Alta🔴;🔴Prioridad Alta🔴;🔴Prioridad Alta🔴;🔴Prioridad Alta🔴;🔴Prioridad Alta🔴;🔴Prioridad Alta🔴;Que el vehículo reciba un uso correcto;"Pueda confiar en la plataforma para que me consulten, o ellos mismos acepten y denieguen un servicio que me solicitan.;";"Desde $80.000 en adelante.;";"Desde $350.000 en adelante.;";"Por transacción bancaria inmediata, una vez aprobado el servicio por mí y el cliente;En efectivo, antes de entregar el vehículo al cliente";🔴Prioridad Alta🔴;🔴Prioridad Alta🔴;🔴Prioridad Alta🔴;🔴Prioridad Alta🔴;🔴Prioridad Alta🔴;;"No estaría interesado en pagar comisión alguna.;";¡Sí, me apuntaría en el presente o en el futuro!;"Por horas.;";🔴Prioridad Alta🔴;🔴Prioridad Alta🔴;🔴Prioridad Alta🔴;🔴Prioridad Alta🔴;🔴Prioridad Alta🔴;🔴Prioridad Alta🔴;🔴Prioridad Alta🔴;🔴Prioridad Alta🔴;🔴Prioridad Alta🔴;🔴Prioridad Alta🔴;;"Desde $80.000 en adelante.;";"Desde $350.000 en adelante.;";🔴Prioridad Alta🔴;🔴Prioridad Alta🔴;🔴Prioridad Alta🔴;🔴Prioridad Alta🔴;🔴Prioridad Alta🔴;🔴Prioridad Alta🔴;;;;Clara;Probable - Me gustaría conocer más de la plataforma antes de entrar.;Por llamada telefónica;12;[12, 14)
2025-05-03;07:13;Acepto.;16-17;Colombia;Sogamoso (Boyacá);Masculino.;3 - (Medio);Soy estudiante de secundaria;Secundaria básica (6° a 9°).;Diariamente.;Buses municipales;Por estudio;No poseo licencia, y tampoco estoy interesado en obtenerla en el momento.;No;;;;;;;No;;;No;;;;No;;;;;No;;;;;;;;;;;;;;;;;;;;;;;;;;No me llama la atención, gracias.;;;;;;;;;;;;;;;;;;;;;;;;Confusa;Neutral - Es un buen concepto que requiere más desarrollo.;Un chat en la plataforma;7;[6, 8)
2025-05-03;17:06;Acepto.;36-45;Colombia;Sogamoso (Boyacá);Femenino.;3 - (Medio);Soy freelancer / independiente;Pregrado universitario (Grado o Licenciatura).;Diariamente.;"Taxis;Buses municipales;Buses intermunicipales";"Por trabajo;Por turismo";Poseo licencia de conducción vigente o próxima a renovar.;No;;;;;;;No;"Posibilidad de generar ingresos como propietario del vehículo;Aprovechamiento de vehículos particulares inactivos;Diversidad de vehículos para rentar / arrendar";"Posibles daños o mal uso del vehículo rentado;Desconfianza frente a clientes / personas desconocidas;Falta de regulación por parte de entidades oficiales;Posible uso de vehículos para fines no autorizados";No;;;;No;;;;;Sí;"Por días (cualquier día).;A disposición personal.;";🔴Prioridad Alta🔴;🔴Prioridad Alta🔴;🔴Prioridad Alta🔴;🔴Prioridad Alta🔴;🔴Prioridad Alta🔴;🟡Prioridad Media🟡;🔴Prioridad Alta🔴;🟡Prioridad Media🟡;🔴Prioridad Alta🔴;🔴Prioridad Alta🔴;🔴Prioridad Alta🔴;🔴Prioridad Alta🔴;;"Pueda confiar en la plataforma para que me consulten, o ellos mismos acepten y denieguen un servicio que me solicitan.;Pueda configurar qué tipo de solicitudes quiero recibir, para luego aceptarlas o denegarlas.;Reciba solicitudes y pueda aceptarlas o denegarlas.;";"Entre $15.000 a $30.000 la hora.;";"Entre $100.000 a $150.000 el día.;";Un respaldo con un pagaré automatizado por transferencia bancaria al finalizar el servicio por medio de Flex Drive;🔴Prioridad Alta🔴;🔴Prioridad Alta🔴;🟡Prioridad Media🟡;🔴Prioridad Alta🔴;🔴Prioridad Alta🔴;Revisar 40B;"Preferiría pagar una suscripción mensual.;";¡Sí, me apuntaría en el presente o en el futuro!;"Por días.;";🔴Prioridad Alta🔴;🔴Prioridad Alta🔴;🔴Prioridad Alta🔴;🟡Prioridad Media🟡;🔴Prioridad Alta🔴;🔴Prioridad Alta🔴;🔴Prioridad Alta🔴;🟡Prioridad Media🟡;🔴Prioridad Alta🔴;🟡Prioridad Media🟡;;"Entre $15.000 a $30.000 la hora.;";"Entre $100.000 a $150.000 el día.;";🔴Prioridad Alta🔴;🔴Prioridad Alta🔴;🟡Prioridad Media🟡;🔴Prioridad Alta🔴;🔴Prioridad Alta🔴;🔴Prioridad Alta🔴;;;;Clara;Neutral - Es un buen concepto que requiere más desarrollo.;Por llamada telefónica;17;[16, 18)
2025-05-03;13:36;Acepto.;56-65;Colombia;Duitama (Boyacá);Femenino.;2 - (Bajo - Medio);Soy estudiante de secundaria;Secundaria media (10° a 11°, o Vocacional, o Preparatoria).;Únicamente los fines de semana.;"Taxis;Buses municipales";Por compromisos personales o familiares;No poseo licencia, y tampoco estoy interesado en obtenerla en el momento.;Sí;Muy rara vez.;Un único vehículo.;No, es un vehículo completamente propio.;Automóvil (carros, camionetas, entre otros);;;Sí;"Mayor flexibilidad en horarios;Promueve la economía colaborativa;Aprovechamiento de vehículos particulares inactivos";"Posibles daños o mal uso del vehículo rentado;Posible uso de vehículos para fines no autorizados";No;;;;No;;;;;Sí;"Por días (cualquier día).;";🔴Prioridad Alta🔴;🔴Prioridad Alta🔴;🟡Prioridad Media🟡;🟡Prioridad Media🟡;🟡Prioridad Media🟡;🟢Prioridad Baja🟢;🔴Prioridad Alta🔴;🟡Prioridad Media🟡;🟡Prioridad Media🟡;🔴Prioridad Alta🔴;🔴Prioridad Alta🔴;🟡Prioridad Media🟡;;"Reciba solicitudes y pueda aceptarlas o denegarlas.;";"Entre $30.000 a $50.000 la hora.;";"Entre $150.000 a $200.000 el día.;";En efectivo, antes de entregar el vehículo al cliente;🔴Prioridad Alta🔴;🔴Prioridad Alta🔴;🟡Prioridad Media🟡;🔴Prioridad Alta🔴;🟡Prioridad Media🟡;;"Preferiría pagar una suscripción mensual.;";¡Sí, me apuntaría en el presente o en el futuro!;"Por días.;";🟡Prioridad Media🟡;🟡Prioridad Media🟡;🔴Prioridad Alta🔴;🔴Prioridad Alta🔴;🔴Prioridad Alta🔴;🔴Prioridad Alta🔴;🟡Prioridad Media🟡;🟡Prioridad Media🟡;🟡Prioridad Media🟡;🟡Prioridad Media🟡;;"Entre $15.000 a $30.000 la hora.;";"Entre $150.000 a $200.000 el día.;";🟡Prioridad Media🟡;🟡Prioridad Media🟡;🟡Prioridad Media🟡;🔴Prioridad Alta🔴;🔴Prioridad Alta🔴;🔴Prioridad Alta🔴;;;;Clara;Probable - Me gustaría conocer más de la plataforma antes de entrar.;"Por llamada telefónica;Por chat con asesor mediante Whatsapp";13;[12, 14)
2025-05-03;10:48;Acepto.;18-25;Colombia;Bogotá D.C.;Femenino.;2 - (Bajo - Medio);Soy empleado;Pregrado universitario (Grado o Licenciatura).;Diariamente.;"Otro: Servicios (informales);Buses intermunicipales";Por trabajo;No poseo licencia, y tampoco estoy interesado en obtenerla en el momento.;No;;;;;;;Sí;"Promueve la economía colaborativa;Mayor flexibilidad en horarios";"Posibles daños o mal uso del vehículo rentado;Desconfianza frente a clientes / personas desconocidas;Posible uso de vehículos para fines no autorizados";No;;;;No;;;;;Sí;"Por días (cualquier día).;";🔴Prioridad Alta🔴;🔴Prioridad Alta🔴;🔴Prioridad Alta🔴;🔴Prioridad Alta🔴;🔴Prioridad Alta🔴;🟢Prioridad Baja🟢;🔴Prioridad Alta🔴;🔴Prioridad Alta🔴;🔴Prioridad Alta🔴;🔴Prioridad Alta🔴;🔴Prioridad Alta🔴;🟡Prioridad Media🟡;;"Pueda configurar qué tipo de solicitudes quiero recibir, para luego aceptarlas o denegarlas.;";"Entre $15.000 a $30.000 la hora.;";"Entre $100.000 a $150.000 el día.;";"Por transacción bancaria inmediata, una vez aprobado el servicio por mí y el cliente;Un respaldo con un pagaré automatizado por transferencia bancaria al finalizar el servicio por medio de Flex Drive";🟡Prioridad Media🟡;🔴Prioridad Alta🔴;🟡Prioridad Media🟡;🔴Prioridad Alta🔴;🟡Prioridad Media🟡;;"Preferiría pagar una suscripción mensual.;";¡Sí, me apuntaría en el presente o en el futuro!;"Por días.;";🔴Prioridad Alta🔴;🔴Prioridad Alta🔴;🔴Prioridad Alta🔴;🔴Prioridad Alta🔴;🟡Prioridad Media🟡;🟡Prioridad Media🟡;🔴Prioridad Alta🔴;🟡Prioridad Media🟡;🟡Prioridad Media🟡;🟡Prioridad Media🟡;;"Entre $15.000 a $30.000 la hora.;";"Entre $100.000 a $150.000 el día.;";🔴Prioridad Alta🔴;🟡Prioridad Media🟡;🔴Prioridad Alta🔴;🟡Prioridad Media🟡;🟡Prioridad Media🟡;🟡Prioridad Media🟡;;;;Clara;Probable - Me gustaría conocer más de la plataforma antes de entrar.;"Por llamada telefónica;Por chat con asesor mediante Whatsapp";10;[10, 12)
2025-05-03;16:10;Acepto.;26-35;Colombia;Bogotá D.C.;Femenino.;3 - (Medio);Soy empleado;Formación Técnica o Tecnológica.;Rara vez.;"Taxis;Buses municipales";Por trabajo;Poseo licencia de conducción vigente o próxima a renovar.;Sí;Diariamente.;Un único vehículo.;Sí, es un vehículo compartido con familiares, amigos o conocidos.;Motocicleta;;;No;Posibilidad de generar ingresos como propietario del vehículo;"Posibles daños o mal uso del vehículo rentado;Desconfianza frente a clientes / personas desconocidas;Falta de control en la entrega o devolución del vehículo";No;;;;No;;;;;Sí;"Por horas.;";🔴Prioridad Alta🔴;🔴Prioridad Alta🔴;🔴Prioridad Alta🔴;🔴Prioridad Alta🔴;🔴Prioridad Alta🔴;🔴Prioridad Alta🔴;🔴Prioridad Alta🔴;🟡Prioridad Media🟡;🔴Prioridad Alta🔴;🔴Prioridad Alta🔴;🔴Prioridad Alta🔴;🔴Prioridad Alta🔴;Seguros para el conductor / arrendador;"Reciba solicitudes y pueda aceptarlas o denegarlas.;Pueda configurar qué tipo de solicitudes quiero recibir, para luego aceptarlas o denegarlas.;Pueda confiar en la plataforma para que me consulten, o ellos mismos acepten y denieguen un servicio que me solicitan.;";"Entre $15.000 a $30.000 la hora.;";"Entre $100.000 a $150.000 el día.;";En efectivo, antes de entregar el vehículo al cliente;🔴Prioridad Alta🔴;🔴Prioridad Alta🔴;🟡Prioridad Media🟡;🔴Prioridad Alta🔴;🟡Prioridad Media🟡;;"Aceptaría pagar una comisión del 4% al 9% por servicio.;";¡Sí, me apuntaría en el presente o en el futuro!;"Por horas.;";🔴Prioridad Alta🔴;🟡Prioridad Media🟡;🔴Prioridad Alta🔴;🔴Prioridad Alta🔴;🔴Prioridad Alta🔴;🔴Prioridad Alta🔴;🔴Prioridad Alta🔴;🔴Prioridad Alta🔴;🔴Prioridad Alta🔴;🔴Prioridad Alta🔴;;"Entre $15.000 a $30.000 la hora.;";"No me encuentro interesado en rentar por días.;";🔴Prioridad Alta🔴;🟡Prioridad Media🟡;🟡Prioridad Media🟡;🔴Prioridad Alta🔴;🔴Prioridad Alta🔴;🔴Prioridad Alta🔴;;;;Clara;Probable - Me gustaría conocer más de la plataforma antes de entrar.;Un chat en la plataforma;16;[16, 18)
2025-05-03;14:47;Acepto.;18-25;Colombia;Cúcuta (Norte De Santander);Femenino.;2 - (Bajo - Medio);"Soy estudiante en estudios superiores o universitario;Estoy desempleado";Pregrado universitario (Grado o Licenciatura).;Diariamente.;"Buses municipales;Buses intermunicipales";Por estudio;No poseo licencia, y tampoco estoy interesado en obtenerla en el momento.;No;;;;;;;No;"Mayor flexibilidad en horarios;Aprovechamiento de vehículos particulares inactivos";Posibles daños o mal uso del vehículo rentado;No;;;;No;;;;;Sí;"Solo los fines de semana.;";🔴Prioridad Alta🔴;🔴Prioridad Alta🔴;🔴Prioridad Alta🔴;🔴Prioridad Alta🔴;🔴Prioridad Alta🔴;🔴Prioridad Alta🔴;🔴Prioridad Alta🔴;🟡Prioridad Media🟡;🟡Prioridad Media🟡;🔴Prioridad Alta🔴;🔴Prioridad Alta🔴;🔴Prioridad Alta🔴;;"Pueda configurar qué tipo de solicitudes quiero recibir, para luego aceptarlas o denegarlas.;";"Entre $15.000 a $30.000 la hora.;";"Entre $100.000 a $150.000 el día.;Entre $150.000 a $200.000 el día.;";En efectivo, antes de entregar el vehículo al cliente;🔴Prioridad Alta🔴;🔴Prioridad Alta🔴;🔴Prioridad Alta🔴;🔴Prioridad Alta🔴;🔴Prioridad Alta🔴;;"Preferiría pagar una suscripción mensual.;";¡Sí, me apuntaría en el presente o en el futuro!;"Por semanas.;Por días.;";🔴Prioridad Alta🔴;🔴Prioridad Alta🔴;🔴Prioridad Alta🔴;🔴Prioridad Alta🔴;🔴Prioridad Alta🔴;🔴Prioridad Alta🔴;🔴Prioridad Alta🔴;🔴Prioridad Alta🔴;🔴Prioridad Alta🔴;🔴Prioridad Alta🔴;;"Entre $15.000 a $30.000 la hora.;Entre $30.000 a $50.000 la hora.;";"Entre $100.000 a $150.000 el día.;";🔴Prioridad Alta🔴;🔴Prioridad Alta🔴;🔴Prioridad Alta🔴;🔴Prioridad Alta🔴;🔴Prioridad Alta🔴;🔴Prioridad Alta🔴;;;;Clara;Muy probable - Me gustaría inscribirme en la plataforma.;"Por llamada telefónica;Por chat con asesor mediante Whatsapp";14;[14, 16)
2025-05-03;12:45;Acepto.;26-35;Colombia;Bogotá D.C.;Femenino.;3 - (Medio);Soy empleado;Pregrado universitario (Grado o Licenciatura).;Diariamente.;"Buses municipales;Taxis";"Por trabajo;Por compromisos personales o familiares";No poseo licencia, pero estoy interesado en obtenerla pronto.;No;;;;;;;No;"Mejor negociación en condiciones de arriendo;Posibilidad de generar ingresos como propietario del vehículo;Experiencia de negocio más personalizada;Aprovechamiento de vehículos particulares inactivos";"Posibles daños o mal uso del vehículo rentado;Falta de regulación por parte de entidades oficiales;Posible uso de vehículos para fines no autorizados;Falta de control en la entrega o devolución del vehículo";No;;;;No;;;;;Sí;"Solo durante semana (lunes a viernes).;A disposición personal.;";🔴Prioridad Alta🔴;🔴Prioridad Alta🔴;🔴Prioridad Alta🔴;🔴Prioridad Alta🔴;🔴Prioridad Alta🔴;🟡Prioridad Media🟡;🔴Prioridad Alta🔴;🟡Prioridad Media🟡;🟡Prioridad Media🟡;🔴Prioridad Alta🔴;🔴Prioridad Alta🔴;🟡Prioridad Media🟡;;"Reciba solicitudes y pueda aceptarlas o denegarlas.;Pueda configurar qué tipo de solicitudes quiero recibir, para luego aceptarlas o denegarlas.;";"Entre $15.000 a $30.000 la hora.;";"Entre $200.000 a $250.000 el día.;";Un respaldo con un pagaré automatizado por transferencia bancaria al finalizar el servicio por medio de Flex Drive;🟡Prioridad Media🟡;🔴Prioridad Alta🔴;🟡Prioridad Media🟡;🔴Prioridad Alta🔴;🟡Prioridad Media🟡;;"Aceptaría pagar una comisión del 4% al 9% por servicio.;";¡Sí, me apuntaría en el presente o en el futuro!;"Por días.;";🔴Prioridad Alta🔴;🟡Prioridad Media🟡;🔴Prioridad Alta🔴;🔴Prioridad Alta🔴;🔴Prioridad Alta🔴;🟡Prioridad Media🟡;🔴Prioridad Alta🔴;🔴Prioridad Alta🔴;🟢Prioridad Baja🟢;🟡Prioridad Media🟡;;"Entre $15.000 a $30.000 la hora.;";"Entre $200.000 a $250.000 el día.;";🟡Prioridad Media🟡;🔴Prioridad Alta🔴;🟡Prioridad Media🟡;🔴Prioridad Alta🔴;🔴Prioridad Alta🔴;🔴Prioridad Alta🔴;;;;Clara;Probable - Me gustaría conocer más de la plataforma antes de entrar.;"Un chat en la plataforma;Por llamada telefónica;Por chat con asesor mediante Whatsapp;Con un chatbot (Sea por plataforma, Whatsapp, u otro medio.)";12;[12, 14)
2025-05-03;07:45;Acepto.;26-35;Colombia;Bogotá D.C.;Femenino.;2 - (Bajo - Medio);Soy empleado;Especialización o Diplomado de Posgrado (estudios posteriores con enfoque técnico o profesional).;Diariamente.;"Buses municipales;Buses intermunicipales;SITP";Por trabajo;No poseo licencia, pero estoy interesado en obtenerla pronto.;No;;;;;;;No;"Mayor flexibilidad en horarios;Mejor negociación en condiciones de arriendo;Diversidad de vehículos para rentar / arrendar;Promueve la economía colaborativa;Aprovechamiento de vehículos particulares inactivos";"Posibles daños o mal uso del vehículo rentado;Falta de control en la entrega o devolución del vehículo;Falta de regulación por parte de entidades oficiales";No;;;;No;;;;;Sí;"Por días (cualquier día).;A disposición personal.;";🔴Prioridad Alta🔴;🔴Prioridad Alta🔴;🔴Prioridad Alta🔴;🔴Prioridad Alta🔴;🔴Prioridad Alta🔴;🔴Prioridad Alta🔴;🟡Prioridad Media🟡;🔴Prioridad Alta🔴;🔴Prioridad Alta🔴;🔴Prioridad Alta🔴;🔴Prioridad Alta🔴;🔴Prioridad Alta🔴;;"Reciba solicitudes y pueda aceptarlas o denegarlas.;Pueda configurar qué tipo de solicitudes quiero recibir, para luego aceptarlas o denegarlas.;";"No me encuentro interesado en rentar por horas.;";"No me encuentro interesado en rentar por días.;";"En efectivo, antes de entregar el vehículo al cliente;Por transacción bancaria inmediata, una vez aprobado el servicio por mí y el cliente";🔴Prioridad Alta🔴;🔴Prioridad Alta🔴;🔴Prioridad Alta🔴;🔴Prioridad Alta🔴;🔴Prioridad Alta🔴;;"Aceptaría pagar una comisión del 4% al 9% por servicio.;";¡Sí, me apuntaría en el presente o en el futuro!;"Por exclusividad con el propietario.;";🔴Prioridad Alta🔴;🔴Prioridad Alta🔴;🔴Prioridad Alta🔴;🔴Prioridad Alta🔴;🔴Prioridad Alta🔴;🔴Prioridad Alta🔴;🔴Prioridad Alta🔴;🔴Prioridad Alta🔴;🔴Prioridad Alta🔴;🔴Prioridad Alta🔴;;"Entre $15.000 a $30.000 la hora.;";"Entre $100.000 a $150.000 el día.;";🔴Prioridad Alta🔴;🔴Prioridad Alta🔴;🔴Prioridad Alta🔴;🔴Prioridad Alta🔴;🔴Prioridad Alta🔴;🔴Prioridad Alta🔴;;;;Clara;Probable - Me gustaría conocer más de la plataforma antes de entrar.;"Un chat en la plataforma;Por chat con asesor mediante Whatsapp";7;[6, 8)
2025-05-03;02:21;Acepto.;18-25;Colombia;Duitama (Boyacá);Femenino.;3 - (Medio);Soy estudiante en estudios superiores o universitario;Pregrado universitario (Grado o Licenciatura).;Únicamente los fines de semana.;"Taxis;Buses municipales;Buses intermunicipales";"Por estudio;Por compromisos personales o familiares";No poseo licencia, pero estoy interesado en obtenerla pronto.;No;;;;;;;Sí;Aprovechamiento de vehículos particulares inactivos;Desconfianza frente a clientes / personas desconocidas;No;;;;No;;;;;No;;;;;;;;;;;;;;;;;;;;;;;;;;No me llama la atención, gracias.;;;;;;;;;;;;;;;;;;;;;;;;Clara;Muy probable - Me gustaría inscribirme en la plataforma.;Con un chatbot (Sea por plataforma, Whatsapp, u otro medio.);2;[2, 4)
2025-05-03;10:12;Acepto.;18-25;Colombia;Bogotá D.C.;Masculino.;4 - (Medio Alto);Soy empleado;Pregrado universitario (Grado o Licenciatura).;Diariamente.;"Buses municipales;SITP";"Por trabajo;Por compromisos personales o familiares";No poseo licencia, pero estoy interesado en obtenerla pronto.;No;;;;;;;Sí;"Aprovechamiento de vehículos particulares inactivos;Promueve la economía colaborativa;Experiencia de negocio más personalizada;Diversidad de vehículos para rentar / arrendar;Posibilidad de generar ingresos como propietario del vehículo";"Falta de regulación por parte de entidades oficiales;Posibles daños o mal uso del vehículo rentado;Falta de control en la entrega o devolución del vehículo";No;;;;No;;;;;Sí;"Solo los fines de semana.;";🔴Prioridad Alta🔴;🟡Prioridad Media🟡;🔴Prioridad Alta🔴;🔴Prioridad Alta🔴;🔴Prioridad Alta🔴;🔴Prioridad Alta🔴;🔴Prioridad Alta🔴;🟡Prioridad Media🟡;🟢Prioridad Baja🟢;🔴Prioridad Alta🔴;🔴Prioridad Alta🔴;🟡Prioridad Media🟡;;"Pueda configurar qué tipo de solicitudes quiero recibir, para luego aceptarlas o denegarlas.;Pueda confiar en la plataforma para que me consulten, o ellos mismos acepten y denieguen un servicio que me solicitan.;";"Entre $15.000 a $30.000 la hora.;Entre $30.000 a $50.000 la hora.;";"Entre $150.000 a $200.000 el día.;Entre $200.000 a $250.000 el día.;";"En efectivo, antes de entregar el vehículo al cliente;Por transacción bancaria inmediata, una vez aprobado el servicio por mí y el cliente;Un respaldo con un pagaré automatizado por transferencia bancaria al finalizar el servicio por medio de Flex Drive";🔴Prioridad Alta🔴;🔴Prioridad Alta🔴;🟢Prioridad Baja🟢;🟡Prioridad Media🟡;🟡Prioridad Media🟡;;"Aceptaría pagar una comisión del 4% al 9% por servicio.;";¡Sí, me apuntaría en el presente o en el futuro!;"Por semanas.;";🔴Prioridad Alta🔴;🟡Prioridad Media🟡;🔴Prioridad Alta🔴;🔴Prioridad Alta🔴;🟡Prioridad Media🟡;🟢Prioridad Baja🟢;🔴Prioridad Alta🔴;🟢Prioridad Baja🟢;🔴Prioridad Alta🔴;🟢Prioridad Baja🟢;;"Entre $15.000 a $30.000 la hora.;";"Entre $100.000 a $150.000 el día.;";🟢Prioridad Baja🟢;🔴Prioridad Alta🔴;🟡Prioridad Media🟡;🔴Prioridad Alta🔴;🔴Prioridad Alta🔴;🔴Prioridad Alta🔴;;;;Clara;Probable - Me gustaría conocer más de la plataforma antes de entrar.;"Un chat en la plataforma;Por chat con asesor mediante Whatsapp";10;[10, 12)
2025-05-03;20:05;Acepto.;36-45;Colombia;Bogotá D.C.;Femenino.;4 - (Medio Alto);Soy empleado;Pregrado universitario (Grado o Licenciatura).;Rara vez.;Otro: Plataformas digitales de transporte (servicios privados);Por trabajo;Poseo licencia de conducción vigente o próxima a renovar.;Sí;Solo durante fines de semana.;Varios vehículos.;;;"No, son vehículos completamente propios.;";"Scooter;";No;Aprovechamiento de vehículos particulares inactivos;Falta de control en la entrega o devolución del vehículo;No;;;;No;;;;;No;;;;;;;;;;;;;;;;;;;;;;;;;;No me llama la atención, gracias.;;;;;;;;;;;;;;;;;;;;;;;;Clara;Neutral - Es un buen concepto que requiere más desarrollo.;Por llamada telefónica;20;[20, 22)
2025-05-03;10:40;Acepto.;18-25;México;;Femenino.;4 - (Medio Alto);Soy estudiante en estudios superiores o universitario;Pregrado universitario (Grado o Licenciatura).;Rara vez.;"Taxis;Buses municipales";"Por estudio;Por compromisos personales o familiares;Por turismo";No poseo licencia, pero estoy interesado en obtenerla pronto.;No;;;;;;;Sí;"Diversidad de vehículos para rentar / arrendar;Mayor flexibilidad en horarios;Promueve la economía colaborativa";"Posibles daños o mal uso del vehículo rentado;Desconfianza frente a clientes / personas desconocidas";No;;;;No;;;;;Sí;"A disposición personal.;";🔴Prioridad Alta🔴;🟡Prioridad Media🟡;🔴Prioridad Alta🔴;🔴Prioridad Alta🔴;🟡Prioridad Media🟡;🟡Prioridad Media🟡;🟡Prioridad Media🟡;🟡Prioridad Media🟡;🔴Prioridad Alta🔴;🟡Prioridad Media🟡;🔴Prioridad Alta🔴;🟡Prioridad Media🟡;;"Reciba solicitudes y pueda aceptarlas o denegarlas.;";"Entre $30.000 a $50.000 la hora.;Entre $15.000 a $30.000 la hora.;";"Entre $200.000 a $250.000 el día.;Entre $250.000 a $350.000 el día.;";"Por transacción bancaria inmediata, una vez aprobado el servicio por mí y el cliente;En efectivo, antes de entregar el vehículo al cliente";🟡Prioridad Media🟡;🟡Prioridad Media🟡;🔴Prioridad Alta🔴;🔴Prioridad Alta🔴;🟢Prioridad Baja🟢;;"Preferiría pagar una suscripción mensual.;";¡Sí, me apuntaría en el presente o en el futuro!;"Por días.;";🟡Prioridad Media🟡;🔴Prioridad Alta🔴;🔴Prioridad Alta🔴;🟡Prioridad Media🟡;🟡Prioridad Media🟡;🔴Prioridad Alta🔴;🟡Prioridad Media🟡;🔴Prioridad Alta🔴;🔴Prioridad Alta🔴;🔴Prioridad Alta🔴;;"Entre $30.000 a $50.000 la hora.;Entre $50.000 a $80.000 la hora.;";"Entre $200.000 a $250.000 el día.;Entre $250.000 a $350.000 el día.;";🔴Prioridad Alta🔴;🟡Prioridad Media🟡;🔴Prioridad Alta🔴;🟡Prioridad Media🟡;🔴Prioridad Alta🔴;🟡Prioridad Media🟡;;;;Clara;Muy probable - Me gustaría inscribirme en la plataforma.;"Un chat en la plataforma;Por chat con asesor mediante Whatsapp";10;[10, 12)
2025-05-03;03:38;Acepto.;18-25;Colombia;Tunja (Boyacá);Masculino.;3 - (Medio);Soy estudiante en estudios superiores o universitario;Pregrado universitario (Grado o Licenciatura).;Únicamente entre semana.;"Taxis;Buses municipales;Buses intermunicipales";Por estudio;Poseo licencia de conducción vigente o próxima a renovar.;Sí;Solo durante fines de semana.;Un único vehículo.;No, es un vehículo completamente propio.;Motocicleta;;;Sí;Posibilidad de generar ingresos como propietario del vehículo;Falta de control en la entrega o devolución del vehículo;No;;;;No;;;;;No;;;;;;;;;;;;;;;;;;;;;;;;;;No me llama la atención, gracias.;;;;;;;;;;;;;;;;;;;;;;;;Clara;Probable - Me gustaría conocer más de la plataforma antes de entrar.;Por chat con asesor mediante Whatsapp;3;[2, 4)
2025-05-03;03:25;Acepto.;36-45;Colombia;Bogotá D.C.;Femenino.;3 - (Medio);Soy empleado;Pregrado universitario (Grado o Licenciatura).;Diariamente.;Buses municipales;Por trabajo;Poseo licencia de conducción vigente o próxima a renovar.;No;;;;;;;Sí;Mayor flexibilidad en horarios;"Desconfianza frente a clientes / personas desconocidas;Falta de regulación por parte de entidades oficiales";No;;;;Sí;;;"Rapidez en los tiempos de respuesta.;";Lentitud en tiempos de atención y respuesta;Sí;"Por horas.;";🔴Prioridad Alta🔴;🔴Prioridad Alta🔴;🔴Prioridad Alta🔴;🔴Prioridad Alta🔴;🔴Prioridad Alta🔴;🔴Prioridad Alta🔴;🔴Prioridad Alta🔴;🔴Prioridad Alta🔴;🔴Prioridad Alta🔴;🔴Prioridad Alta🔴;🔴Prioridad Alta🔴;🔴Prioridad Alta🔴;;"Pueda configurar qué tipo de solicitudes quiero recibir, para luego aceptarlas o denegarlas.;";"Entre $15.000 a $30.000 la hora.;";"Entre $100.000 a $150.000 el día.;";En efectivo, cuando el cliente devuelve el vehículo;🔴Prioridad Alta🔴;🔴Prioridad Alta🔴;🔴Prioridad Alta🔴;🔴Prioridad Alta🔴;🔴Prioridad Alta🔴;;"No estaría interesado en pagar comisión alguna.;";No me llama la atención, gracias.;;;;;;;;;;;;;;;;;;;;;;;;Clara;Probable - Me gustaría conocer más de la plataforma antes de entrar.;Un chat en la plataforma;3;[2, 4)
2025-05-03;09:41;Acepto.;18-25;Colombia;Tunja (Boyacá);Masculino.;3 - (Medio);"Soy estudiante en estudios superiores o universitario;Soy freelancer / independiente";Pregrado universitario (Grado o Licenciatura).;Únicamente entre semana.;"Taxis;Buses municipales;Buses intermunicipales";"Por estudio;Por compromisos personales o familiares";No poseo licencia, pero estoy interesado en obtenerla pronto.;No;;;;;;;Sí;"Posibilidad de generar ingresos como propietario del vehículo;Promueve la economía colaborativa;Aprovechamiento de vehículos particulares inactivos;Otros: Acceso a un vehículo sin poseerlo";"Posibles daños o mal uso del vehículo rentado;Desconfianza frente a clientes / personas desconocidas";No;;;;No;;;;;Sí;"Por días (cualquier día).;";🟡Prioridad Media🟡;🔴Prioridad Alta🔴;🔴Prioridad Alta🔴;🟡Prioridad Media🟡;🟢Prioridad Baja🟢;🟢Prioridad Baja🟢;🟡Prioridad Media🟡;🟡Prioridad Media🟡;🟡Prioridad Media🟡;🔴Prioridad Alta🔴;🔴Prioridad Alta🔴;🟢Prioridad Baja🟢;;"Reciba solicitudes y pueda aceptarlas o denegarlas.;Pueda confiar en la plataforma para que me consulten, o ellos mismos acepten y denieguen un servicio que me solicitan.;";"Entre $15.000 a $30.000 la hora.;";"Entre $100.000 a $150.000 el día.;";"En efectivo, antes de entregar el vehículo al cliente;Por transacción bancaria inmediata, una vez aprobado el servicio por mí y el cliente";🟡Prioridad Media🟡;🔴Prioridad Alta🔴;🟢Prioridad Baja🟢;🔴Prioridad Alta🔴;🟡Prioridad Media🟡;;"No estaría interesado en pagar comisión alguna.;Aceptaría pagar una comisión del 4% al 9% por servicio.;";¡Sí, me apuntaría en el presente o en el futuro!;"Por días.;";🔴Prioridad Alta🔴;🟡Prioridad Media🟡;🟡Prioridad Media🟡;🔴Prioridad Alta🔴;🟡Prioridad Media🟡;🟡Prioridad Media🟡;🔴Prioridad Alta🔴;🟡Prioridad Media🟡;🟢Prioridad Baja🟢;🟢Prioridad Baja🟢;;"No me encuentro interesado en rentar por horas.;";"Entre $100.000 a $150.000 el día.;";🟢Prioridad Baja🟢;🟢Prioridad Baja🟢;🟢Prioridad Baja🟢;🔴Prioridad Alta🔴;🔴Prioridad Alta🔴;🟡Prioridad Media🟡;;;;Clara;Probable - Me gustaría conocer más de la plataforma antes de entrar.;"Por llamada telefónica;Por chat con asesor mediante Whatsapp;Un chat en la plataforma";9;[8, 10)
2025-05-03;04:52;Acepto.;18-25;Colombia;Tunja (Boyacá);Femenino.;3 - (Medio);Soy estudiante en estudios superiores o universitario;Pregrado universitario (Grado o Licenciatura).;Rara vez.;Buses municipales;"Por estudio;Por compromisos personales o familiares";Poseo licencia de conducción vigente o próxima a renovar.;Sí;Diariamente.;Un único vehículo.;Sí, es un vehículo compartido con familiares, amigos o conocidos.;Automóvil (carros, camionetas, entre otros);;;No;"Posibilidad de generar ingresos como propietario del vehículo;Aprovechamiento de vehículos particulares inactivos";"Posibles daños o mal uso del vehículo rentado;Desconfianza frente a clientes / personas desconocidas;Posible uso de vehículos para fines no autorizados;Falta de control en la entrega o devolución del vehículo";No;;;;No;;;;;No;;;;;;;;;;;;;;;;;;;;;;;;;;No me llama la atención, gracias.;;;;;;;;;;;;;;;;;;;;;;;;Clara;Improbable - Es un buen concepto con difícil ejecución.;"Por chat con asesor mediante Whatsapp;Con un chatbot (Sea por plataforma, Whatsapp, u otro medio.)";4;[4, 6)
2025-05-03;19:46;Acepto.;18-25;Colombia;Tunja (Boyacá);Femenino.;4 - (Medio Alto);Soy estudiante en estudios superiores o universitario;Pregrado universitario (Grado o Licenciatura).;Rara vez.;"Taxis;Buses intermunicipales";"Por estudio;Por compromisos personales o familiares";No poseo licencia, pero estoy interesado en obtenerla pronto.;No;;;;;;;Sí;"Mayor flexibilidad en horarios;Mejor negociación en condiciones de arriendo;Posibilidad de generar ingresos como propietario del vehículo;Diversidad de vehículos para rentar / arrendar;Promueve la economía colaborativa;Aprovechamiento de vehículos particulares inactivos";"Posible uso de vehículos para fines no autorizados;Posibles daños o mal uso del vehículo rentado;Falta de regulación por parte de entidades oficiales";No;;;;No;;;;;Sí;"Por horas.;Por días (cualquier día).;";🔴Prioridad Alta🔴;🔴Prioridad Alta🔴;🟡Prioridad Media🟡;🔴Prioridad Alta🔴;🟡Prioridad Media🟡;🔴Prioridad Alta🔴;🟡Prioridad Media🟡;🟡Prioridad Media🟡;🟡Prioridad Media🟡;🟡Prioridad Media🟡;🔴Prioridad Alta🔴;🟡Prioridad Media🟡;;"Reciba solicitudes y pueda aceptarlas o denegarlas.;";"Entre $30.000 a $50.000 la hora.;";"Entre $200.000 a $250.000 el día.;";"Por transacción bancaria inmediata, una vez aprobado el servicio por mí y el cliente;En efectivo, antes de entregar el vehículo al cliente;Por transacción bancaria inmediata, al finalizar el servicio";🟡Prioridad Media🟡;🔴Prioridad Alta🔴;🟡Prioridad Media🟡;🔴Prioridad Alta🔴;🟡Prioridad Media🟡;;"Aceptaría pagar una comisión del 4% al 9% por servicio.;Preferiría pagar una suscripción mensual.;";¡Sí, me apuntaría en el presente o en el futuro!;"Por días.;Por horas.;";🔴Prioridad Alta🔴;🟡Prioridad Media🟡;🔴Prioridad Alta🔴;🔴Prioridad Alta🔴;🔴Prioridad Alta🔴;🟡Prioridad Media🟡;🟡Prioridad Media🟡;🟡Prioridad Media🟡;🟡Prioridad Media🟡;🔴Prioridad Alta🔴;;"Entre $15.000 a $30.000 la hora.;Entre $30.000 a $50.000 la hora.;";"Entre $100.000 a $150.000 el día.;Entre $150.000 a $200.000 el día.;";🟡Prioridad Media🟡;🟡Prioridad Media🟡;🟡Prioridad Media🟡;🔴Prioridad Alta🔴;🔴Prioridad Alta🔴;🔴Prioridad Alta🔴;;;;Clara;Neutral - Es un buen concepto que requiere más desarrollo.;"Por llamada telefónica;Por chat con asesor mediante Whatsapp";19;[18, 20)
2025-05-03;23:38;Acepto.;18-25;Colombia;Tunja (Boyacá);Femenino.;3 - (Medio);Soy estudiante en estudios superiores o universitario;Pregrado universitario (Grado o Licenciatura).;Rara vez.;Buses municipales;"Por estudio;Por compromisos personales o familiares;Por turismo";No poseo licencia, pero estoy interesado en obtenerla pronto.;No;;;;;;;No;"Posibilidad de generar ingresos como propietario del vehículo;Aprovechamiento de vehículos particulares inactivos";"Posibles daños o mal uso del vehículo rentado;Posible uso de vehículos para fines no autorizados";No;;;;No;;;;;Sí;"A disposición personal.;";🔴Prioridad Alta🔴;🔴Prioridad Alta🔴;🔴Prioridad Alta🔴;🔴Prioridad Alta🔴;🔴Prioridad Alta🔴;🟡Prioridad Media🟡;🟡Prioridad Media🟡;🔴Prioridad Alta🔴;🟡Prioridad Media🟡;🟡Prioridad Media🟡;🔴Prioridad Alta🔴;🟡Prioridad Media🟡;;"Reciba solicitudes y pueda aceptarlas o denegarlas.;Pueda confiar en la plataforma para que me consulten, o ellos mismos acepten y denieguen un servicio que me solicitan.;";"Entre $15.000 a $30.000 la hora.;";"Entre $100.000 a $150.000 el día.;";Por transacción bancaria inmediata, una vez aprobado el servicio por mí y el cliente;🔴Prioridad Alta🔴;🔴Prioridad Alta🔴;🟡Prioridad Media🟡;🟡Prioridad Media🟡;🔴Prioridad Alta🔴;;"Preferiría pagar una suscripción mensual.;";¡Sí, me apuntaría en el presente o en el futuro!;"Por exclusividad con el propietario.;";🔴Prioridad Alta🔴;🟡Prioridad Media🟡;🔴Prioridad Alta🔴;🔴Prioridad Alta🔴;🔴Prioridad Alta🔴;🟡Prioridad Media🟡;🟢Prioridad Baja🟢;🔴Prioridad Alta🔴;🔴Prioridad Alta🔴;🟡Prioridad Media🟡;;"Entre $15.000 a $30.000 la hora.;";"Entre $100.000 a $150.000 el día.;";🟡Prioridad Media🟡;🟡Prioridad Media🟡;🟡Prioridad Media🟡;🔴Prioridad Alta🔴;🔴Prioridad Alta🔴;🔴Prioridad Alta🔴;;;;Clara;Muy probable - Me gustaría inscribirme en la plataforma.;Por llamada telefónica;23;[22, 24)
2025-05-03;40:13;Acepto.;18-25;Colombia;Tunja (Boyacá);Femenino.;3 - (Medio);Soy estudiante en estudios superiores o universitario;Pregrado universitario (Grado o Licenciatura).;Únicamente entre semana.;"Taxis;Buses municipales";"Por estudio;Por compromisos personales o familiares";No poseo licencia, pero estoy interesado en obtenerla pronto.;No;;;;;;;No;Posibilidad de generar ingresos como propietario del vehículo;Posibles daños o mal uso del vehículo rentado;No;;;;No;;;;;No;;;;;;;;;;;;;;;;;;;;;;;;;;No me llama la atención, gracias.;;;;;;;;;;;;;;;;;;;;;;;;Clara;Neutral - Es un buen concepto que requiere más desarrollo.;"Un chat en la plataforma;Con un chatbot (Sea por plataforma, Whatsapp, u otro medio.)";40;[40, 42)
2025-05-04;06:27;Acepto.;26-35;Colombia;Tunja (Boyacá);Femenino.;4 - (Medio Alto);"Soy estudiante en estudios superiores o universitario;Soy empleado";Pregrado universitario (Grado o Licenciatura).;Rara vez.;Buses municipales;Por compromisos personales o familiares;No poseo licencia, y tampoco estoy interesado en obtenerla en el momento.;No;;;;;;;Sí;"Posibilidad de generar ingresos como propietario del vehículo;Aprovechamiento de vehículos particulares inactivos";"Posibles daños o mal uso del vehículo rentado;Desconfianza frente a clientes / personas desconocidas;Posible uso de vehículos para fines no autorizados;Falta de control en la entrega o devolución del vehículo";No;;;;No;;;;;No;;;;;;;;;;;;;;;;;;;;;;;;;;¡Sí, me apuntaría en el presente o en el futuro!;"Por días.;Por semanas.;";🔴Prioridad Alta🔴;🔴Prioridad Alta🔴;🔴Prioridad Alta🔴;🔴Prioridad Alta🔴;🔴Prioridad Alta🔴;🔴Prioridad Alta🔴;🔴Prioridad Alta🔴;🔴Prioridad Alta🔴;🟡Prioridad Media🟡;🔴Prioridad Alta🔴;;"No me encuentro interesado en rentar por horas.;";"Entre $100.000 a $150.000 el día.;";🔴Prioridad Alta🔴;🔴Prioridad Alta🔴;🔴Prioridad Alta🔴;🔴Prioridad Alta🔴;🔴Prioridad Alta🔴;🔴Prioridad Alta🔴;🔴Prioridad Alta🔴;🔴Prioridad Alta🔴;;Confusa;Neutral - Es un buen concepto que requiere más desarrollo.;"Por chat con asesor mediante Whatsapp;Un chat en la plataforma";6;[6, 8)
2025-05-04;08:23;Acepto.;26-35;Colombia;Tunja (Boyacá);Masculino.;3 - (Medio);Soy empleado;Secundaria media (10° a 11°, o Vocacional, o Preparatoria).;Diariamente.;Taxis;Por trabajo;Poseo licencia de conducción vigente o próxima a renovar.;No;;;;;;;No;"Mejor negociación en condiciones de arriendo;Posibilidad de generar ingresos como propietario del vehículo;Diversidad de vehículos para rentar / arrendar";"Posibles daños o mal uso del vehículo rentado;Falta de regulación por parte de entidades oficiales;Posible uso de vehículos para fines no autorizados";No;;;;No;;;;;Sí;"Solo durante semana (lunes a viernes).;";🔴Prioridad Alta🔴;🔴Prioridad Alta🔴;🟡Prioridad Media🟡;🔴Prioridad Alta🔴;🔴Prioridad Alta🔴;🟡Prioridad Media🟡;🔴Prioridad Alta🔴;🔴Prioridad Alta🔴;🟡Prioridad Media🟡;🔴Prioridad Alta🔴;🔴Prioridad Alta🔴;🔴Prioridad Alta🔴;;"Reciba solicitudes y pueda aceptarlas o denegarlas.;Pueda configurar qué tipo de solicitudes quiero recibir, para luego aceptarlas o denegarlas.;Pueda confiar en la plataforma para que me consulten, o ellos mismos acepten y denieguen un servicio que me solicitan.;";"No me encuentro interesado en rentar por horas.;";"No me encuentro interesado en rentar por días.;";En efectivo, antes de entregar el vehículo al cliente;🔴Prioridad Alta🔴;🔴Prioridad Alta🔴;🟡Prioridad Media🟡;🔴Prioridad Alta🔴;🟡Prioridad Media🟡;;"Aceptaría pagar una comisión del 4% al 9% por servicio.;";¡Sí, me apuntaría en el presente o en el futuro!;"Por semanas.;";🔴Prioridad Alta🔴;🟡Prioridad Media🟡;🔴Prioridad Alta🔴;🟡Prioridad Media🟡;🟡Prioridad Media🟡;🟡Prioridad Media🟡;🔴Prioridad Alta🔴;🔴Prioridad Alta🔴;🟡Prioridad Media🟡;🔴Prioridad Alta🔴;;"Entre $15.000 a $30.000 la hora.;";"Entre $100.000 a $150.000 el día.;";🟡Prioridad Media🟡;🟡Prioridad Media🟡;🟡Prioridad Media🟡;🔴Prioridad Alta🔴;🔴Prioridad Alta🔴;🔴Prioridad Alta🔴;🔴Prioridad Alta🔴;🔴Prioridad Alta🔴;;Confusa;Neutral - Es un buen concepto que requiere más desarrollo.;"Un chat en la plataforma;Por chat con asesor mediante Whatsapp;Con un chatbot (Sea por plataforma, Whatsapp, u otro medio.)";8;[8, 10)
2025-05-04;91:06;Acepto.;26-35;Colombia;Tunja (Boyacá);Femenino.;4 - (Medio Alto);Soy empleado;Especialización o Diplomado de Posgrado (estudios posteriores con enfoque técnico o profesional).;Únicamente entre semana.;"Buses intermunicipales;SITP;Otro: Plataformas digitales de transporte (servicios privados)";Por trabajo;Poseo licencia de conducción vigente o próxima a renovar.;Sí;Diariamente.;Un único vehículo.;Sí, es un vehículo compartido con familiares, amigos o conocidos.;Automóvil (carros, camionetas, entre otros);;;Sí;"Diversidad de vehículos para rentar / arrendar;Aprovechamiento de vehículos particulares inactivos";"Posibles daños o mal uso del vehículo rentado;Falta de regulación por parte de entidades oficiales";No;;;;Sí;;"Yango;Uber";"Facilidad en el acceso al servicio.;Rapidez en los tiempos de respuesta.;Acompañamiento y buen trato durante el proceso.;";;No;;;;;;;;;;;;;;;;;;;;;;;;;;¡Sí, me apuntaría en el presente o en el futuro!;"Por horas.;";🔴Prioridad Alta🔴;🔴Prioridad Alta🔴;🔴Prioridad Alta🔴;🔴Prioridad Alta🔴;🟡Prioridad Media🟡;🔴Prioridad Alta🔴;🟡Prioridad Media🟡;🟡Prioridad Media🟡;🟡Prioridad Media🟡;🔴Prioridad Alta🔴;;"Entre $50.000 a $80.000 la hora.;";"Entre $200.000 a $250.000 el día.;";🟢Prioridad Baja🟢;🟡Prioridad Media🟡;🟡Prioridad Media🟡;🟡Prioridad Media🟡;🟡Prioridad Media🟡;🟡Prioridad Media🟡;🟡Prioridad Media🟡;🟡Prioridad Media🟡;;Clara;Probable - Me gustaría conocer más de la plataforma antes de entrar.;"Un chat en la plataforma;Por correo electrónico";91;
2025-05-04;10:50;Acepto.;36-45;Colombia;Tunja (Boyacá);Femenino.;3 - (Medio);Soy freelancer / independiente;Especialización o Diplomado de Posgrado (estudios posteriores con enfoque técnico o profesional).;Diariamente.;Buses municipales;Por trabajo;Poseo licencia de conducción vigente o próxima a renovar.;Sí;Solo durante fines de semana.;Un único vehículo.;Sí, es un vehículo compartido con familiares, amigos o conocidos.;Automóvil (carros, camionetas, entre otros);;;No;"Mayor flexibilidad en horarios;Diversidad de vehículos para rentar / arrendar";"Posibles daños o mal uso del vehículo rentado;Falta de regulación por parte de entidades oficiales;Posible uso de vehículos para fines no autorizados";No;;;;Sí;;"Uber;DiDi";"Facilidad en el acceso al servicio.;Rapidez en los tiempos de respuesta.;Acompañamiento y buen trato durante el proceso.;Flexibilidad para adaptarse a mis necesidades.;Tecnología fácil de utilizar (a través de plataformas digitales, aplicaciones o códigos personales / QRs).).;";;No;;;;;;;;;;;;;;;;;;;;;;;;;;¡Sí, me apuntaría en el presente o en el futuro!;"Por horas.;";🔴Prioridad Alta🔴;🔴Prioridad Alta🔴;🔴Prioridad Alta🔴;🔴Prioridad Alta🔴;🔴Prioridad Alta🔴;🔴Prioridad Alta🔴;🟡Prioridad Media🟡;🟡Prioridad Media🟡;🔴Prioridad Alta🔴;🔴Prioridad Alta🔴;;"Entre $15.000 a $30.000 la hora.;";"No me encuentro interesado en rentar por días.;";🟡Prioridad Media🟡;🔴Prioridad Alta🔴;🔴Prioridad Alta🔴;🔴Prioridad Alta🔴;🔴Prioridad Alta🔴;🟡Prioridad Media🟡;🔴Prioridad Alta🔴;🔴Prioridad Alta🔴;;Clara;Muy probable - Me gustaría inscribirme en la plataforma.;Un chat en la plataforma;10;[10, 12)
2025-05-04;08:34;Acepto.;18-25;Colombia;Tunja (Boyacá);Masculino.;4 - (Medio Alto);Soy estudiante en estudios superiores o universitario;Secundaria media (10° a 11°, o Vocacional, o Preparatoria).;Diariamente.;"Taxis;Buses municipales";Por estudio;Poseo licencia de conducción vigente o próxima a renovar.;No;;;;;;;Sí;"Mejor negociación en condiciones de arriendo;Diversidad de vehículos para rentar / arrendar;Aprovechamiento de vehículos particulares inactivos";"Posibles daños o mal uso del vehículo rentado;Desconfianza frente a clientes / personas desconocidas;Falta de regulación por parte de entidades oficiales;Posible uso de vehículos para fines no autorizados";No;;;;No;;;;;Sí;"Solo durante semana (lunes a viernes).;";🔴Prioridad Alta🔴;🟡Prioridad Media🟡;🔴Prioridad Alta🔴;🔴Prioridad Alta🔴;🔴Prioridad Alta🔴;🔴Prioridad Alta🔴;🔴Prioridad Alta🔴;🟡Prioridad Media🟡;🔴Prioridad Alta🔴;🔴Prioridad Alta🔴;🔴Prioridad Alta🔴;🔴Prioridad Alta🔴;;"Pueda configurar qué tipo de solicitudes quiero recibir, para luego aceptarlas o denegarlas.;Pueda confiar en la plataforma para que me consulten, o ellos mismos acepten y denieguen un servicio que me solicitan.;Reciba solicitudes y pueda aceptarlas o denegarlas.;";"Entre $15.000 a $30.000 la hora.;";"Entre $150.000 a $200.000 el día.;";"Un respaldo con un pagaré automatizado por transferencia bancaria al finalizar el servicio por medio de Flex Drive;En efectivo, antes de entregar el vehículo al cliente;Por transacción bancaria inmediata, una vez aprobado el servicio por mí y el cliente";🟡Prioridad Media🟡;🔴Prioridad Alta🔴;🟡Prioridad Media🟡;🔴Prioridad Alta🔴;🟡Prioridad Media🟡;Obligatoriedad del Seguro todo riesgo (lo paga el arrendador);"No estaría interesado en pagar comisión alguna.;";¡Sí, me apuntaría en el presente o en el futuro!;"Por meses.;";🔴Prioridad Alta🔴;🟡Prioridad Media🟡;🔴Prioridad Alta🔴;🔴Prioridad Alta🔴;🟡Prioridad Media🟡;🟡Prioridad Media🟡;🟡Prioridad Media🟡;🟡Prioridad Media🟡;🔴Prioridad Alta🔴;🟡Prioridad Media🟡;;"Entre $15.000 a $30.000 la hora.;";"Entre $150.000 a $200.000 el día.;";🟢Prioridad Baja🟢;🟡Prioridad Media🟡;🟡Prioridad Media🟡;🔴Prioridad Alta🔴;🔴Prioridad Alta🔴;🟡Prioridad Media🟡;🟡Prioridad Media🟡;🔴Prioridad Alta🔴;;Clara;Probable - Me gustaría conocer más de la plataforma antes de entrar.;"Un chat en la plataforma;Por llamada telefónica;Con un chatbot (Sea por plataforma, Whatsapp, u otro medio.)";8;[8, 10)
2025-05-04;33:17;Acepto.;18-25;Colombia;Tunja (Boyacá);Masculino.;3 - (Medio);Soy estudiante en estudios superiores o universitario;Pregrado universitario (Grado o Licenciatura).;Diariamente.;"Taxis;Buses municipales;Otro: Plataformas digitales de transporte (servicios privados)";Por estudio;Poseo licencia de conducción vigente o próxima a renovar.;Sí;Diariamente.;Un único vehículo.;Ocasionalmente lo comparto con mi familia, amigos o conocidos.;Automóvil (carros, camionetas, entre otros);;;Sí;"Posibilidad de generar ingresos como propietario del vehículo;Mayor flexibilidad en horarios;Mejor negociación en condiciones de arriendo;Experiencia de negocio más personalizada";"Posibles daños o mal uso del vehículo rentado;Desconfianza frente a clientes / personas desconocidas;Falta de regulación por parte de entidades oficiales;Posible uso de vehículos para fines no autorizados";No;;;;No;;;;;No;;;;;;;;;;;;;;;;;;;;;;;;;;¡Sí, me apuntaría en el presente o en el futuro!;"Por horas.;Por días.;Por semanas.;";🔴Prioridad Alta🔴;🟡Prioridad Media🟡;🔴Prioridad Alta🔴;🔴Prioridad Alta🔴;🟢Prioridad Baja🟢;🟡Prioridad Media🟡;🔴Prioridad Alta🔴;🔴Prioridad Alta🔴;🟡Prioridad Media🟡;🟡Prioridad Media🟡;"Revisar 49H;Otro: Logística de Apoyo Legal para infracciones";"Entre $30.000 a $50.000 la hora.;";"Entre $150.000 a $200.000 el día.;";🟢Prioridad Baja🟢;🟡Prioridad Media🟡;🔴Prioridad Alta🔴;🔴Prioridad Alta🔴;🔴Prioridad Alta🔴;🔴Prioridad Alta🔴;🟡Prioridad Media🟡;🔴Prioridad Alta🔴;"Revisar 49H;Otro: El vehículo viene tanqueado";Clara;Neutral - Es un buen concepto que requiere más desarrollo.;"Un chat en la plataforma;Por chat con asesor mediante Whatsapp";33;[32, 34)
2025-05-04;11:57;Acepto.;36-45;Colombia;Duitama (Boyacá);Femenino.;3 - (Medio);"Soy freelancer / independiente;Estoy desempleado";Formación Técnica o Tecnológica.;Rara vez.;"Buses municipales;Taxis";"Por trabajo;Por compromisos personales o familiares";No poseo licencia, y tampoco estoy interesado en obtenerla en el momento.;No;;;;;;;No;;;No;;;;No;;;;;No;;;;;;;;;;;;;;;;;;;;;;;;;;No me llama la atención, gracias.;;;;;;;;;;;;;;;;;;;;;;;;Clara;Neutral - Es un buen concepto que requiere más desarrollo.;"Un chat en la plataforma;Con un chatbot (Sea por plataforma, Whatsapp, u otro medio.)";11;[10, 12)
2025-05-05;04:52;Acepto.;56-65;Colombia;Yopal (Casanare);Masculino.;4 - (Medio Alto);Soy freelancer / independiente;Especialización o Diplomado de Posgrado (estudios posteriores con enfoque técnico o profesional).;Rara vez.;"Taxis;Buses intermunicipales;SITP";"Por compromisos personales o familiares;Por turismo";No poseo licencia, y tampoco estoy interesado en obtenerla en el momento.;Sí;Diariamente.;Varios vehículos.;;;"No, son vehículos completamente propios.;";"Automóvil (carros, camionetas, entre otros);";Sí;Diversidad de vehículos para rentar / arrendar;"Falta de regulación por parte de entidades oficiales;Posibles daños o mal uso del vehículo rentado";No;;;;Sí;;;;Lentitud en tiempos de atención y respuesta;No;;;;;;;;;;;;;;;;;;;;;;;;;;No me llama la atención, gracias.;;;;;;;;;;;;;;;;;;;;;;;;Clara;Neutral - Es un buen concepto que requiere más desarrollo.;Por chat con asesor mediante Whatsapp;4;[4, 6)
2025-05-05;05:21;Acepto.;26-35;Colombia;Yopal (Casanare);Femenino.;3 - (Medio);Soy empleado;Especialización o Diplomado de Posgrado (estudios posteriores con enfoque técnico o profesional).;Rara vez.;"Taxis;Buses municipales";Por trabajo;Poseo licencia de conducción vigente o próxima a renovar.;Sí;Diariamente.;Un único vehículo.;No, es un vehículo completamente propio.;Automóvil (carros, camionetas, entre otros);;;No;Diversidad de vehículos para rentar / arrendar;"Posible uso de vehículos para fines no autorizados;Falta de regulación por parte de entidades oficiales";No;;;;Sí;;Localiza;"Rapidez en los tiempos de respuesta.;Transparencia en la información brindada.;";"Trato poco profesional o desinteresado;Información confusa sobre los contratos";Sí;"Solo los fines de semana.;";🔴Prioridad Alta🔴;🔴Prioridad Alta🔴;🟢Prioridad Baja🟢;🟢Prioridad Baja🟢;🟢Prioridad Baja🟢;🟢Prioridad Baja🟢;🟢Prioridad Baja🟢;🟢Prioridad Baja🟢;🔴Prioridad Alta🔴;🟢Prioridad Baja🟢;🟢Prioridad Baja🟢;🟢Prioridad Baja🟢;;"Pueda configurar qué tipo de solicitudes quiero recibir, para luego aceptarlas o denegarlas.;";"Entre $30.000 a $50.000 la hora.;";"Entre $150.000 a $200.000 el día.;";En efectivo, cuando el cliente devuelve el vehículo;🔴Prioridad Alta🔴;🔴Prioridad Alta🔴;🔴Prioridad Alta🔴;🔴Prioridad Alta🔴;🔴Prioridad Alta🔴;;"No estaría interesado en pagar comisión alguna.;";¡Sí, me apuntaría en el presente o en el futuro!;"Por semanas.;";🔴Prioridad Alta🔴;🔴Prioridad Alta🔴;🔴Prioridad Alta🔴;🔴Prioridad Alta🔴;🔴Prioridad Alta🔴;🔴Prioridad Alta🔴;🔴Prioridad Alta🔴;🔴Prioridad Alta🔴;🔴Prioridad Alta🔴;🔴Prioridad Alta🔴;;"Entre $30.000 a $50.000 la hora.;";"Entre $150.000 a $200.000 el día.;";🔴Prioridad Alta🔴;🔴Prioridad Alta🔴;🔴Prioridad Alta🔴;🔴Prioridad Alta🔴;🔴Prioridad Alta🔴;🔴Prioridad Alta🔴;🔴Prioridad Alta🔴;🔴Prioridad Alta🔴;;Clara;Probable - Me gustaría conocer más de la plataforma antes de entrar.;Por correo electrónico;5;[4, 6)
2025-05-05;22:07;Acepto.;46-55;Colombia;Yopal (Casanare);Femenino.;4 - (Medio Alto);Soy empleado;Pregrado universitario (Grado o Licenciatura).;Rara vez.;"Taxis;Buses municipales;Buses intermunicipales";Por trabajo;Poseo licencia de conducción vigente o próxima a renovar.;Sí;Diariamente.;Un único vehículo.;Sí, es un vehículo compartido con familiares, amigos o conocidos.;Motocicleta;;;No;Experiencia de negocio más personalizada;Posible uso de vehículos para fines no autorizados;No;;;;No;;;;;Sí;"Por horas.;";🔴Prioridad Alta🔴;🔴Prioridad Alta🔴;🔴Prioridad Alta🔴;🔴Prioridad Alta🔴;🔴Prioridad Alta🔴;🔴Prioridad Alta🔴;🔴Prioridad Alta🔴;🔴Prioridad Alta🔴;🟡Prioridad Media🟡;🔴Prioridad Alta🔴;🔴Prioridad Alta🔴;🔴Prioridad Alta🔴;;"Reciba solicitudes y pueda aceptarlas o denegarlas.;Pueda confiar en la plataforma para que me consulten, o ellos mismos acepten y denieguen un servicio que me solicitan.;Pueda configurar qué tipo de solicitudes quiero recibir, para luego aceptarlas o denegarlas.;";"Entre $15.000 a $30.000 la hora.;";"Entre $100.000 a $150.000 el día.;";"En efectivo, antes de entregar el vehículo al cliente;Por transacción bancaria inmediata, una vez aprobado el servicio por mí y el cliente";🔴Prioridad Alta🔴;🔴Prioridad Alta🔴;🔴Prioridad Alta🔴;🔴Prioridad Alta🔴;🔴Prioridad Alta🔴;;"Preferiría pagar una suscripción mensual.;";¡Sí, me apuntaría en el presente o en el futuro!;"Por días.;";🔴Prioridad Alta🔴;🔴Prioridad Alta🔴;🔴Prioridad Alta🔴;🔴Prioridad Alta🔴;🔴Prioridad Alta🔴;🔴Prioridad Alta🔴;🔴Prioridad Alta🔴;🔴Prioridad Alta🔴;🔴Prioridad Alta🔴;🔴Prioridad Alta🔴;;"Entre $15.000 a $30.000 la hora.;";"Entre $100.000 a $150.000 el día.;";🟡Prioridad Media🟡;🟡Prioridad Media🟡;🔴Prioridad Alta🔴;🔴Prioridad Alta🔴;🟡Prioridad Media🟡;🔴Prioridad Alta🔴;🔴Prioridad Alta🔴;🔴Prioridad Alta🔴;;Clara;Probable - Me gustaría conocer más de la plataforma antes de entrar.;"Un chat en la plataforma;Por llamada telefónica;Por correo electrónico;Por chat con asesor mediante Whatsapp";22;[22, 24)
2025-05-05;08:11;Acepto.;46-55;Colombia;Yopal (Casanare);Masculino.;3 - (Medio);Soy freelancer / independiente;Especialización o Diplomado de Posgrado (estudios posteriores con enfoque técnico o profesional).;Rara vez.;"Taxis;Buses intermunicipales;SITP";Por compromisos personales o familiares;Poseo licencia de conducción vigente o próxima a renovar.;Sí;Diariamente.;Un único vehículo.;Ocasionalmente lo comparto con mi familia, amigos o conocidos.;Automóvil (carros, camionetas, entre otros);;;No;"Mayor flexibilidad en horarios;Mejor negociación en condiciones de arriendo;Posibilidad de generar ingresos como propietario del vehículo;Diversidad de vehículos para rentar / arrendar;Aprovechamiento de vehículos particulares inactivos";"Posibles daños o mal uso del vehículo rentado;Desconfianza frente a clientes / personas desconocidas;Posible uso de vehículos para fines no autorizados";No;;;;Sí;;;"Facilidad en el acceso al servicio.;Rapidez en los tiempos de respuesta.;Tecnología fácil de utilizar (a través de plataformas digitales, aplicaciones o códigos personales / QRs).).;";;No;;;;;;;;;;;;;;;;;;;;;;;;;;No me llama la atención, gracias.;;;;;;;;;;;;;;;;;;;;;;;;Clara;Neutral - Es un buen concepto que requiere más desarrollo.;Por chat con asesor mediante Whatsapp;8;[8, 10)
2025-05-05;11:00;Acepto.;16-17;Colombia;Yopal (Casanare);Femenino.;4 - (Medio Alto);Soy estudiante de secundaria;Secundaria media (10° a 11°, o Vocacional, o Preparatoria).;Diariamente.;Taxis;Por estudio;Poseo licencia de conducción vigente o próxima a renovar.;No;;;;;;;Sí;"Mayor flexibilidad en horarios;Diversidad de vehículos para rentar / arrendar;Aprovechamiento de vehículos particulares inactivos";"Posibles daños o mal uso del vehículo rentado;Posible uso de vehículos para fines no autorizados;Falta de control en la entrega o devolución del vehículo";No;;;;No;;;;;Sí;"Por horas.;Por días (cualquier día).;A disposición personal.;";🔴Prioridad Alta🔴;🟢Prioridad Baja🟢;🟡Prioridad Media🟡;🔴Prioridad Alta🔴;🔴Prioridad Alta🔴;🔴Prioridad Alta🔴;🔴Prioridad Alta🔴;🟡Prioridad Media🟡;🔴Prioridad Alta🔴;🔴Prioridad Alta🔴;🔴Prioridad Alta🔴;🔴Prioridad Alta🔴;;"Pueda confiar en la plataforma para que me consulten, o ellos mismos acepten y denieguen un servicio que me solicitan.;";"Entre $30.000 a $50.000 la hora.;";"Entre $150.000 a $200.000 el día.;";Por transacción bancaria inmediata, una vez aprobado el servicio por mí y el cliente;🟡Prioridad Media🟡;🔴Prioridad Alta🔴;🔴Prioridad Alta🔴;🔴Prioridad Alta🔴;🟡Prioridad Media🟡;;"Aceptaría pagar una comisión del 4% al 9% por servicio.;";¡Sí, me apuntaría en el presente o en el futuro!;"Por horas.;Por días.;";🔴Prioridad Alta🔴;🟡Prioridad Media🟡;🔴Prioridad Alta🔴;🔴Prioridad Alta🔴;🟡Prioridad Media🟡;🟡Prioridad Media🟡;🔴Prioridad Alta🔴;🔴Prioridad Alta🔴;🟡Prioridad Media🟡;🔴Prioridad Alta🔴;;"Entre $15.000 a $30.000 la hora.;";"Entre $150.000 a $200.000 el día.;";🔴Prioridad Alta🔴;🟡Prioridad Media🟡;🟡Prioridad Media🟡;🔴Prioridad Alta🔴;🔴Prioridad Alta🔴;🔴Prioridad Alta🔴;🔴Prioridad Alta🔴;🔴Prioridad Alta🔴;;Clara;Probable - Me gustaría conocer más de la plataforma antes de entrar.;Un chat en la plataforma;11;[10, 12)
2025-05-05;17:45;Acepto.;46-55;Colombia;Yopal (Casanare);Masculino.;4 - (Medio Alto);Soy empresario;Especialización o Diplomado de Posgrado (estudios posteriores con enfoque técnico o profesional).;Rara vez.;"Taxis;SITP";"Por compromisos personales o familiares;Por trabajo";Poseo licencia de conducción vigente o próxima a renovar.;Sí;Diariamente.;Un único vehículo.;Ocasionalmente lo comparto con mi familia, amigos o conocidos.;Automóvil (carros, camionetas, entre otros);;;No;"Aprovechamiento de vehículos particulares inactivos;Posibilidad de generar ingresos como propietario del vehículo";"Desconfianza frente a clientes / personas desconocidas;Posible uso de vehículos para fines no autorizados";No;;;;Sí;;Hertz;"Tecnología fácil de utilizar (a través de plataformas digitales, aplicaciones o códigos personales / QRs).).;Rapidez en los tiempos de respuesta.;";"Información confusa sobre los contratos;Poca o nula seguridad para accidentes o sin atención ante riesgos";No;;;;;;;;;;;;;;;;;;;;;;;;;;¡Sí, me apuntaría en el presente o en el futuro!;"Por días.;";🟡Prioridad Media🟡;🟢Prioridad Baja🟢;🟢Prioridad Baja🟢;🟢Prioridad Baja🟢;🟡Prioridad Media🟡;🟢Prioridad Baja🟢;🟢Prioridad Baja🟢;🟡Prioridad Media🟡;🟢Prioridad Baja🟢;🟢Prioridad Baja🟢;Revisar 45F;"Entre $30.000 a $50.000 la hora.;";"Entre $150.000 a $200.000 el día.;";🟡Prioridad Media🟡;🔴Prioridad Alta🔴;🔴Prioridad Alta🔴;🟡Prioridad Media🟡;🟡Prioridad Media🟡;🔴Prioridad Alta🔴;🔴Prioridad Alta🔴;🔴Prioridad Alta🔴;Revisar 49I;Clara;Probable - Me gustaría conocer más de la plataforma antes de entrar.;"Un chat en la plataforma;Por llamada telefónica";17;[16, 18)
2025-05-05;10:28;Acepto.;46-55;Colombia;Yopal (Casanare);Prefiero no decir.;3 - (Medio);Soy empleado;Especialización o Diplomado de Posgrado (estudios posteriores con enfoque técnico o profesional).;Rara vez.;Taxis;"Por trabajo;Por compromisos personales o familiares";Poseo licencia de conducción vigente o próxima a renovar.;Sí;Diariamente.;Un único vehículo.;Sí, es un vehículo compartido con familiares, amigos o conocidos.;Automóvil (carros, camionetas, entre otros);;;No;"Mayor flexibilidad en horarios;Aprovechamiento de vehículos particulares inactivos;Diversidad de vehículos para rentar / arrendar";"Posibles daños o mal uso del vehículo rentado;Desconfianza frente a clientes / personas desconocidas;Falta de regulación por parte de entidades oficiales";No;;;;Sí;;Alamo;"Facilidad en el acceso al servicio.;Rapidez en los tiempos de respuesta.;Transparencia en la información brindada.;Flexibilidad para adaptarse a mis necesidades.;Tecnología fácil de utilizar (a través de plataformas digitales, aplicaciones o códigos personales / QRs).).;";;No;;;;;;;;;;;;;;;;;;;;;;;;;;¡Sí, me apuntaría en el presente o en el futuro!;"Por horas.;Por días.;Por semanas.;Por meses.;";🔴Prioridad Alta🔴;🔴Prioridad Alta🔴;🔴Prioridad Alta🔴;🔴Prioridad Alta🔴;🔴Prioridad Alta🔴;🔴Prioridad Alta🔴;🔴Prioridad Alta🔴;🔴Prioridad Alta🔴;🔴Prioridad Alta🔴;🔴Prioridad Alta🔴;;"Entre $15.000 a $30.000 la hora.;";"Entre $100.000 a $150.000 el día.;";🔴Prioridad Alta🔴;🔴Prioridad Alta🔴;🔴Prioridad Alta🔴;🔴Prioridad Alta🔴;🔴Prioridad Alta🔴;🔴Prioridad Alta🔴;🔴Prioridad Alta🔴;🔴Prioridad Alta🔴;;Clara;Muy probable - Me gustaría inscribirme en la plataforma.;"Un chat en la plataforma;Por llamada telefónica;Por correo electrónico";10;[10, 12)
2025-05-05;07:57;Acepto.;46-55;Colombia;Bucaramanga (Santander);Masculino.;3 - (Medio);Soy freelancer / independiente;Especialización o Diplomado de Posgrado (estudios posteriores con enfoque técnico o profesional).;Rara vez.;"Taxis;Otro: Plataformas digitales de transporte (servicios privados)";"Por trabajo;Por turismo;Por compromisos personales o familiares";Poseo licencia de conducción vigente o próxima a renovar.;Sí;Diariamente.;Un único vehículo.;No, es un vehículo completamente propio.;Automóvil (carros, camionetas, entre otros);;;No;Diversidad de vehículos para rentar / arrendar;Posibles daños o mal uso del vehículo rentado;No;;;;No;;;;;No;;;;;;;;;;;;;;;;;;;;;;;;;;¡Sí, me apuntaría en el presente o en el futuro!;"Por días.;";🟡Prioridad Media🟡;🔴Prioridad Alta🔴;🟡Prioridad Media🟡;🟡Prioridad Media🟡;🔴Prioridad Alta🔴;🔴Prioridad Alta🔴;🔴Prioridad Alta🔴;🔴Prioridad Alta🔴;🔴Prioridad Alta🔴;🔴Prioridad Alta🔴;;"Entre $15.000 a $30.000 la hora.;";"Entre $150.000 a $200.000 el día.;";🔴Prioridad Alta🔴;🔴Prioridad Alta🔴;🟡Prioridad Media🟡;🔴Prioridad Alta🔴;🔴Prioridad Alta🔴;🔴Prioridad Alta🔴;🔴Prioridad Alta🔴;🔴Prioridad Alta🔴;;Clara;Probable - Me gustaría conocer más de la plataforma antes de entrar.;Por correo electrónico;7;[6, 8)
2025-05-05;13:09;Acepto.;46-55;Colombia;Bogotá D.C.;Masculino.;3 - (Medio);Soy empleado;Especialización o Diplomado de Posgrado (estudios posteriores con enfoque técnico o profesional).;Diariamente.;"Taxis;SITP;Otro: Plataformas digitales de transporte (servicios privados)";Por trabajo;Poseo licencia de conducción vigente o próxima a renovar.;No;;;;;;;Sí;"Mejor negociación en condiciones de arriendo;Posibilidad de generar ingresos como propietario del vehículo;Diversidad de vehículos para rentar / arrendar";"Posibles daños o mal uso del vehículo rentado;Desconfianza frente a clientes / personas desconocidas;Falta de regulación por parte de entidades oficiales;Posible uso de vehículos para fines no autorizados";No;;;;No;;;;;No;;;;;;;;;;;;;;;;;;;;;;;;;;No me llama la atención, gracias.;;;;;;;;;;;;;;;;;;;;;;;;Confusa;Neutral - Es un buen concepto que requiere más desarrollo.;Por chat con asesor mediante Whatsapp;13;[12, 14)
2025-05-05;12:09;Acepto.;36-45;Colombia;Yopal (Casanare);Masculino.;3 - (Medio);"Estoy desempleado;Soy estudiante en estudios superiores o universitario";Pregrado universitario (Grado o Licenciatura).;Rara vez.;"Taxis;Buses municipales;Buses intermunicipales";"Por compromisos personales o familiares;Por trabajo";Poseo licencia de conducción vigente o próxima a renovar.;Sí;Diariamente.;Un único vehículo.;No, es un vehículo completamente propio.;Motocicleta;;;No;Posibilidad de generar ingresos como propietario del vehículo;Posibles daños o mal uso del vehículo rentado;No;;;;No;;;;;Sí;"Por días (cualquier día).;";🔴Prioridad Alta🔴;🔴Prioridad Alta🔴;🔴Prioridad Alta🔴;🔴Prioridad Alta🔴;🔴Prioridad Alta🔴;🔴Prioridad Alta🔴;🔴Prioridad Alta🔴;🔴Prioridad Alta🔴;🟡Prioridad Media🟡;🔴Prioridad Alta🔴;🔴Prioridad Alta🔴;🔴Prioridad Alta🔴;;"Pueda configurar qué tipo de solicitudes quiero recibir, para luego aceptarlas o denegarlas.;";"Entre $50.000 a $80.000 la hora.;";"Desde $350.000 en adelante.;";Un respaldo con un pagaré automatizado por transferencia bancaria al finalizar el servicio por medio de Flex Drive;🔴Prioridad Alta🔴;🟡Prioridad Media🟡;🔴Prioridad Alta🔴;🟡Prioridad Media🟡;🔴Prioridad Alta🔴;;"Preferiría pagar una suscripción mensual.;";¡Sí, me apuntaría en el presente o en el futuro!;"Por días.;";🔴Prioridad Alta🔴;🔴Prioridad Alta🔴;🔴Prioridad Alta🔴;🔴Prioridad Alta🔴;🔴Prioridad Alta🔴;🔴Prioridad Alta🔴;🔴Prioridad Alta🔴;🔴Prioridad Alta🔴;🔴Prioridad Alta🔴;🔴Prioridad Alta🔴;;"Entre $30.000 a $50.000 la hora.;";"Desde $350.000 en adelante.;";🔴Prioridad Alta🔴;🟡Prioridad Media🟡;🔴Prioridad Alta🔴;🔴Prioridad Alta🔴;🔴Prioridad Alta🔴;🔴Prioridad Alta🔴;🔴Prioridad Alta🔴;🔴Prioridad Alta🔴;;Clara;Probable - Me gustaría conocer más de la plataforma antes de entrar.;"Por chat con asesor mediante Whatsapp;Un chat en la plataforma";12;[12, 14)
2025-05-05;07:10;Acepto.;46-55;Colombia;Tunja (Boyacá);Masculino.;2 - (Bajo - Medio);Soy empleado;Pregrado universitario (Grado o Licenciatura).;Únicamente entre semana.;"Buses intermunicipales;Buses municipales";"Por trabajo;Por compromisos personales o familiares";Poseo licencia de conducción vigente o próxima a renovar.;Sí;Diariamente.;Un único vehículo.;No, es un vehículo completamente propio.;Automóvil (carros, camionetas, entre otros);;;Sí;Posibilidad de generar ingresos como propietario del vehículo;"Posibles daños o mal uso del vehículo rentado;Desconfianza frente a clientes / personas desconocidas;Posible uso de vehículos para fines no autorizados";No;;;;No;;;;;No;;;;;;;;;;;;;;;;;;;;;;;;;;No me llama la atención, gracias.;;;;;;;;;;;;;;;;;;;;;;;;Clara;Neutral - Es un buen concepto que requiere más desarrollo.;Con un chatbot (Sea por plataforma, Whatsapp, u otro medio.);7;[6, 8)
2025-05-05;04:31;Acepto.;36-45;Colombia;Bogotá D.C.;Masculino.;3 - (Medio);Soy empleado;Especialización o Diplomado de Posgrado (estudios posteriores con enfoque técnico o profesional).;Rara vez.;Otro: Plataformas digitales de transporte (servicios privados);Por trabajo;Poseo licencia de conducción vigente o próxima a renovar.;Sí;Solo durante fines de semana.;Un único vehículo.;Ocasionalmente lo comparto con mi familia, amigos o conocidos.;Automóvil (carros, camionetas, entre otros);;;No;;"Desconfianza frente a clientes / personas desconocidas;Posibles daños o mal uso del vehículo rentado;Posible uso de vehículos para fines no autorizados;Falta de control en la entrega o devolución del vehículo";No;;;;No;;;;;No;;;;;;;;;;;;;;;;;;;;;;;;;;No me llama la atención, gracias.;;;;;;;;;;;;;;;;;;;;;;;;Clara;Neutral - Es un buen concepto que requiere más desarrollo.;"Por chat con asesor mediante Whatsapp;Un chat en la plataforma";4;[4, 6)
2025-05-05;13:17;Acepto.;46-55;Colombia;Yopal (Casanare);Masculino.;2 - (Bajo - Medio);Soy freelancer / independiente;Pregrado universitario (Grado o Licenciatura).;Rara vez.;"Buses municipales;Buses intermunicipales";Por compromisos personales o familiares;Poseo licencia de conducción vigente o próxima a renovar.;No;;;;;;;No;;;No;;;;Sí;;Localiza;"Flexibilidad para adaptarse a mis necesidades.;";Costos elevados en comparación con lo esperado;No;;;;;;;;;;;;;;;;;;;;;;;;;;¡Sí, me apuntaría en el presente o en el futuro!;"Por días.;";🔴Prioridad Alta🔴;🔴Prioridad Alta🔴;🔴Prioridad Alta🔴;🔴Prioridad Alta🔴;🔴Prioridad Alta🔴;🔴Prioridad Alta🔴;🔴Prioridad Alta🔴;🔴Prioridad Alta🔴;🔴Prioridad Alta🔴;🔴Prioridad Alta🔴;;"No me encuentro interesado en rentar por horas.;";"Entre $100.000 a $150.000 el día.;";🔴Prioridad Alta🔴;🔴Prioridad Alta🔴;🔴Prioridad Alta🔴;🔴Prioridad Alta🔴;🔴Prioridad Alta🔴;🔴Prioridad Alta🔴;🔴Prioridad Alta🔴;🔴Prioridad Alta🔴;;Clara;Muy probable - Me gustaría inscribirme en la plataforma.;"Un chat en la plataforma;Por chat con asesor mediante Whatsapp;Con un chatbot (Sea por plataforma, Whatsapp, u otro medio.)";13;[12, 14)
2025-05-05;11:41;Acepto.;46-55;Colombia;Bucaramanga (Santander);Masculino.;3 - (Medio);Soy empleado;Especialización o Diplomado de Posgrado (estudios posteriores con enfoque técnico o profesional).;Únicamente los fines de semana.;Taxis;Por trabajo;Poseo licencia de conducción vigente o próxima a renovar.;Sí;Solo entre semana laboral.;Un único vehículo.;Sí, es un vehículo compartido con familiares, amigos o conocidos.;Automóvil (carros, camionetas, entre otros);;;No;Posibilidad de generar ingresos como propietario del vehículo;"Posibles daños o mal uso del vehículo rentado;Posible uso de vehículos para fines no autorizados;Falta de control en la entrega o devolución del vehículo";No;;;;Sí;;;"Facilidad en el acceso al servicio.;Transparencia en la información brindada.;Flexibilidad para adaptarse a mis necesidades.;";"Dificultad para solicitar o acceder al servicio;Lentitud en tiempos de atención y respuesta;Trato poco profesional o desinteresado;Información confusa sobre los contratos;Costos elevados en comparación con lo esperado;Falta de información en el servicio o vehículo a recibir;Poca o nula seguridad para accidentes o sin atención ante riesgos";Sí;"Solo los fines de semana.;";🔴Prioridad Alta🔴;🔴Prioridad Alta🔴;🔴Prioridad Alta🔴;🔴Prioridad Alta🔴;🔴Prioridad Alta🔴;🔴Prioridad Alta🔴;🔴Prioridad Alta🔴;🔴Prioridad Alta🔴;🔴Prioridad Alta🔴;🔴Prioridad Alta🔴;🔴Prioridad Alta🔴;🔴Prioridad Alta🔴;;"Reciba solicitudes y pueda aceptarlas o denegarlas.;Pueda configurar qué tipo de solicitudes quiero recibir, para luego aceptarlas o denegarlas.;Pueda confiar en la plataforma para que me consulten, o ellos mismos acepten y denieguen un servicio que me solicitan.;";"Entre $30.000 a $50.000 la hora.;";"Desde $350.000 en adelante.;";"Por transacción bancaria inmediata, una vez aprobado el servicio por mí y el cliente;Un respaldo con un pagaré automatizado por transferencia bancaria al finalizar el servicio por medio de Flex Drive";🔴Prioridad Alta🔴;🔴Prioridad Alta🔴;🔴Prioridad Alta🔴;🔴Prioridad Alta🔴;🔴Prioridad Alta🔴;;"Aceptaría pagar una comisión del 4% al 9% por servicio.;";¡Sí, me apuntaría en el presente o en el futuro!;"Por días.;Por horas.;";🔴Prioridad Alta🔴;🔴Prioridad Alta🔴;🔴Prioridad Alta🔴;🔴Prioridad Alta🔴;🔴Prioridad Alta🔴;🔴Prioridad Alta🔴;🔴Prioridad Alta🔴;🔴Prioridad Alta🔴;🔴Prioridad Alta🔴;🔴Prioridad Alta🔴;;"Entre $30.000 a $50.000 la hora.;";"Desde $350.000 en adelante.;";🔴Prioridad Alta🔴;🔴Prioridad Alta🔴;🔴Prioridad Alta🔴;🔴Prioridad Alta🔴;🔴Prioridad Alta🔴;🔴Prioridad Alta🔴;🔴Prioridad Alta🔴;🔴Prioridad Alta🔴;;Clara;Probable - Me gustaría conocer más de la plataforma antes de entrar.;Un chat en la plataforma;11;[10, 12)
2025-05-05;08:44;Acepto.;46-55;Colombia;Bogotá D.C.;Masculino.;4 - (Medio Alto);Soy empresario;Especialización o Diplomado de Posgrado (estudios posteriores con enfoque técnico o profesional).;Únicamente los fines de semana.;"Taxis;Buses municipales;Buses intermunicipales;SITP";"Por trabajo;Por compromisos personales o familiares";Poseo licencia de conducción vigente o próxima a renovar.;Sí;Solo entre semana laboral.;Varios vehículos.;;;"Sí, ocasionalmente comparto otros vehículos con familiares, amigos, conocidos o por negocios.;";"Automóvil (carros, camionetas, entre otros);";No;"Aprovechamiento de vehículos particulares inactivos;Promueve la economía colaborativa";"Desconfianza frente a clientes / personas desconocidas;Falta de regulación por parte de entidades oficiales";No;;;;Sí;;Localiza;"Seguridad durante los procesos del servicio.;Tecnología fácil de utilizar (a través de plataformas digitales, aplicaciones o códigos personales / QRs).).;";"Dificultad para solicitar o acceder al servicio;Costos elevados en comparación con lo esperado";Sí;"Por horas.;";🔴Prioridad Alta🔴;🔴Prioridad Alta🔴;🔴Prioridad Alta🔴;🔴Prioridad Alta🔴;🔴Prioridad Alta🔴;🔴Prioridad Alta🔴;🔴Prioridad Alta🔴;🔴Prioridad Alta🔴;🔴Prioridad Alta🔴;🔴Prioridad Alta🔴;🔴Prioridad Alta🔴;🔴Prioridad Alta🔴;;"Reciba solicitudes y pueda aceptarlas o denegarlas.;";"Entre $30.000 a $50.000 la hora.;";"Entre $250.000 a $350.000 el día.;";Por transacción bancaria inmediata, una vez aprobado el servicio por mí y el cliente;🟡Prioridad Media🟡;🔴Prioridad Alta🔴;🔴Prioridad Alta🔴;🔴Prioridad Alta🔴;🔴Prioridad Alta🔴;;"Preferiría pagar una suscripción mensual.;";¡Sí, me apuntaría en el presente o en el futuro!;"Por días.;";🔴Prioridad Alta🔴;🔴Prioridad Alta🔴;🔴Prioridad Alta🔴;🔴Prioridad Alta🔴;🔴Prioridad Alta🔴;🔴Prioridad Alta🔴;🔴Prioridad Alta🔴;🔴Prioridad Alta🔴;🔴Prioridad Alta🔴;🔴Prioridad Alta🔴;;"Entre $30.000 a $50.000 la hora.;";"Entre $250.000 a $350.000 el día.;";🟡Prioridad Media🟡;🟡Prioridad Media🟡;🔴Prioridad Alta🔴;🔴Prioridad Alta🔴;🔴Prioridad Alta🔴;🔴Prioridad Alta🔴;🔴Prioridad Alta🔴;🔴Prioridad Alta🔴;;Clara;Neutral - Es un buen concepto que requiere más desarrollo.;Por correo electrónico;8;[8, 10)
2025-05-05;06:55;Acepto.;46-55;Colombia;Yopal (Casanare);Masculino.;3 - (Medio);Soy empleado;Especialización o Diplomado de Posgrado (estudios posteriores con enfoque técnico o profesional).;Rara vez.;Taxis;Por trabajo;Poseo licencia de conducción vigente o próxima a renovar.;Sí;Diariamente.;Un único vehículo.;Ocasionalmente lo comparto con mi familia, amigos o conocidos.;Automóvil (carros, camionetas, entre otros);;;No;"Mayor flexibilidad en horarios;Diversidad de vehículos para rentar / arrendar";Falta de control en la entrega o devolución del vehículo;No;;;;No;;;;;No;;;;;;;;;;;;;;;;;;;;;;;;;;No me llama la atención, gracias.;;;;;;;;;;;;;;;;;;;;;;;;Clara;Probable - Me gustaría conocer más de la plataforma antes de entrar.;Un chat en la plataforma;6;[6, 8)
2025-05-05;08:47;Acepto.;46-55;Colombia;Yopal (Casanare);Masculino.;2 - (Bajo - Medio);Soy empresario;Maestría (Estudios avanzados académicos o profesionales luego del posgrado).;Rara vez.;Taxis;"Por trabajo;Por compromisos personales o familiares";Poseo licencia de conducción vigente o próxima a renovar.;Sí;Diariamente.;Varios vehículos.;;;"No, son vehículos completamente propios.;";"Moticicleta;Automóvil (carros, camionetas, entre otros);";No;Diversidad de vehículos para rentar / arrendar;"Posibles daños o mal uso del vehículo rentado;Desconfianza frente a clientes / personas desconocidas;Falta de regulación por parte de entidades oficiales;Posible uso de vehículos para fines no autorizados";No;;;;Sí;;Localiza;"Facilidad en el acceso al servicio.;Rapidez en los tiempos de respuesta.;Flexibilidad para adaptarse a mis necesidades.;";"Información confusa sobre los contratos;Costos elevados en comparación con lo esperado";No;;;;;;;;;;;;;;;;;;;;;;;;;;No me llama la atención, gracias.;;;;;;;;;;;;;;;;;;;;;;;;Clara;Probable - Me gustaría conocer más de la plataforma antes de entrar.;Un chat en la plataforma;8;[8, 10)
2025-05-05;136:25;Acepto.;46-55;Colombia;Bogotá D.C.;Masculino.;4 - (Medio Alto);Soy empleado;Especialización o Diplomado de Posgrado (estudios posteriores con enfoque técnico o profesional).;Rara vez.;Otro: Plataformas digitales de transporte (servicios privados);"Por trabajo;Por compromisos personales o familiares";Poseo licencia de conducción vigente o próxima a renovar.;Sí;Diariamente.;Un único vehículo.;Ocasionalmente lo comparto con mi familia, amigos o conocidos.;Automóvil (carros, camionetas, entre otros);;;No;"Aprovechamiento de vehículos particulares inactivos;Promueve la economía colaborativa;Posibilidad de generar ingresos como propietario del vehículo";"Posibles daños o mal uso del vehículo rentado;Desconfianza frente a clientes / personas desconocidas;Posible uso de vehículos para fines no autorizados;Falta de control en la entrega o devolución del vehículo;Falta de regulación por parte de entidades oficiales";No;;;;Sí;;Hertz;"Facilidad en el acceso al servicio.;Acompañamiento y buen trato durante el proceso.;Rapidez en los tiempos de respuesta.;Seguridad durante los procesos del servicio.;Flexibilidad para adaptarse a mis necesidades.;Tecnología fácil de utilizar (a través de plataformas digitales, aplicaciones o códigos personales / QRs).).;";;Sí;"Por días (cualquier día).;A disposición personal.;";🟡Prioridad Media🟡;🟡Prioridad Media🟡;🔴Prioridad Alta🔴;🔴Prioridad Alta🔴;🟢Prioridad Baja🟢;🟡Prioridad Media🟡;🟢Prioridad Baja🟢;🟢Prioridad Baja🟢;🟡Prioridad Media🟡;🟢Prioridad Baja🟢;🟡Prioridad Media🟡;🟡Prioridad Media🟡;;"Reciba solicitudes y pueda aceptarlas o denegarlas.;Pueda configurar qué tipo de solicitudes quiero recibir, para luego aceptarlas o denegarlas.;";"Entre $15.000 a $30.000 la hora.;";"Entre $100.000 a $150.000 el día.;";Por transacción bancaria inmediata, una vez aprobado el servicio por mí y el cliente;🟡Prioridad Media🟡;🟡Prioridad Media🟡;🟡Prioridad Media🟡;🔴Prioridad Alta🔴;🔴Prioridad Alta🔴;;"Aceptaría pagar una comisión del 4% al 9% por servicio.;";¡Sí, me apuntaría en el presente o en el futuro!;"Por horas.;Por días.;";🟡Prioridad Media🟡;🔴Prioridad Alta🔴;🔴Prioridad Alta🔴;🔴Prioridad Alta🔴;🔴Prioridad Alta🔴;🔴Prioridad Alta🔴;🔴Prioridad Alta🔴;🔴Prioridad Alta🔴;🟡Prioridad Media🟡;🟡Prioridad Media🟡;;"Entre $15.000 a $30.000 la hora.;";"Entre $100.000 a $150.000 el día.;";🟡Prioridad Media🟡;🟡Prioridad Media🟡;🟡Prioridad Media🟡;🔴Prioridad Alta🔴;🔴Prioridad Alta🔴;🔴Prioridad Alta🔴;🔴Prioridad Alta🔴;🔴Prioridad Alta🔴;;Clara;Muy probable - Me gustaría inscribirme en la plataforma.;"Un chat en la plataforma;Por chat con asesor mediante Whatsapp";136;
2025-05-05;61:29;Acepto.;36-45;Colombia;Tunja (Boyacá);Femenino.;4 - (Medio Alto);Soy empleado;Doctorado (o PhD).;Rara vez.;"Taxis;Buses municipales;Buses intermunicipales";"Por compromisos personales o familiares;Por turismo";No poseo licencia, y tampoco estoy interesado en obtenerla en el momento.;No;;;;;;;Sí;"Mayor flexibilidad en horarios;Diversidad de vehículos para rentar / arrendar";Posibles daños o mal uso del vehículo rentado;Sí;"De forma independiente.;";"Buena gestión por parte de la entidad sobre el vehículo.;";"Poca atención o soporte al usuario desde la plataforma o la entidad.;";Sí;;;"Acompañamiento y buen trato durante el proceso.;";Información confusa sobre los contratos;Sí;"Solo durante semana (lunes a viernes).;";🔴Prioridad Alta🔴;🔴Prioridad Alta🔴;🔴Prioridad Alta🔴;🔴Prioridad Alta🔴;🔴Prioridad Alta🔴;🔴Prioridad Alta🔴;🔴Prioridad Alta🔴;🔴Prioridad Alta🔴;🔴Prioridad Alta🔴;🔴Prioridad Alta🔴;🔴Prioridad Alta🔴;🔴Prioridad Alta🔴;;"Pueda confiar en la plataforma para que me consulten, o ellos mismos acepten y denieguen un servicio que me solicitan.;";"No me encuentro interesado en rentar por horas.;Entre $15.000 a $30.000 la hora.;Entre $30.000 a $50.000 la hora.;Entre $50.000 a $80.000 la hora.;";"Entre $150.000 a $200.000 el día.;";Por transacción bancaria inmediata, al finalizar el servicio;🔴Prioridad Alta🔴;🔴Prioridad Alta🔴;🔴Prioridad Alta🔴;🔴Prioridad Alta🔴;🔴Prioridad Alta🔴;;"Aceptaría pagar una comisión del 4% al 9% por servicio.;";¡Sí, me apuntaría en el presente o en el futuro!;"Por horas.;";🔴Prioridad Alta🔴;🔴Prioridad Alta🔴;🔴Prioridad Alta🔴;🔴Prioridad Alta🔴;🔴Prioridad Alta🔴;🔴Prioridad Alta🔴;🔴Prioridad Alta🔴;🔴Prioridad Alta🔴;🔴Prioridad Alta🔴;🔴Prioridad Alta🔴;;"Entre $15.000 a $30.000 la hora.;";"Entre $100.000 a $150.000 el día.;";🔴Prioridad Alta🔴;🔴Prioridad Alta🔴;🔴Prioridad Alta🔴;🔴Prioridad Alta🔴;🔴Prioridad Alta🔴;🔴Prioridad Alta🔴;🔴Prioridad Alta🔴;🔴Prioridad Alta🔴;;Clara;Probable - Me gustaría conocer más de la plataforma antes de entrar.;Un chat en la plataforma;61;
2025-05-05;45:42;Acepto.;56-65;Colombia;Bogotá D.C.;Masculino.;3 - (Medio);Soy empleado;Especialización o Diplomado de Posgrado (estudios posteriores con enfoque técnico o profesional).;Rara vez.;Taxis;Por trabajo;Poseo licencia de conducción vigente o próxima a renovar.;No;;;;;;;No;"Posibilidad de generar ingresos como propietario del vehículo;Diversidad de vehículos para rentar / arrendar;Aprovechamiento de vehículos particulares inactivos";Desconfianza frente a clientes / personas desconocidas;No;;;;Sí;;;"Rapidez en los tiempos de respuesta.;";Poca o nula seguridad para accidentes o sin atención ante riesgos;Sí;"Por días (cualquier día).;";🔴Prioridad Alta🔴;🔴Prioridad Alta🔴;🔴Prioridad Alta🔴;🔴Prioridad Alta🔴;🔴Prioridad Alta🔴;🔴Prioridad Alta🔴;🟡Prioridad Media🟡;🟡Prioridad Media🟡;🔴Prioridad Alta🔴;🟡Prioridad Media🟡;🔴Prioridad Alta🔴;🟡Prioridad Media🟡;;"Reciba solicitudes y pueda aceptarlas o denegarlas.;Pueda configurar qué tipo de solicitudes quiero recibir, para luego aceptarlas o denegarlas.;";"Entre $50.000 a $80.000 la hora.;";"Entre $200.000 a $250.000 el día.;";"En efectivo, antes de entregar el vehículo al cliente;Por transacción bancaria inmediata, una vez aprobado el servicio por mí y el cliente;Un respaldo con un pagaré automatizado por transferencia bancaria al finalizar el servicio por medio de Flex Drive";🟡Prioridad Media🟡;🔴Prioridad Alta🔴;🔴Prioridad Alta🔴;🔴Prioridad Alta🔴;🟡Prioridad Media🟡;;"Preferiría pagar una suscripción mensual.;";¡Sí, me apuntaría en el presente o en el futuro!;"Por días.;";🔴Prioridad Alta🔴;🔴Prioridad Alta🔴;🔴Prioridad Alta🔴;🔴Prioridad Alta🔴;🔴Prioridad Alta🔴;🟡Prioridad Media🟡;🔴Prioridad Alta🔴;🟡Prioridad Media🟡;🟡Prioridad Media🟡;🟡Prioridad Media🟡;;"Entre $50.000 a $80.000 la hora.;";"Entre $200.000 a $250.000 el día.;";🔴Prioridad Alta🔴;🟡Prioridad Media🟡;🔴Prioridad Alta🔴;🟡Prioridad Media🟡;🔴Prioridad Alta🔴;🔴Prioridad Alta🔴;🔴Prioridad Alta🔴;🔴Prioridad Alta🔴;;Clara;Muy probable - Me gustaría inscribirme en la plataforma.;Por chat con asesor mediante Whatsapp;45;[44, 46)
2025-05-06;10:40;Acepto.;56-65;Colombia;Tunja (Boyacá);Masculino.;3 - (Medio);"Soy freelancer / independiente;Soy empleado";Especialización o Diplomado de Posgrado (estudios posteriores con enfoque técnico o profesional).;Rara vez.;"Taxis;Buses intermunicipales;Buses municipales;SITP";"Por trabajo;Por compromisos personales o familiares";Poseo licencia de conducción vigente o próxima a renovar.;Sí;Solo entre semana laboral.;Un único vehículo.;Ocasionalmente lo comparto con mi familia, amigos o conocidos.;Automóvil (carros, camionetas, entre otros);;;No;;;No;;;;No;;;;;No;;;;;;;;;;;;;;;;;;;;;;;;;;No me llama la atención, gracias.;;;;;;;;;;;;;;;;;;;;;;;;Clara;Probable - Me gustaría conocer más de la plataforma antes de entrar.;"Un chat en la plataforma;Por correo electrónico;Por chat con asesor mediante Whatsapp";10;[10, 12)
2025-05-06;12:37;Acepto.;46-55;Colombia;Yopal (Casanare);Masculino.;4 - (Medio Alto);Soy empresario;Pregrado universitario (Grado o Licenciatura).;Rara vez.;Taxis;Por compromisos personales o familiares;Poseo licencia de conducción vigente o próxima a renovar.;Sí;Diariamente.;Un único vehículo.;Ocasionalmente lo comparto con mi familia, amigos o conocidos.;Automóvil (carros, camionetas, entre otros);;;No;"Mayor flexibilidad en horarios;Mejor negociación en condiciones de arriendo;Posibilidad de generar ingresos como propietario del vehículo;Aprovechamiento de vehículos particulares inactivos;Diversidad de vehículos para rentar / arrendar";"Posibles daños o mal uso del vehículo rentado;Desconfianza frente a clientes / personas desconocidas;Falta de regulación por parte de entidades oficiales;Posible uso de vehículos para fines no autorizados;Falta de control en la entrega o devolución del vehículo";No;;;;Sí;Tanto en Colombia como en el exterior;Localiza;"Facilidad en el acceso al servicio.;Rapidez en los tiempos de respuesta.;";Costos elevados en comparación con lo esperado;No;;;;;;;;;;;;;;;;;;;;;;;;;;¡Sí, me apuntaría en el presente o en el futuro!;"Por días.;Por semanas.;";🔴Prioridad Alta🔴;🔴Prioridad Alta🔴;🔴Prioridad Alta🔴;🔴Prioridad Alta🔴;🔴Prioridad Alta🔴;🔴Prioridad Alta🔴;🔴Prioridad Alta🔴;🔴Prioridad Alta🔴;🔴Prioridad Alta🔴;🔴Prioridad Alta🔴;;"Entre $15.000 a $30.000 la hora.;";"Entre $100.000 a $150.000 el día.;";🔴Prioridad Alta🔴;🔴Prioridad Alta🔴;🔴Prioridad Alta🔴;🔴Prioridad Alta🔴;🔴Prioridad Alta🔴;🔴Prioridad Alta🔴;🔴Prioridad Alta🔴;🔴Prioridad Alta🔴;;Clara;Probable - Me gustaría conocer más de la plataforma antes de entrar.;Por llamada telefónica;12;[12, 14)
2025-05-06;05:55;Acepto.;26-35;Colombia;Duitama (Boyacá);Femenino.;3 - (Medio);Soy freelancer / independiente;Especialización o Diplomado de Posgrado (estudios posteriores con enfoque técnico o profesional).;Diariamente.;"Taxis;SITP";"Por trabajo;Por compromisos personales o familiares";Poseo licencia de conducción vigente o próxima a renovar.;Sí;Diariamente.;Un único vehículo.;Sí, es un vehículo compartido con familiares, amigos o conocidos.;Automóvil (carros, camionetas, entre otros);;;No;;"Posibles daños o mal uso del vehículo rentado;Desconfianza frente a clientes / personas desconocidas;Falta de regulación por parte de entidades oficiales";No;;;;No;;;;;No;;;;;;;;;;;;;;;;;;;;;;;;;;No me llama la atención, gracias.;;;;;;;;;;;;;;;;;;;;;;;;Clara;Probable - Me gustaría conocer más de la plataforma antes de entrar.;"Por llamada telefónica;Por chat con asesor mediante Whatsapp;Un chat en la plataforma";5;[4, 6)
2025-05-06;15:36;Acepto.;26-35;Colombia;Medellín (Antioquia);Femenino.;4 - (Medio Alto);Soy freelancer / independiente;Pregrado universitario (Grado o Licenciatura).;Únicamente entre semana.;"Buses municipales;Buses intermunicipales;Taxis;SITP";"Por compromisos personales o familiares;Por trabajo";Poseo licencia de conducción vigente o próxima a renovar.;No;;;;;;;No;"Posibilidad de generar ingresos como propietario del vehículo;Promueve la economía colaborativa;Aprovechamiento de vehículos particulares inactivos";"Posibles daños o mal uso del vehículo rentado;Desconfianza frente a clientes / personas desconocidas;Falta de regulación por parte de entidades oficiales;Posible uso de vehículos para fines no autorizados;Falta de control en la entrega o devolución del vehículo";No;;;;Sí;Colombia;;"Facilidad en el acceso al servicio.;Rapidez en los tiempos de respuesta.;Transparencia en la información brindada.;Acompañamiento y buen trato durante el proceso.;Seguridad durante los procesos del servicio.;Eficacia en la solución de problemas y dudas.;Flexibilidad para adaptarse a mis necesidades.;Tecnología fácil de utilizar (a través de plataformas digitales, aplicaciones o códigos personales / QRs).).;";"Información confusa sobre los contratos;Costos elevados en comparación con lo esperado;Falta de información en el servicio o vehículo a recibir";Sí;"Solo durante semana (lunes a viernes).;Por horas.;Por días (cualquier día).;";🔴Prioridad Alta🔴;🔴Prioridad Alta🔴;🔴Prioridad Alta🔴;🔴Prioridad Alta🔴;🟡Prioridad Media🟡;🟡Prioridad Media🟡;🔴Prioridad Alta🔴;🔴Prioridad Alta🔴;🔴Prioridad Alta🔴;🟡Prioridad Media🟡;🔴Prioridad Alta🔴;🔴Prioridad Alta🔴;;"Reciba solicitudes y pueda aceptarlas o denegarlas.;Pueda confiar en la plataforma para que me consulten, o ellos mismos acepten y denieguen un servicio que me solicitan.;";"Entre $15.000 a $30.000 la hora.;";"Entre $150.000 a $200.000 el día.;";Por transacción bancaria inmediata, al finalizar el servicio;🟡Prioridad Media🟡;🔴Prioridad Alta🔴;🟡Prioridad Media🟡;🔴Prioridad Alta🔴;🟡Prioridad Media🟡;;"Aceptaría pagar una comisión del 4% al 9% por servicio.;";¡Sí, me apuntaría en el presente o en el futuro!;"Por horas.;Por días.;";🟢Prioridad Baja🟢;🟡Prioridad Media🟡;🔴Prioridad Alta🔴;🔴Prioridad Alta🔴;🔴Prioridad Alta🔴;🔴Prioridad Alta🔴;🔴Prioridad Alta🔴;🔴Prioridad Alta🔴;🟡Prioridad Media🟡;🟡Prioridad Media🟡;;"Entre $30.000 a $50.000 la hora.;";"Entre $100.000 a $150.000 el día.;Entre $150.000 a $200.000 el día.;";🟡Prioridad Media🟡;🟡Prioridad Media🟡;🔴Prioridad Alta🔴;🔴Prioridad Alta🔴;🔴Prioridad Alta🔴;🔴Prioridad Alta🔴;🔴Prioridad Alta🔴;🔴Prioridad Alta🔴;"Revisar 49H;Otro: El vehículo viene tanqueado";Clara;Muy probable - Me gustaría inscribirme en la plataforma.;"Un chat en la plataforma;Por llamada telefónica;Por chat con asesor mediante Whatsapp";15;[14, 16)
2025-05-07;13:40;Acepto.;46-55;Colombia;Yopal (Casanare);Femenino.;3 - (Medio);Soy empleado;Especialización o Diplomado de Posgrado (estudios posteriores con enfoque técnico o profesional).;Rara vez.;Taxis;Por trabajo;Poseo licencia de conducción vigente o próxima a renovar.;Sí;Diariamente.;Un único vehículo.;Ocasionalmente lo comparto con mi familia, amigos o conocidos.;Automóvil (carros, camionetas, entre otros);;;No;"Posibilidad de generar ingresos como propietario del vehículo;Diversidad de vehículos para rentar / arrendar;Promueve la economía colaborativa;Aprovechamiento de vehículos particulares inactivos";;Sí;"A través de una empresa o entidad presencial.;";"Buen margen de ganancias.;Control sobre las decisiones tomadas sobre el vehículo.;";;No;;;;;Sí;"A disposición personal.;";🔴Prioridad Alta🔴;🔴Prioridad Alta🔴;🔴Prioridad Alta🔴;🔴Prioridad Alta🔴;🟡Prioridad Media🟡;🟡Prioridad Media🟡;🟡Prioridad Media🟡;🟡Prioridad Media🟡;🔴Prioridad Alta🔴;🔴Prioridad Alta🔴;🔴Prioridad Alta🔴;🟡Prioridad Media🟡;;"Reciba solicitudes y pueda aceptarlas o denegarlas.;";"Entre $15.000 a $30.000 la hora.;";"Entre $150.000 a $200.000 el día.;";Por transacción bancaria inmediata, una vez aprobado el servicio por mí y el cliente;🟡Prioridad Media🟡;🟡Prioridad Media🟡;🔴Prioridad Alta🔴;🟡Prioridad Media🟡;🟡Prioridad Media🟡;;"Preferiría pagar una suscripción mensual.;";¡Sí, me apuntaría en el presente o en el futuro!;"Por días.;";🔴Prioridad Alta🔴;🔴Prioridad Alta🔴;🔴Prioridad Alta🔴;🔴Prioridad Alta🔴;🟡Prioridad Media🟡;🔴Prioridad Alta🔴;🔴Prioridad Alta🔴;🔴Prioridad Alta🔴;🟡Prioridad Media🟡;🟡Prioridad Media🟡;;"Entre $15.000 a $30.000 la hora.;";"Entre $150.000 a $200.000 el día.;";🔴Prioridad Alta🔴;🔴Prioridad Alta🔴;🔴Prioridad Alta🔴;🔴Prioridad Alta🔴;🟡Prioridad Media🟡;🔴Prioridad Alta🔴;🔴Prioridad Alta🔴;🔴Prioridad Alta🔴;;Clara;Muy probable - Me gustaría inscribirme en la plataforma.;Un chat en la plataforma;13;[12, 14)
2025-05-07;12:09;Acepto.;56-65;Colombia;Bogotá D.C.;Femenino.;4 - (Medio Alto);Soy empleado;Maestría (Estudios avanzados académicos o profesionales luego del posgrado).;Diariamente.;"Taxis;SITP";"Por trabajo;Por compromisos personales o familiares";No poseo licencia, pero estoy interesado en obtenerla pronto.;No;;;;;;;Sí;Posibilidad de generar ingresos como propietario del vehículo;Falta de regulación por parte de entidades oficiales;No;;;;No;;;;;Sí;"Por horas.;";🔴Prioridad Alta🔴;🔴Prioridad Alta🔴;🔴Prioridad Alta🔴;🔴Prioridad Alta🔴;🟡Prioridad Media🟡;🔴Prioridad Alta🔴;🔴Prioridad Alta🔴;🟡Prioridad Media🟡;🟡Prioridad Media🟡;🔴Prioridad Alta🔴;🔴Prioridad Alta🔴;🔴Prioridad Alta🔴;;"Reciba solicitudes y pueda aceptarlas o denegarlas.;";"Entre $15.000 a $30.000 la hora.;";"Entre $100.000 a $150.000 el día.;";Por transacción bancaria inmediata, una vez aprobado el servicio por mí y el cliente;🟡Prioridad Media🟡;🔴Prioridad Alta🔴;🔴Prioridad Alta🔴;🔴Prioridad Alta🔴;🔴Prioridad Alta🔴;;"Preferiría pagar una suscripción mensual.;";¡Sí, me apuntaría en el presente o en el futuro!;"Por horas.;";🔴Prioridad Alta🔴;🟡Prioridad Media🟡;🔴Prioridad Alta🔴;🟡Prioridad Media🟡;🟡Prioridad Media🟡;🔴Prioridad Alta🔴;🔴Prioridad Alta🔴;🔴Prioridad Alta🔴;🟡Prioridad Media🟡;🔴Prioridad Alta🔴;;"Entre $15.000 a $30.000 la hora.;";"Entre $100.000 a $150.000 el día.;";🟡Prioridad Media🟡;🟡Prioridad Media🟡;🔴Prioridad Alta🔴;🟡Prioridad Media🟡;🔴Prioridad Alta🔴;🔴Prioridad Alta🔴;🔴Prioridad Alta🔴;🔴Prioridad Alta🔴;;Clara;Probable - Me gustaría conocer más de la plataforma antes de entrar.;"Un chat en la plataforma;Por llamada telefónica;Por chat con asesor mediante Whatsapp";12;[12, 14)
2025-05-08;04:32;Acepto.;18-25;Colombia;Tunja (Boyacá);Masculino.;3 - (Medio);Soy estudiante en estudios superiores o universitario;Pregrado universitario (Grado o Licenciatura).;Diariamente.;"Taxis;Otro: Plataformas digitales de transporte (servicios privados)";Por estudio;No poseo licencia, pero estoy interesado en obtenerla pronto.;No;;;;;;;No;Mayor flexibilidad en horarios;Posibles daños o mal uso del vehículo rentado;No;;;;No;;;;;No;;;;;;;;;;;;;;;;;;;;;;;;;;No me llama la atención, gracias.;;;;;;;;;;;;;;;;;;;;;;;;Confusa;Neutral - Es un buen concepto que requiere más desarrollo.;Un chat en la plataforma;4;[4, 6)
2025-05-08;18:37;Acepto.;18-25;Colombia;Tunja (Boyacá);Femenino.;3 - (Medio);Soy estudiante en estudios superiores o universitario;Pregrado universitario (Grado o Licenciatura).;Diariamente.;Buses intermunicipales;Por estudio;No poseo licencia, y tampoco estoy interesado en obtenerla en el momento.;No;;;;;;;No;Mejor negociación en condiciones de arriendo;Posibles daños o mal uso del vehículo rentado;No;;;;No;;;;;Sí;"Por días (cualquier día).;";🔴Prioridad Alta🔴;🟡Prioridad Media🟡;🔴Prioridad Alta🔴;🔴Prioridad Alta🔴;🟡Prioridad Media🟡;🟡Prioridad Media🟡;🟡Prioridad Media🟡;🟡Prioridad Media🟡;🟡Prioridad Media🟡;🟡Prioridad Media🟡;🔴Prioridad Alta🔴;🟡Prioridad Media🟡;;"Pueda confiar en la plataforma para que me consulten, o ellos mismos acepten y denieguen un servicio que me solicitan.;";"Entre $30.000 a $50.000 la hora.;";"Entre $150.000 a $200.000 el día.;";En efectivo, antes de entregar el vehículo al cliente;🔴Prioridad Alta🔴;🔴Prioridad Alta🔴;🟡Prioridad Media🟡;🟡Prioridad Media🟡;🟡Prioridad Media🟡;;"Preferiría pagar una suscripción mensual.;";¡Sí, me apuntaría en el presente o en el futuro!;"Por días.;";🔴Prioridad Alta🔴;🟡Prioridad Media🟡;🔴Prioridad Alta🔴;🟡Prioridad Media🟡;🟡Prioridad Media🟡;🔴Prioridad Alta🔴;🔴Prioridad Alta🔴;🔴Prioridad Alta🔴;🟡Prioridad Media🟡;🟡Prioridad Media🟡;;"Entre $30.000 a $50.000 la hora.;";"Entre $150.000 a $200.000 el día.;";🟡Prioridad Media🟡;🟡Prioridad Media🟡;🟡Prioridad Media🟡;🔴Prioridad Alta🔴;🔴Prioridad Alta🔴;🟡Prioridad Media🟡;🟡Prioridad Media🟡;🟡Prioridad Media🟡;;Clara;Probable - Me gustaría conocer más de la plataforma antes de entrar.;Por chat con asesor mediante Whatsapp;18;[18, 20)
2025-05-08;06:05;Acepto.;18-25;Colombia;Tunja (Boyacá);Masculino.;4 - (Medio Alto);"Soy estudiante en estudios superiores o universitario;Soy freelancer / independiente";Pregrado universitario (Grado o Licenciatura).;Rara vez.;Taxis;Otro: Por pico y placa o relacionados;Poseo licencia de conducción vigente o próxima a renovar.;Sí;Diariamente.;Varios vehículos.;;;"No, son vehículos completamente propios.;";"Moticicleta;Automóvil (carros, camionetas, entre otros);";No;"Mayor flexibilidad en horarios;Posibilidad de generar ingresos como propietario del vehículo;Diversidad de vehículos para rentar / arrendar;Promueve la economía colaborativa";"Posibles daños o mal uso del vehículo rentado;Desconfianza frente a clientes / personas desconocidas;Falta de control en la entrega o devolución del vehículo";No;;;;No;;;;;Sí;"Solo los fines de semana.;";🔴Prioridad Alta🔴;🔴Prioridad Alta🔴;🔴Prioridad Alta🔴;🔴Prioridad Alta🔴;🟢Prioridad Baja🟢;🟢Prioridad Baja🟢;🟡Prioridad Media🟡;🟢Prioridad Baja🟢;🟢Prioridad Baja🟢;🔴Prioridad Alta🔴;🔴Prioridad Alta🔴;🔴Prioridad Alta🔴;;"Pueda configurar qué tipo de solicitudes quiero recibir, para luego aceptarlas o denegarlas.;";"Entre $15.000 a $30.000 la hora.;Entre $30.000 a $50.000 la hora.;";"Entre $100.000 a $150.000 el día.;";"En efectivo, antes de entregar el vehículo al cliente;Por transacción bancaria inmediata, una vez aprobado el servicio por mí y el cliente";🟢Prioridad Baja🟢;🔴Prioridad Alta🔴;🔴Prioridad Alta🔴;🟢Prioridad Baja🟢;🔴Prioridad Alta🔴;;"Aceptaría pagar una comisión del 4% al 9% por servicio.;";No me llama la atención, gracias.;;;;;;;;;;;;;;;;;;;;;;;;Clara;Probable - Me gustaría conocer más de la plataforma antes de entrar.;"Un chat en la plataforma;Por llamada telefónica;Por chat con asesor mediante Whatsapp";6;[6, 8)
2025-05-08;22:42;Acepto.;18-25;Colombia;Tunja (Boyacá);Femenino.;3 - (Medio);Soy estudiante en estudios superiores o universitario;Pregrado universitario (Grado o Licenciatura).;Diariamente.;"Buses municipales;Buses intermunicipales";Por estudio;No poseo licencia, pero estoy interesado en obtenerla pronto.;No;;;;;;;No;"Posibilidad de generar ingresos como propietario del vehículo;Mayor flexibilidad en horarios";"Posibles daños o mal uso del vehículo rentado;Desconfianza frente a clientes / personas desconocidas;Posible uso de vehículos para fines no autorizados";No;;;;No;;;;;No;;;;;;;;;;;;;;;;;;;;;;;;;;No me llama la atención, gracias.;;;;;;;;;;;;;;;;;;;;;;;;Clara;Neutral - Es un buen concepto que requiere más desarrollo.;"Por chat con asesor mediante Whatsapp;Un chat en la plataforma;Con un chatbot (Sea por plataforma, Whatsapp, u otro medio.)";22;[22, 24)
2025-05-08;02:54;Acepto.;46-55;Colombia;Bogotá D.C.;Masculino.;3 - (Medio);Soy empleado;Maestría (Estudios avanzados académicos o profesionales luego del posgrado).;Diariamente.;SITP;Por trabajo;No poseo licencia, y tampoco estoy interesado en obtenerla en el momento.;No;;;;;;;No;;;No;;;;No;;;;;No;;;;;;;;;;;;;;;;;;;;;;;;;;No me llama la atención, gracias.;;;;;;;;;;;;;;;;;;;;;;;;Clara;Neutral - Es un buen concepto que requiere más desarrollo.;Por chat con asesor mediante Whatsapp;2;[2, 4)
2025-05-08;08:34;Acepto.;56-65;Colombia;Bogotá D.C.;Masculino.;3 - (Medio);Soy empleado;Maestría (Estudios avanzados académicos o profesionales luego del posgrado).;Diariamente.;"Taxis;SITP";Por trabajo;Poseo licencia de conducción vigente o próxima a renovar.;Sí;Solo durante fines de semana.;Un único vehículo.;Ocasionalmente lo comparto con mi familia, amigos o conocidos.;Automóvil (carros, camionetas, entre otros);;;Sí;Posibilidad de generar ingresos como propietario del vehículo;Posibles daños o mal uso del vehículo rentado;No;;;;Sí;En el exterior;;"Facilidad en el acceso al servicio.;";Costos elevados en comparación con lo esperado;Sí;"Solo durante semana (lunes a viernes).;";🔴Prioridad Alta🔴;🔴Prioridad Alta🔴;🔴Prioridad Alta🔴;🔴Prioridad Alta🔴;🔴Prioridad Alta🔴;🔴Prioridad Alta🔴;🔴Prioridad Alta🔴;🔴Prioridad Alta🔴;🔴Prioridad Alta🔴;🔴Prioridad Alta🔴;🔴Prioridad Alta🔴;🔴Prioridad Alta🔴;;"Pueda confiar en la plataforma para que me consulten, o ellos mismos acepten y denieguen un servicio que me solicitan.;";"Entre $15.000 a $30.000 la hora.;";"Entre $100.000 a $150.000 el día.;";Por transacción bancaria inmediata, una vez aprobado el servicio por mí y el cliente;🔴Prioridad Alta🔴;🔴Prioridad Alta🔴;🔴Prioridad Alta🔴;🔴Prioridad Alta🔴;🔴Prioridad Alta🔴;;"Preferiría pagar una suscripción mensual.;";¡Sí, me apuntaría en el presente o en el futuro!;"Por semanas.;";🔴Prioridad Alta🔴;🔴Prioridad Alta🔴;🔴Prioridad Alta🔴;🔴Prioridad Alta🔴;🔴Prioridad Alta🔴;🔴Prioridad Alta🔴;🔴Prioridad Alta🔴;🔴Prioridad Alta🔴;🔴Prioridad Alta🔴;🔴Prioridad Alta🔴;;"Entre $15.000 a $30.000 la hora.;";"Entre $100.000 a $150.000 el día.;";🔴Prioridad Alta🔴;🔴Prioridad Alta🔴;🔴Prioridad Alta🔴;🔴Prioridad Alta🔴;🔴Prioridad Alta🔴;🔴Prioridad Alta🔴;🔴Prioridad Alta🔴;🔴Prioridad Alta🔴;;Clara;Probable - Me gustaría conocer más de la plataforma antes de entrar.;"Un chat en la plataforma;Por chat con asesor mediante Whatsapp;Por correo electrónico";8;[8, 10)
2025-05-08;07:51;Acepto.;56-65;Colombia;Paipa (Boyacá);Femenino.;4 - (Medio Alto);Estoy jubilado / pensionado / retirado;Formación Técnica o Tecnológica.;Rara vez.;"Taxis;Buses intermunicipales";Por compromisos personales o familiares;No poseo licencia, y tampoco estoy interesado en obtenerla en el momento.;No;;;;;;;Sí;;;No;;;;No;;;;;No;;;;;;;;;;;;;;;;;;;;;;;;;;No me llama la atención, gracias.;;;;;;;;;;;;;;;;;;;;;;;;Clara;Muy improbable - No me encuentro interesado o no hay una mercado de interés.;Por llamada telefónica;7;[6, 8)
2025-05-09;01:59;Acepto.;18-25;Colombia;Tunja (Boyacá);Masculino.;4 - (Medio Alto);"Soy estudiante de secundaria;Soy estudiante en estudios superiores o universitario";Pregrado universitario (Grado o Licenciatura).;Rara vez.;"Taxis;SITP";"Por estudio;Por turismo";Poseo licencia de conducción vigente o próxima a renovar.;No;;;;;;;Sí;"Posibilidad de generar ingresos como propietario del vehículo;Diversidad de vehículos para rentar / arrendar";"Desconfianza frente a clientes / personas desconocidas;Falta de control en la entrega o devolución del vehículo";No;;;;No;;;;;No;;;;;;;;;;;;;;;;;;;;;;;;;;No me llama la atención, gracias.;;;;;;;;;;;;;;;;;;;;;;;;Clara;Neutral - Es un buen concepto que requiere más desarrollo.;Por chat con asesor mediante Whatsapp;1;[0, 2)
2025-05-09;03:59;Acepto.;18-25;Colombia;Tunja (Boyacá);Masculino.;3 - (Medio);Soy estudiante en estudios superiores o universitario;Pregrado universitario (Grado o Licenciatura).;Rara vez.;"SITP;Taxis";"Por estudio;Por turismo;Por compromisos personales o familiares";No poseo licencia, pero estoy interesado en obtenerla pronto.;No;;;;;;;Sí;"Aprovechamiento de vehículos particulares inactivos;Promueve la economía colaborativa;Experiencia de negocio más personalizada";Posibles daños o mal uso del vehículo rentado;No;;;;No;;;;;No;;;;;;;;;;;;;;;;;;;;;;;;;;¡Sí, me apuntaría en el presente o en el futuro!;"Por horas.;Por días.;Por semanas.;Por meses.;";🔴Prioridad Alta🔴;🔴Prioridad Alta🔴;🔴Prioridad Alta🔴;🔴Prioridad Alta🔴;🔴Prioridad Alta🔴;🔴Prioridad Alta🔴;🔴Prioridad Alta🔴;🔴Prioridad Alta🔴;🔴Prioridad Alta🔴;🔴Prioridad Alta🔴;;"Entre $15.000 a $30.000 la hora.;";"Entre $150.000 a $200.000 el día.;";🔴Prioridad Alta🔴;🔴Prioridad Alta🔴;🔴Prioridad Alta🔴;🔴Prioridad Alta🔴;🔴Prioridad Alta🔴;🔴Prioridad Alta🔴;🔴Prioridad Alta🔴;🔴Prioridad Alta🔴;;Clara;Neutral - Es un buen concepto que requiere más desarrollo.;"Por llamada telefónica;Por correo electrónico;Un chat en la plataforma;Por chat con asesor mediante Whatsapp;Con un chatbot (Sea por plataforma, Whatsapp, u otro medio.)";3;[2, 4)
2025-05-09;02:08;Acepto.;18-25;Colombia;Tunja (Boyacá);Masculino.;3 - (Medio);Soy estudiante en estudios superiores o universitario;Pregrado universitario (Grado o Licenciatura).;Únicamente entre semana.;"Buses municipales;Buses intermunicipales;SITP";"Por estudio;Por compromisos personales o familiares";Poseo licencia de conducción vigente o próxima a renovar.;No;;;;;;;No;"Mayor flexibilidad en horarios;Mejor negociación en condiciones de arriendo;Posibilidad de generar ingresos como propietario del vehículo";"Posibles daños o mal uso del vehículo rentado;Falta de regulación por parte de entidades oficiales;Desconfianza frente a clientes / personas desconocidas";No;;;;No;;;;;No;;;;;;;;;;;;;;;;;;;;;;;;;;No me llama la atención, gracias.;;;;;;;;;;;;;;;;;;;;;;;;Clara;Muy probable - Me gustaría inscribirme en la plataforma.;"Un chat en la plataforma;Por correo electrónico";2;[2, 4)
2025-05-12;03:33;Acepto.;18-25;Colombia;;Femenino.;3 - (Medio);Soy estudiante en estudios superiores o universitario;Pregrado universitario (Grado o Licenciatura).;Diariamente.;"Buses municipales;Taxis";"Por estudio;Por compromisos personales o familiares";No poseo licencia, pero estoy interesado en obtenerla pronto.;No;;;;;;;Sí;;"Desconfianza frente a clientes / personas desconocidas;Posibles daños o mal uso del vehículo rentado;Posible uso de vehículos para fines no autorizados";No;;;;No;;;;;No;;;;;;;;;;;;;;;;;;;;;;;;;;No me llama la atención, gracias.;;;;;;;;;;;;;;;;;;;;;;;;Clara;Neutral - Es un buen concepto que requiere más desarrollo.;"Por chat con asesor mediante Whatsapp;Un chat en la plataforma;Por llamada telefónica";3;[2, 4)
2025-05-12;03:16;Acepto.;18-25;Colombia;Tunja (Boyacá);Masculino.;3 - (Medio);Soy estudiante en estudios superiores o universitario;Pregrado universitario (Grado o Licenciatura).;Diariamente.;Buses municipales;Por estudio;Poseo licencia de conducción vigente o próxima a renovar.;Sí;Diariamente.;Un único vehículo.;No, es un vehículo completamente propio.;Automóvil (carros, camionetas, entre otros);;;Sí;"Posibilidad de generar ingresos como propietario del vehículo;Diversidad de vehículos para rentar / arrendar;Aprovechamiento de vehículos particulares inactivos";"Falta de regulación por parte de entidades oficiales;Posibles daños o mal uso del vehículo rentado";No;;;;No;;;;;No;;;;;;;;;;;;;;;;;;;;;;;;;;No me llama la atención, gracias.;;;;;;;;;;;;;;;;;;;;;;;;Clara;Neutral - Es un buen concepto que requiere más desarrollo.;Un chat en la plataforma;3;[2, 4)
2025-05-12;06:27;Acepto.;18-25;Colombia;Tunja (Boyacá);Masculino.;2 - (Bajo - Medio);Soy estudiante en estudios superiores o universitario;Pregrado universitario (Grado o Licenciatura).;Rara vez.;Buses municipales;Por estudio;Poseo licencia de conducción vigente o próxima a renovar.;No;;;;;;;Sí;Experiencia de negocio más personalizada;"Posibles daños o mal uso del vehículo rentado;Posible uso de vehículos para fines no autorizados";No;;;;No;;;;;No;;;;;;;;;;;;;;;;;;;;;;;;;;No me llama la atención, gracias.;;;;;;;;;;;;;;;;;;;;;;;;Confusa;Neutral - Es un buen concepto que requiere más desarrollo.;"Un chat en la plataforma;Por llamada telefónica";6;[6, 8)
2025-05-12;03:39;Acepto.;18-25;Colombia;Tunja (Boyacá);Femenino.;2 - (Bajo - Medio);Soy estudiante en estudios superiores o universitario;Pregrado universitario (Grado o Licenciatura).;Rara vez.;"Buses municipales;Buses intermunicipales";Por estudio;No poseo licencia, y tampoco estoy interesado en obtenerla en el momento.;No;;;;;;;No;Mayor flexibilidad en horarios;Falta de control en la entrega o devolución del vehículo;No;;;;No;;;;;No;;;;;;;;;;;;;;;;;;;;;;;;;;No me llama la atención, gracias.;;;;;;;;;;;;;;;;;;;;;;;;Clara;Muy improbable - No me encuentro interesado o no hay una mercado de interés.;Con un chatbot (Sea por plataforma, Whatsapp, u otro medio.);3;[2, 4)
2025-05-12;08:56;Acepto.;26-35;Colombia;Tunja (Boyacá);Masculino.;3 - (Medio);Soy estudiante en estudios superiores o universitario;Pregrado universitario (Grado o Licenciatura).;Diariamente.;"Buses municipales;SITP";"Por estudio;Por compromisos personales o familiares";Poseo licencia de conducción vigente o próxima a renovar.;No;;;;;;;Sí;"Posibilidad de generar ingresos como propietario del vehículo;Promueve la economía colaborativa";"Posibles daños o mal uso del vehículo rentado;Desconfianza frente a clientes / personas desconocidas;Falta de regulación por parte de entidades oficiales;Posible uso de vehículos para fines no autorizados;Falta de control en la entrega o devolución del vehículo";No;;;;No;;;;;Sí;"A disposición personal.;";🔴Prioridad Alta🔴;🔴Prioridad Alta🔴;🔴Prioridad Alta🔴;🔴Prioridad Alta🔴;🔴Prioridad Alta🔴;🔴Prioridad Alta🔴;🔴Prioridad Alta🔴;🔴Prioridad Alta🔴;🟡Prioridad Media🟡;🔴Prioridad Alta🔴;🔴Prioridad Alta🔴;🔴Prioridad Alta🔴;;"Reciba solicitudes y pueda aceptarlas o denegarlas.;Pueda configurar qué tipo de solicitudes quiero recibir, para luego aceptarlas o denegarlas.;Pueda confiar en la plataforma para que me consulten, o ellos mismos acepten y denieguen un servicio que me solicitan.;";"Entre $50.000 a $80.000 la hora.;";"Entre $100.000 a $150.000 el día.;";"Por transacción bancaria inmediata, una vez aprobado el servicio por mí y el cliente;En efectivo, antes de entregar el vehículo al cliente";🟡Prioridad Media🟡;🔴Prioridad Alta🔴;🟡Prioridad Media🟡;🔴Prioridad Alta🔴;🟡Prioridad Media🟡;;"Aceptaría pagar una comisión del 4% al 9% por servicio.;";¡Sí, me apuntaría en el presente o en el futuro!;"Por horas.;Por días.;Por semanas.;Por exclusividad con el propietario.;";🔴Prioridad Alta🔴;🔴Prioridad Alta🔴;🔴Prioridad Alta🔴;🔴Prioridad Alta🔴;🔴Prioridad Alta🔴;🔴Prioridad Alta🔴;🔴Prioridad Alta🔴;🔴Prioridad Alta🔴;🔴Prioridad Alta🔴;🔴Prioridad Alta🔴;;"Entre $30.000 a $50.000 la hora.;";"Entre $100.000 a $150.000 el día.;";🟡Prioridad Media🟡;🔴Prioridad Alta🔴;🔴Prioridad Alta🔴;🔴Prioridad Alta🔴;🔴Prioridad Alta🔴;🔴Prioridad Alta🔴;🔴Prioridad Alta🔴;🔴Prioridad Alta🔴;;Clara;Probable - Me gustaría conocer más de la plataforma antes de entrar.;"Un chat en la plataforma;Por chat con asesor mediante Whatsapp;Con un chatbot (Sea por plataforma, Whatsapp, u otro medio.)";8;[8, 10)
2025-05-12;01:32;Acepto.;18-25;Colombia;Duitama (Boyacá);Femenino.;3 - (Medio);Soy estudiante en estudios superiores o universitario;Pregrado universitario (Grado o Licenciatura).;Únicamente los fines de semana.;"Buses municipales;Buses intermunicipales";Por estudio;No poseo licencia, y tampoco estoy interesado en obtenerla en el momento.;No;;;;;;;No;"Diversidad de vehículos para rentar / arrendar;Mayor flexibilidad en horarios";"Posibles daños o mal uso del vehículo rentado;Falta de regulación por parte de entidades oficiales";No;;;;No;;;;;No;;;;;;;;;;;;;;;;;;;;;;;;;;No me llama la atención, gracias.;;;;;;;;;;;;;;;;;;;;;;;;Clara;Probable - Me gustaría conocer más de la plataforma antes de entrar.;Por chat con asesor mediante Whatsapp;1;[0, 2)
2025-05-12;06:17;Acepto.;18-25;Colombia;Tunja (Boyacá);Masculino.;3 - (Medio);Soy estudiante en estudios superiores o universitario;Formación Técnica o Tecnológica.;Rara vez.;Buses municipales;Por estudio;Poseo licencia de conducción vigente o próxima a renovar.;No;;;;;;;No;;;No;;;;No;;;;;No;;;;;;;;;;;;;;;;;;;;;;;;;;¡Sí, me apuntaría en el presente o en el futuro!;"Por horas.;";🔴Prioridad Alta🔴;🔴Prioridad Alta🔴;🔴Prioridad Alta🔴;🔴Prioridad Alta🔴;🔴Prioridad Alta🔴;🔴Prioridad Alta🔴;🔴Prioridad Alta🔴;🔴Prioridad Alta🔴;🟡Prioridad Media🟡;🟡Prioridad Media🟡;;"Entre $15.000 a $30.000 la hora.;";"Entre $100.000 a $150.000 el día.;";🟡Prioridad Media🟡;🔴Prioridad Alta🔴;🟡Prioridad Media🟡;🔴Prioridad Alta🔴;🔴Prioridad Alta🔴;🟡Prioridad Media🟡;🔴Prioridad Alta🔴;🔴Prioridad Alta🔴;;Clara;Improbable - Es un buen concepto con difícil ejecución.;"Por chat con asesor mediante Whatsapp;Un chat en la plataforma";6;[6, 8)
2025-05-12;05:04;Acepto.;18-25;Colombia;Tunja (Boyacá);Masculino.;2 - (Bajo - Medio);Soy estudiante en estudios superiores o universitario;Pregrado universitario (Grado o Licenciatura).;Diariamente.;"Taxis;Buses municipales";Por estudio;No poseo licencia, pero estoy interesado en obtenerla pronto.;No;;;;;;;No;"Mayor flexibilidad en horarios;Aprovechamiento de vehículos particulares inactivos";Desconfianza frente a clientes / personas desconocidas;No;;;;No;;;;;Sí;"Por días (cualquier día).;";🔴Prioridad Alta🔴;🔴Prioridad Alta🔴;🔴Prioridad Alta🔴;🔴Prioridad Alta🔴;🟡Prioridad Media🟡;🟡Prioridad Media🟡;🟡Prioridad Media🟡;🟢Prioridad Baja🟢;🟢Prioridad Baja🟢;🔴Prioridad Alta🔴;🔴Prioridad Alta🔴;🟡Prioridad Media🟡;;"Pueda configurar qué tipo de solicitudes quiero recibir, para luego aceptarlas o denegarlas.;";"Desde $80.000 en adelante.;";"Entre $150.000 a $200.000 el día.;";En efectivo, antes de entregar el vehículo al cliente;🟡Prioridad Media🟡;🟡Prioridad Media🟡;🟡Prioridad Media🟡;🟡Prioridad Media🟡;🟡Prioridad Media🟡;;"Aceptaría pagar una comisión del 4% al 9% por servicio.;";No me llama la atención, gracias.;;;;;;;;;;;;;;;;;;;;;;;;Clara;Probable - Me gustaría conocer más de la plataforma antes de entrar.;Por llamada telefónica;5;[4, 6)
2025-05-12;06:17;Acepto.;18-25;Colombia;Tunja (Boyacá);Masculino.;3 - (Medio);Soy estudiante en estudios superiores o universitario;Formación Técnica o Tecnológica.;Rara vez.;Buses municipales;Por estudio;Poseo licencia de conducción vigente o próxima a renovar.;No;;;;;;;No;;;No;;;;No;;;;;No;;;;;;;;;;;;;;;;;;;;;;;;;;¡Sí, me apuntaría en el presente o en el futuro!;"Por horas.;";🔴Prioridad Alta🔴;🔴Prioridad Alta🔴;🔴Prioridad Alta🔴;🔴Prioridad Alta🔴;🔴Prioridad Alta🔴;🔴Prioridad Alta🔴;🔴Prioridad Alta🔴;🔴Prioridad Alta🔴;🟡Prioridad Media🟡;🟡Prioridad Media🟡;;"Entre $15.000 a $30.000 la hora.;";"Entre $100.000 a $150.000 el día.;";🟡Prioridad Media🟡;🔴Prioridad Alta🔴;🟡Prioridad Media🟡;🔴Prioridad Alta🔴;🔴Prioridad Alta🔴;🟡Prioridad Media🟡;🔴Prioridad Alta🔴;🔴Prioridad Alta🔴;;Clara;Improbable - Es un buen concepto con difícil ejecución.;"Por chat con asesor mediante Whatsapp;Un chat en la plataforma";6;[6, 8)
2025-05-12;06:17;Acepto.;18-25;Colombia;Tunja (Boyacá);Masculino.;3 - (Medio);Soy estudiante en estudios superiores o universitario;Formación Técnica o Tecnológica.;Rara vez.;Buses municipales;Por estudio;Poseo licencia de conducción vigente o próxima a renovar.;No;;;;;;;No;;;No;;;;No;;;;;No;;;;;;;;;;;;;;;;;;;;;;;;;;¡Sí, me apuntaría en el presente o en el futuro!;"Por horas.;";🔴Prioridad Alta🔴;🔴Prioridad Alta🔴;🔴Prioridad Alta🔴;🔴Prioridad Alta🔴;🔴Prioridad Alta🔴;🔴Prioridad Alta🔴;🔴Prioridad Alta🔴;🔴Prioridad Alta🔴;🟡Prioridad Media🟡;🟡Prioridad Media🟡;;"Entre $15.000 a $30.000 la hora.;";"Entre $100.000 a $150.000 el día.;";🟡Prioridad Media🟡;🔴Prioridad Alta🔴;🟡Prioridad Media🟡;🔴Prioridad Alta🔴;🔴Prioridad Alta🔴;🟡Prioridad Media🟡;🔴Prioridad Alta🔴;🔴Prioridad Alta🔴;;Clara;Improbable - Es un buen concepto con difícil ejecución.;"Por chat con asesor mediante Whatsapp;Un chat en la plataforma";6;[6, 8)
2025-05-12;03:32;Acepto.;18-25;Colombia;Tunja (Boyacá);Masculino.;3 - (Medio);"Soy freelancer / independiente;Soy estudiante en estudios superiores o universitario";Pregrado universitario (Grado o Licenciatura).;Diariamente.;Buses municipales;Por estudio;No poseo licencia, pero estoy interesado en obtenerla pronto.;No;;;;;;;No;Diversidad de vehículos para rentar / arrendar;Desconfianza frente a clientes / personas desconocidas;No;;;;No;;;;;Sí;"Por días (cualquier día).;";🟢Prioridad Baja🟢;🔴Prioridad Alta🔴;🔴Prioridad Alta🔴;🟡Prioridad Media🟡;🟡Prioridad Media🟡;🟡Prioridad Media🟡;🟡Prioridad Media🟡;🟡Prioridad Media🟡;🟡Prioridad Media🟡;🔴Prioridad Alta🔴;🟡Prioridad Media🟡;🟡Prioridad Media🟡;;"Pueda configurar qué tipo de solicitudes quiero recibir, para luego aceptarlas o denegarlas.;";"No me encuentro interesado en rentar por horas.;";"Entre $100.000 a $150.000 el día.;";En efectivo, cuando el cliente devuelve el vehículo;🟡Prioridad Media🟡;🔴Prioridad Alta🔴;🟡Prioridad Media🟡;🔴Prioridad Alta🔴;🔴Prioridad Alta🔴;;"No estaría interesado en pagar comisión alguna.;";No me llama la atención, gracias.;;;;;;;;;;;;;;;;;;;;;;;;Confusa;Probable - Me gustaría conocer más de la plataforma antes de entrar.;Por correo electrónico;3;[2, 4)
2025-05-12;06:09;Acepto.;18-25;Colombia;Tunja (Boyacá);Femenino.;4 - (Medio Alto);Soy estudiante en estudios superiores o universitario;Pregrado universitario (Grado o Licenciatura).;Diariamente.;"Buses municipales;Buses intermunicipales;Taxis";"Por estudio;Por compromisos personales o familiares";No poseo licencia, pero estoy interesado en obtenerla pronto.;No;;;;;;;Sí;"Aprovechamiento de vehículos particulares inactivos;Promueve la economía colaborativa";"Posibles daños o mal uso del vehículo rentado;Posible uso de vehículos para fines no autorizados";No;;;;No;;;;;No;;;;;;;;;;;;;;;;;;;;;;;;;;No me llama la atención, gracias.;;;;;;;;;;;;;;;;;;;;;;;;Clara;Probable - Me gustaría conocer más de la plataforma antes de entrar.;Un chat en la plataforma;6;[6, 8)
2025-05-12;01:53;Acepto.;18-25;Colombia;Tunja (Boyacá);Masculino.;3 - (Medio);Soy estudiante en estudios superiores o universitario;Formación Técnica o Tecnológica.;Rara vez.;Taxis;Por estudio;Poseo licencia de conducción vigente o próxima a renovar.;No;;;;;;;Sí;"Mejor negociación en condiciones de arriendo;Mayor flexibilidad en horarios";Desconfianza frente a clientes / personas desconocidas;Sí;"A través de una empresa o entidad presencial.;";"Buena gestión por parte de la entidad sobre el vehículo.;";"Decisiones arbitrarias por parte de la entidad sobre el vehículo propio.;";No;;;;;No;;;;;;;;;;;;;;;;;;;;;;;;;;No me llama la atención, gracias.;;;;;;;;;;;;;;;;;;;;;;;;Confusa;Muy improbable - No me encuentro interesado o no hay una mercado de interés.;Por chat con asesor mediante Whatsapp;1;[0, 2)
2025-05-12;06:55;Acepto.;18-25;Colombia;Tunja (Boyacá);Masculino.;6 - (Muy Alto);"Soy estudiante de secundaria;Soy estudiante en estudios superiores o universitario;Soy empleado";Secundaria básica (6° a 9°).;Diariamente.;Taxis;Por trabajo;Poseo licencia de conducción vigente o próxima a renovar.;No;;;;;;;Sí;Mayor flexibilidad en horarios;Posibles daños o mal uso del vehículo rentado;No;;;;No;;;;;Sí;"Por días (cualquier día).;Por horas.;";🟡Prioridad Media🟡;🔴Prioridad Alta🔴;🔴Prioridad Alta🔴;🔴Prioridad Alta🔴;🔴Prioridad Alta🔴;🔴Prioridad Alta🔴;🔴Prioridad Alta🔴;🔴Prioridad Alta🔴;🔴Prioridad Alta🔴;🔴Prioridad Alta🔴;🔴Prioridad Alta🔴;🔴Prioridad Alta🔴;;"Reciba solicitudes y pueda aceptarlas o denegarlas.;";"No me encuentro interesado en rentar por horas.;";"No me encuentro interesado en rentar por días.;";En efectivo, antes de entregar el vehículo al cliente;🔴Prioridad Alta🔴;🔴Prioridad Alta🔴;🔴Prioridad Alta🔴;🔴Prioridad Alta🔴;🔴Prioridad Alta🔴;;"Preferiría pagar una suscripción mensual.;";¡Sí, me apuntaría en el presente o en el futuro!;"Por días.;";🔴Prioridad Alta🔴;🔴Prioridad Alta🔴;🔴Prioridad Alta🔴;🔴Prioridad Alta🔴;🔴Prioridad Alta🔴;🔴Prioridad Alta🔴;🔴Prioridad Alta🔴;🔴Prioridad Alta🔴;🔴Prioridad Alta🔴;🔴Prioridad Alta🔴;;"Entre $15.000 a $30.000 la hora.;";"Entre $100.000 a $150.000 el día.;";🔴Prioridad Alta🔴;🔴Prioridad Alta🔴;🔴Prioridad Alta🔴;🔴Prioridad Alta🔴;🔴Prioridad Alta🔴;🔴Prioridad Alta🔴;🔴Prioridad Alta🔴;🔴Prioridad Alta🔴;;Clara;Probable - Me gustaría conocer más de la plataforma antes de entrar.;"Un chat en la plataforma;Por correo electrónico;Por llamada telefónica;Por chat con asesor mediante Whatsapp";6;[6, 8)
2025-05-12;06:59;Acepto.;18-25;Colombia;Tunja (Boyacá);Masculino.;3 - (Medio);Soy estudiante en estudios superiores o universitario;Pregrado universitario (Grado o Licenciatura).;Rara vez.;;Por estudio;Poseo licencia de conducción vigente o próxima a renovar.;Sí;Diariamente.;Varios vehículos.;;;"Sí, comparto mi vehículo personal con familiares, amigos o conocidos.;";"Automóvil (carros, camionetas, entre otros);";Sí;Posibilidad de generar ingresos como propietario del vehículo;Posibles daños o mal uso del vehículo rentado;No;;;;No;;;;;Sí;"Por días (cualquier día).;";🔴Prioridad Alta🔴;🔴Prioridad Alta🔴;🔴Prioridad Alta🔴;🔴Prioridad Alta🔴;🟡Prioridad Media🟡;🔴Prioridad Alta🔴;🔴Prioridad Alta🔴;🔴Prioridad Alta🔴;🔴Prioridad Alta🔴;🔴Prioridad Alta🔴;🔴Prioridad Alta🔴;🔴Prioridad Alta🔴;;"Pueda configurar qué tipo de solicitudes quiero recibir, para luego aceptarlas o denegarlas.;";"Entre $50.000 a $80.000 la hora.;";"Entre $250.000 a $350.000 el día.;";Por transacción bancaria inmediata, una vez aprobado el servicio por mí y el cliente;🔴Prioridad Alta🔴;🔴Prioridad Alta🔴;🔴Prioridad Alta🔴;🔴Prioridad Alta🔴;🟡Prioridad Media🟡;;"Preferiría pagar una suscripción mensual.;";¡Sí, me apuntaría en el presente o en el futuro!;"Por horas.;";🔴Prioridad Alta🔴;🔴Prioridad Alta🔴;🔴Prioridad Alta🔴;🔴Prioridad Alta🔴;🔴Prioridad Alta🔴;🔴Prioridad Alta🔴;🔴Prioridad Alta🔴;🔴Prioridad Alta🔴;🔴Prioridad Alta🔴;🔴Prioridad Alta🔴;;"Entre $15.000 a $30.000 la hora.;Entre $30.000 a $50.000 la hora.;";"Entre $100.000 a $150.000 el día.;Entre $150.000 a $200.000 el día.;";🔴Prioridad Alta🔴;🔴Prioridad Alta🔴;🔴Prioridad Alta🔴;🔴Prioridad Alta🔴;🔴Prioridad Alta🔴;🔴Prioridad Alta🔴;🔴Prioridad Alta🔴;🔴Prioridad Alta🔴;;Clara;Muy improbable - No me encuentro interesado o no hay una mercado de interés.;Por chat con asesor mediante Whatsapp;6;[6, 8)
2025-05-12;16:18;Acepto.;18-25;Colombia;Tunja (Boyacá);Masculino.;2 - (Bajo - Medio);Soy estudiante en estudios superiores o universitario;Formación Técnica o Tecnológica.;Diariamente.;Buses municipales;Por estudio;No poseo licencia, pero estoy interesado en obtenerla pronto.;No;;;;;;;No;Posibilidad de generar ingresos como propietario del vehículo;Desconfianza frente a clientes / personas desconocidas;No;;;;No;;;;;Sí;"Por días (cualquier día).;";🔴Prioridad Alta🔴;🔴Prioridad Alta🔴;🔴Prioridad Alta🔴;🟡Prioridad Media🟡;🟡Prioridad Media🟡;🟡Prioridad Media🟡;🟡Prioridad Media🟡;🟡Prioridad Media🟡;🟡Prioridad Media🟡;🔴Prioridad Alta🔴;🔴Prioridad Alta🔴;🟡Prioridad Media🟡;;"Pueda configurar qué tipo de solicitudes quiero recibir, para luego aceptarlas o denegarlas.;";"Entre $15.000 a $30.000 la hora.;";"Entre $150.000 a $200.000 el día.;";Por transacción bancaria inmediata, una vez aprobado el servicio por mí y el cliente;🟡Prioridad Media🟡;🟡Prioridad Media🟡;🟡Prioridad Media🟡;🟡Prioridad Media🟡;🟡Prioridad Media🟡;;"Aceptaría pagar una comisión del 10% al 14% por servicio.;";¡Sí, me apuntaría en el presente o en el futuro!;"Por días.;";🟡Prioridad Media🟡;🟡Prioridad Media🟡;🟡Prioridad Media🟡;🟡Prioridad Media🟡;🟡Prioridad Media🟡;🟡Prioridad Media🟡;🟡Prioridad Media🟡;🟡Prioridad Media🟡;🟡Prioridad Media🟡;🟡Prioridad Media🟡;;"Entre $15.000 a $30.000 la hora.;";"Entre $150.000 a $200.000 el día.;";🟡Prioridad Media🟡;🟡Prioridad Media🟡;🟡Prioridad Media🟡;🟡Prioridad Media🟡;🟡Prioridad Media🟡;🟡Prioridad Media🟡;🟡Prioridad Media🟡;🟡Prioridad Media🟡;;Clara;Probable - Me gustaría conocer más de la plataforma antes de entrar.;Un chat en la plataforma;16;[16, 18)
2025-05-12;05:23;Acepto.;18-25;Colombia;Tunja (Boyacá);Masculino.;2 - (Bajo - Medio);Soy estudiante en estudios superiores o universitario;Pregrado universitario (Grado o Licenciatura).;Únicamente entre semana.;Buses municipales;Por estudio;Poseo licencia de conducción vigente o próxima a renovar.;No;;;;;;;No;Posibilidad de generar ingresos como propietario del vehículo;Posible uso de vehículos para fines no autorizados;No;;;;No;;;;;No;;;;;;;;;;;;;;;;;;;;;;;;;;No me llama la atención, gracias.;;;;;;;;;;;;;;;;;;;;;;;;Clara;Neutral - Es un buen concepto que requiere más desarrollo.;Un chat en la plataforma;5;[4, 6)
2025-05-12;09:27;Acepto.;36-45;Colombia;Tunja (Boyacá);Masculino.;3 - (Medio);"Soy estudiante en estudios superiores o universitario;Estoy desempleado";Formación Técnica o Tecnológica.;Diariamente.;"Buses municipales;Taxis;Buses intermunicipales";Por estudio;Poseo licencia de conducción vigente o próxima a renovar.;No;;;;;;;No;"Mayor flexibilidad en horarios;Posibilidad de generar ingresos como propietario del vehículo;Diversidad de vehículos para rentar / arrendar;Promueve la economía colaborativa";"Falta de regulación por parte de entidades oficiales;Posible uso de vehículos para fines no autorizados";No;;;;No;;;;;No;;;;;;;;;;;;;;;;;;;;;;;;;;¡Sí, me apuntaría en el presente o en el futuro!;"Por días.;";🔴Prioridad Alta🔴;🟡Prioridad Media🟡;🔴Prioridad Alta🔴;🟢Prioridad Baja🟢;🟢Prioridad Baja🟢;🟢Prioridad Baja🟢;🔴Prioridad Alta🔴;🟡Prioridad Media🟡;🔴Prioridad Alta🔴;🔴Prioridad Alta🔴;;"Entre $30.000 a $50.000 la hora.;";"Entre $150.000 a $200.000 el día.;";🟡Prioridad Media🟡;🔴Prioridad Alta🔴;🟡Prioridad Media🟡;🔴Prioridad Alta🔴;🔴Prioridad Alta🔴;🔴Prioridad Alta🔴;🟢Prioridad Baja🟢;🔴Prioridad Alta🔴;;Clara;Muy probable - Me gustaría inscribirme en la plataforma.;"Un chat en la plataforma;Por correo electrónico;Por chat con asesor mediante Whatsapp";9;[8, 10)
2025-05-16;04:46;Acepto.;18-25;Colombia;Tunja (Boyacá);Masculino.;4 - (Medio Alto);"Soy estudiante en estudios superiores o universitario;Soy freelancer / independiente";Pregrado universitario (Grado o Licenciatura).;Rara vez.;Otro: Servicios (informales);"Por compromisos personales o familiares;Por estudio";Poseo licencia de conducción vigente o próxima a renovar.;Sí;Diariamente.;Varios vehículos.;;;"No, son vehículos completamente propios.;";"Automóvil (carros, camionetas, entre otros);";Sí;Posibilidad de generar ingresos como propietario del vehículo;"Desconfianza frente a clientes / personas desconocidas;Posibles daños o mal uso del vehículo rentado;Falta de regulación por parte de entidades oficiales;Posible uso de vehículos para fines no autorizados;Falta de control en la entrega o devolución del vehículo";No;;;;No;;;;;No;;;;;;;;;;;;;;;;;;;;;;;;;;No me llama la atención, gracias.;;;;;;;;;;;;;;;;;;;;;;;;Clara;Muy improbable - No me encuentro interesado o no hay una mercado de interés.;"Un chat en la plataforma;Por chat con asesor mediante Whatsapp;Con un chatbot (Sea por plataforma, Whatsapp, u otro medio.)";4;[4, 6)
2025-05-16;03:49;Acepto.;18-25;Colombia;Cómbita (Boyacá);Masculino.;1 - (Bajo);Soy estudiante en estudios superiores o universitario;Secundaria media (10° a 11°, o Vocacional, o Preparatoria).;Únicamente entre semana.;"Buses intermunicipales;Buses municipales;Taxis";Por estudio;No poseo licencia, pero estoy interesado en obtenerla pronto.;No;;;;;;;No;Mejor negociación en condiciones de arriendo;Posibles daños o mal uso del vehículo rentado;No;;;;No;;;;;No;;;;;;;;;;;;;;;;;;;;;;;;;;No me llama la atención, gracias.;;;;;;;;;;;;;;;;;;;;;;;;Clara;Muy probable - Me gustaría inscribirme en la plataforma.;Por correo electrónico;3;[2, 4)
2025-05-16;02:25;Acepto.;18-25;Colombia;Bogotá D.C.;Femenino.;4 - (Medio Alto);Soy estudiante en estudios superiores o universitario;Pregrado universitario (Grado o Licenciatura).;Únicamente entre semana.;"Taxis;Buses municipales";Por estudio;No poseo licencia, pero estoy interesado en obtenerla pronto.;No;;;;;;;No;Mayor flexibilidad en horarios;Falta de regulación por parte de entidades oficiales;No;;;;No;;;;;No;;;;;;;;;;;;;;;;;;;;;;;;;;No me llama la atención, gracias.;;;;;;;;;;;;;;;;;;;;;;;;Clara;Probable - Me gustaría conocer más de la plataforma antes de entrar.;Un chat en la plataforma;2;[2, 4)
2025-05-16;02:35;Acepto.;18-25;Colombia;Tunja (Boyacá);Femenino.;4 - (Medio Alto);Soy estudiante de secundaria;Secundaria media (10° a 11°, o Vocacional, o Preparatoria).;Diariamente.;"Taxis;Buses municipales";Por estudio;No poseo licencia, pero estoy interesado en obtenerla pronto.;No;;;;;;;No;Mayor flexibilidad en horarios;Posibles daños o mal uso del vehículo rentado;No;;;;No;;;;;No;;;;;;;;;;;;;;;;;;;;;;;;;;No me llama la atención, gracias.;;;;;;;;;;;;;;;;;;;;;;;;Clara;Muy improbable - No me encuentro interesado o no hay una mercado de interés.;Por chat con asesor mediante Whatsapp;2;[2, 4)
2025-05-16;03:31;Acepto.;18-25;Colombia;Tunja (Boyacá);Masculino.;4 - (Medio Alto);Soy estudiante en estudios superiores o universitario;Pregrado universitario (Grado o Licenciatura).;Diariamente.;Buses municipales;Por estudio;No poseo licencia, pero estoy interesado en obtenerla pronto.;Sí;Solo entre semana laboral.;Un único vehículo.;Sí, es un vehículo compartido con familiares, amigos o conocidos.;Automóvil (carros, camionetas, entre otros);;;Sí;"Diversidad de vehículos para rentar / arrendar;Promueve la economía colaborativa";"Posibles daños o mal uso del vehículo rentado;Desconfianza frente a clientes / personas desconocidas;Posible uso de vehículos para fines no autorizados";No;;;;No;;;;;No;;;;;;;;;;;;;;;;;;;;;;;;;;No me llama la atención, gracias.;;;;;;;;;;;;;;;;;;;;;;;;Clara;Neutral - Es un buen concepto que requiere más desarrollo.;"Un chat en la plataforma;Por chat con asesor mediante Whatsapp;Por llamada telefónica";3;[2, 4)
2025-05-16;04:24;Acepto.;18-25;Colombia;Tunja (Boyacá);Masculino.;3 - (Medio);Soy empleado;Pregrado universitario (Grado o Licenciatura).;Rara vez.;"Taxis;Buses intermunicipales";"Por compromisos personales o familiares;Por trabajo";Poseo licencia de conducción vigente o próxima a renovar.;Sí;Diariamente.;Un único vehículo.;Ocasionalmente lo comparto con mi familia, amigos o conocidos.;Motocicleta;;;Sí;"Posibilidad de generar ingresos como propietario del vehículo;Diversidad de vehículos para rentar / arrendar;Aprovechamiento de vehículos particulares inactivos";"Posibles daños o mal uso del vehículo rentado;Desconfianza frente a clientes / personas desconocidas;Falta de regulación por parte de entidades oficiales";No;;;;Sí;Colombia;;;;No;;;;;;;;;;;;;;;;;;;;;;;;;;No me llama la atención, gracias.;;;;;;;;;;;;;;;;;;;;;;;;Clara;Neutral - Es un buen concepto que requiere más desarrollo.;"Un chat en la plataforma;Por llamada telefónica;Por chat con asesor mediante Whatsapp;Con un chatbot (Sea por plataforma, Whatsapp, u otro medio.);Por correo electrónico";4;[4, 6)
2025-05-16;06:22;Acepto.;16-17;Colombia;Tunja (Boyacá);Femenino.;3 - (Medio);Soy estudiante en estudios superiores o universitario;Pregrado universitario (Grado o Licenciatura).;Diariamente.;"Taxis;Buses municipales";"Por estudio;Por compromisos personales o familiares";Poseo licencia de conducción vigente o próxima a renovar.;Sí;Solo durante fines de semana.;Varios vehículos.;;;"Sí, comparto mi vehículo personal con familiares, amigos o conocidos.;";"Scooter;Automóvil (carros, camionetas, entre otros);";Sí;Experiencia de negocio más personalizada;Posibles daños o mal uso del vehículo rentado;No;;;;No;;;;;No;;;;;;;;;;;;;;;;;;;;;;;;;;¡Sí, me apuntaría en el presente o en el futuro!;"Por días.;Por horas.;";🔴Prioridad Alta🔴;🟡Prioridad Media🟡;🔴Prioridad Alta🔴;🔴Prioridad Alta🔴;🟡Prioridad Media🟡;🟡Prioridad Media🟡;🟡Prioridad Media🟡;🔴Prioridad Alta🔴;🟡Prioridad Media🟡;🟡Prioridad Media🟡;;"Entre $30.000 a $50.000 la hora.;";"Entre $100.000 a $150.000 el día.;";🔴Prioridad Alta🔴;🟡Prioridad Media🟡;🔴Prioridad Alta🔴;🔴Prioridad Alta🔴;🔴Prioridad Alta🔴;🔴Prioridad Alta🔴;🔴Prioridad Alta🔴;🔴Prioridad Alta🔴;;Clara;Probable - Me gustaría conocer más de la plataforma antes de entrar.;"Un chat en la plataforma;Por chat con asesor mediante Whatsapp;Con un chatbot (Sea por plataforma, Whatsapp, u otro medio.)";6;[6, 8)
2025-05-16;06:27;Acepto.;18-25;Colombia;Tunja (Boyacá);Femenino.;4 - (Medio Alto);Soy estudiante en estudios superiores o universitario;Pregrado universitario (Grado o Licenciatura).;Diariamente.;"Taxis;Buses municipales";Por estudio;No poseo licencia, pero estoy interesado en obtenerla pronto.;No;;;;;;;No;"Mayor flexibilidad en horarios;Posibilidad de generar ingresos como propietario del vehículo";"Posibles daños o mal uso del vehículo rentado;Posible uso de vehículos para fines no autorizados;Falta de control en la entrega o devolución del vehículo;Falta de regulación por parte de entidades oficiales;Desconfianza frente a clientes / personas desconocidas";No;;;;No;;;;;Sí;"Por días (cualquier día).;";🔴Prioridad Alta🔴;🔴Prioridad Alta🔴;🔴Prioridad Alta🔴;🔴Prioridad Alta🔴;🔴Prioridad Alta🔴;🔴Prioridad Alta🔴;🔴Prioridad Alta🔴;🔴Prioridad Alta🔴;🔴Prioridad Alta🔴;🔴Prioridad Alta🔴;🔴Prioridad Alta🔴;🔴Prioridad Alta🔴;;"Pueda configurar qué tipo de solicitudes quiero recibir, para luego aceptarlas o denegarlas.;";"No me encuentro interesado en rentar por horas.;";"Entre $100.000 a $150.000 el día.;Entre $150.000 a $200.000 el día.;";"En efectivo, antes de entregar el vehículo al cliente;Por transacción bancaria inmediata, una vez aprobado el servicio por mí y el cliente";🟡Prioridad Media🟡;🔴Prioridad Alta🔴;🔴Prioridad Alta🔴;🔴Prioridad Alta🔴;🔴Prioridad Alta🔴;;"Preferiría pagar una suscripción mensual.;";No me llama la atención, gracias.;;;;;;;;;;;;;;;;;;;;;;;;Clara;Neutral - Es un buen concepto que requiere más desarrollo.;"Por llamada telefónica;Un chat en la plataforma";6;[6, 8)
2025-05-16;08:43;Acepto.;36-45;Colombia;Tunja (Boyacá);Masculino.;2 - (Bajo - Medio);Soy empleado;Pregrado universitario (Grado o Licenciatura).;Rara vez.;"Taxis;Buses intermunicipales";"Por trabajo;Por compromisos personales o familiares";Poseo licencia de conducción vigente o próxima a renovar.;Sí;Diariamente.;Un único vehículo.;Ocasionalmente lo comparto con mi familia, amigos o conocidos.;Motocicleta;;;No;"Mayor flexibilidad en horarios;Mejor negociación en condiciones de arriendo;Posibilidad de generar ingresos como propietario del vehículo;Diversidad de vehículos para rentar / arrendar;Promueve la economía colaborativa;Aprovechamiento de vehículos particulares inactivos";"Posibles daños o mal uso del vehículo rentado;Desconfianza frente a clientes / personas desconocidas;Falta de regulación por parte de entidades oficiales;Posible uso de vehículos para fines no autorizados;Falta de control en la entrega o devolución del vehículo";No;;;;No;;;;;Sí;"Por días (cualquier día).;";🔴Prioridad Alta🔴;🔴Prioridad Alta🔴;🔴Prioridad Alta🔴;🔴Prioridad Alta🔴;🔴Prioridad Alta🔴;🟡Prioridad Media🟡;🔴Prioridad Alta🔴;🔴Prioridad Alta🔴;🟡Prioridad Media🟡;🔴Prioridad Alta🔴;🔴Prioridad Alta🔴;🔴Prioridad Alta🔴;;"Pueda confiar en la plataforma para que me consulten, o ellos mismos acepten y denieguen un servicio que me solicitan.;";"No me encuentro interesado en rentar por horas.;";"Entre $100.000 a $150.000 el día.;";Por transacción bancaria inmediata, una vez aprobado el servicio por mí y el cliente;🔴Prioridad Alta🔴;🔴Prioridad Alta🔴;🔴Prioridad Alta🔴;🔴Prioridad Alta🔴;🔴Prioridad Alta🔴;;"No estaría interesado en pagar comisión alguna.;";¡Sí, me apuntaría en el presente o en el futuro!;"Por días.;";🔴Prioridad Alta🔴;🔴Prioridad Alta🔴;🔴Prioridad Alta🔴;🟡Prioridad Media🟡;🔴Prioridad Alta🔴;🔴Prioridad Alta🔴;🔴Prioridad Alta🔴;🔴Prioridad Alta🔴;🔴Prioridad Alta🔴;🔴Prioridad Alta🔴;;"No me encuentro interesado en rentar por horas.;";"Entre $100.000 a $150.000 el día.;";🔴Prioridad Alta🔴;🔴Prioridad Alta🔴;🔴Prioridad Alta🔴;🔴Prioridad Alta🔴;🔴Prioridad Alta🔴;🔴Prioridad Alta🔴;🔴Prioridad Alta🔴;🔴Prioridad Alta🔴;;Clara;Probable - Me gustaría conocer más de la plataforma antes de entrar.;Por chat con asesor mediante Whatsapp;8;[8, 10)
2025-05-16;19:53;Acepto.;18-25;Colombia;Tunja (Boyacá);Femenino.;2 - (Bajo - Medio);Soy estudiante en estudios superiores o universitario;Pregrado universitario (Grado o Licenciatura).;Diariamente.;"Taxis;Buses municipales;Buses intermunicipales";Por estudio;Poseo licencia de conducción vigente o próxima a renovar.;Sí;Solo entre semana laboral.;Un único vehículo.;Sí, es un vehículo compartido con familiares, amigos o conocidos.;Automóvil (carros, camionetas, entre otros);;;Sí;"Posibilidad de generar ingresos como propietario del vehículo;Experiencia de negocio más personalizada;Promueve la economía colaborativa";"Posibles daños o mal uso del vehículo rentado;Desconfianza frente a clientes / personas desconocidas;Falta de regulación por parte de entidades oficiales";No;;;;No;;;;;No;;;;;;;;;;;;;;;;;;;;;;;;;;¡Sí, me apuntaría en el presente o en el futuro!;"Por horas.;";🔴Prioridad Alta🔴;🔴Prioridad Alta🔴;🔴Prioridad Alta🔴;🔴Prioridad Alta🔴;🔴Prioridad Alta🔴;🔴Prioridad Alta🔴;🔴Prioridad Alta🔴;🔴Prioridad Alta🔴;🔴Prioridad Alta🔴;🔴Prioridad Alta🔴;;"Entre $15.000 a $30.000 la hora.;No me encuentro interesado en rentar por horas.;";"No me encuentro interesado en rentar por días.;";🔴Prioridad Alta🔴;🔴Prioridad Alta🔴;🔴Prioridad Alta🔴;🔴Prioridad Alta🔴;🔴Prioridad Alta🔴;🔴Prioridad Alta🔴;🔴Prioridad Alta🔴;🔴Prioridad Alta🔴;;Clara;Neutral - Es un buen concepto que requiere más desarrollo.;Un chat en la plataforma;19;[18, 20)
2025-05-16;04:36;Acepto.;18-25;Colombia;Tunja (Boyacá);Femenino.;2 - (Bajo - Medio);Soy empleado;Formación Técnica o Tecnológica.;Diariamente.;Buses municipales;Por trabajo;No poseo licencia, pero estoy interesado en obtenerla pronto.;No;;;;;;;Sí;"Posibilidad de generar ingresos como propietario del vehículo;Diversidad de vehículos para rentar / arrendar;Aprovechamiento de vehículos particulares inactivos";"Posibles daños o mal uso del vehículo rentado;Falta de control en la entrega o devolución del vehículo;Desconfianza frente a clientes / personas desconocidas";No;;;;No;;;;;Sí;"Por horas.;";🔴Prioridad Alta🔴;🔴Prioridad Alta🔴;🔴Prioridad Alta🔴;🔴Prioridad Alta🔴;🟡Prioridad Media🟡;🟡Prioridad Media🟡;🟡Prioridad Media🟡;🟡Prioridad Media🟡;🔴Prioridad Alta🔴;🟡Prioridad Media🟡;🔴Prioridad Alta🔴;🟡Prioridad Media🟡;;"Reciba solicitudes y pueda aceptarlas o denegarlas.;Pueda configurar qué tipo de solicitudes quiero recibir, para luego aceptarlas o denegarlas.;";"Entre $30.000 a $50.000 la hora.;";"Entre $150.000 a $200.000 el día.;";Por transacción bancaria inmediata, una vez aprobado el servicio por mí y el cliente;🔴Prioridad Alta🔴;🔴Prioridad Alta🔴;🟡Prioridad Media🟡;🔴Prioridad Alta🔴;🟡Prioridad Media🟡;;"Preferiría pagar una suscripción mensual.;";¡Sí, me apuntaría en el presente o en el futuro!;"Por horas.;";🟡Prioridad Media🟡;🔴Prioridad Alta🔴;🔴Prioridad Alta🔴;🔴Prioridad Alta🔴;🟡Prioridad Media🟡;🔴Prioridad Alta🔴;🟡Prioridad Media🟡;🔴Prioridad Alta🔴;🔴Prioridad Alta🔴;🟡Prioridad Media🟡;;"Entre $30.000 a $50.000 la hora.;";"Entre $150.000 a $200.000 el día.;Entre $100.000 a $150.000 el día.;";🟡Prioridad Media🟡;🟡Prioridad Media🟡;🔴Prioridad Alta🔴;🔴Prioridad Alta🔴;🔴Prioridad Alta🔴;🟡Prioridad Media🟡;🔴Prioridad Alta🔴;🔴Prioridad Alta🔴;;Clara;Probable - Me gustaría conocer más de la plataforma antes de entrar.;Por chat con asesor mediante Whatsapp;4;[4, 6)
2025-05-16;17:54;Acepto.;18-25;Colombia;Tunja (Boyacá);Masculino.;2 - (Bajo - Medio);Soy estudiante en estudios superiores o universitario;Pregrado universitario (Grado o Licenciatura).;Únicamente los fines de semana.;"Buses municipales;Buses intermunicipales";"Por estudio;Por trabajo;Por compromisos personales o familiares";No poseo licencia, pero estoy interesado en obtenerla pronto.;No;;;;;;;Sí;"Mayor flexibilidad en horarios;Mejor negociación en condiciones de arriendo;Posibilidad de generar ingresos como propietario del vehículo;Diversidad de vehículos para rentar / arrendar;Experiencia de negocio más personalizada;Promueve la economía colaborativa;Aprovechamiento de vehículos particulares inactivos";"Posibles daños o mal uso del vehículo rentado;Falta de regulación por parte de entidades oficiales;Posible uso de vehículos para fines no autorizados";No;;;;No;;;;;Sí;"Por horas.;";🔴Prioridad Alta🔴;🔴Prioridad Alta🔴;🔴Prioridad Alta🔴;🔴Prioridad Alta🔴;🔴Prioridad Alta🔴;🟡Prioridad Media🟡;🟡Prioridad Media🟡;🔴Prioridad Alta🔴;🟡Prioridad Media🟡;🟡Prioridad Media🟡;🔴Prioridad Alta🔴;🔴Prioridad Alta🔴;;"Reciba solicitudes y pueda aceptarlas o denegarlas.;Pueda configurar qué tipo de solicitudes quiero recibir, para luego aceptarlas o denegarlas.;Pueda confiar en la plataforma para que me consulten, o ellos mismos acepten y denieguen un servicio que me solicitan.;";"Entre $30.000 a $50.000 la hora.;Entre $15.000 a $30.000 la hora.;";"Entre $100.000 a $150.000 el día.;Entre $150.000 a $200.000 el día.;";Por transacción bancaria inmediata, una vez aprobado el servicio por mí y el cliente;🟡Prioridad Media🟡;🔴Prioridad Alta🔴;🟡Prioridad Media🟡;🟡Prioridad Media🟡;🔴Prioridad Alta🔴;;"Aceptaría pagar una comisión del 4% al 9% por servicio.;";¡Sí, me apuntaría en el presente o en el futuro!;"Por horas.;Por días.;";🟡Prioridad Media🟡;🔴Prioridad Alta🔴;🔴Prioridad Alta🔴;🔴Prioridad Alta🔴;🔴Prioridad Alta🔴;🔴Prioridad Alta🔴;🟡Prioridad Media🟡;🟡Prioridad Media🟡;🔴Prioridad Alta🔴;🟡Prioridad Media🟡;;"Entre $15.000 a $30.000 la hora.;";"Entre $100.000 a $150.000 el día.;";🟡Prioridad Media🟡;🟡Prioridad Media🟡;🟡Prioridad Media🟡;🟡Prioridad Media🟡;🟡Prioridad Media🟡;🔴Prioridad Alta🔴;🔴Prioridad Alta🔴;🔴Prioridad Alta🔴;;Clara;Probable - Me gustaría conocer más de la plataforma antes de entrar.;"Un chat en la plataforma;Por chat con asesor mediante Whatsapp;Con un chatbot (Sea por plataforma, Whatsapp, u otro medio.)";17;[16, 18)
2025-05-16;78:21;Acepto.;18-25;Colombia;Tunja (Boyacá);Masculino.;3 - (Medio);Soy estudiante en estudios superiores o universitario;Pregrado universitario (Grado o Licenciatura).;Diariamente.;"Buses municipales;Buses intermunicipales";"Por estudio;Por compromisos personales o familiares";Poseo licencia de conducción vigente o próxima a renovar.;Sí;Solo entre semana laboral.;Un único vehículo.;Sí, es un vehículo compartido con familiares, amigos o conocidos.;Automóvil (carros, camionetas, entre otros);;;No;;"Desconfianza frente a clientes / personas desconocidas;Posibles daños o mal uso del vehículo rentado";No;;;;No;;;;;Sí;"Por horas.;Por días (cualquier día).;";🔴Prioridad Alta🔴;🔴Prioridad Alta🔴;🔴Prioridad Alta🔴;🔴Prioridad Alta🔴;🟡Prioridad Media🟡;🟡Prioridad Media🟡;🟡Prioridad Media🟡;🔴Prioridad Alta🔴;🟡Prioridad Media🟡;🟡Prioridad Media🟡;🟡Prioridad Media🟡;🟡Prioridad Media🟡;;"Reciba solicitudes y pueda aceptarlas o denegarlas.;Pueda configurar qué tipo de solicitudes quiero recibir, para luego aceptarlas o denegarlas.;Pueda confiar en la plataforma para que me consulten, o ellos mismos acepten y denieguen un servicio que me solicitan.;";"Entre $30.000 a $50.000 la hora.;Entre $50.000 a $80.000 la hora.;";"Entre $200.000 a $250.000 el día.;";"Un respaldo con un pagaré automatizado por transferencia bancaria al finalizar el servicio por medio de Flex Drive;En efectivo, antes de entregar el vehículo al cliente";🟡Prioridad Media🟡;🔴Prioridad Alta🔴;🟡Prioridad Media🟡;🟡Prioridad Media🟡;🟢Prioridad Baja🟢;;"Aceptaría pagar una comisión del 4% al 9% por servicio.;Aceptaría pagar una comisión del 10% al 14% por servicio.;";¡Sí, me apuntaría en el presente o en el futuro!;"Por horas.;Por días.;";🔴Prioridad Alta🔴;🟡Prioridad Media🟡;🔴Prioridad Alta🔴;🔴Prioridad Alta🔴;🟡Prioridad Media🟡;🟡Prioridad Media🟡;🔴Prioridad Alta🔴;🟡Prioridad Media🟡;🟡Prioridad Media🟡;🟡Prioridad Media🟡;;"Entre $30.000 a $50.000 la hora.;";"Entre $200.000 a $250.000 el día.;Entre $150.000 a $200.000 el día.;";🔴Prioridad Alta🔴;🔴Prioridad Alta🔴;🟡Prioridad Media🟡;🟡Prioridad Media🟡;🟡Prioridad Media🟡;🟡Prioridad Media🟡;🔴Prioridad Alta🔴;🔴Prioridad Alta🔴;;Clara;Muy probable - Me gustaría inscribirme en la plataforma.;"Un chat en la plataforma;Por llamada telefónica";78;
2025-05-16;07:54;Acepto.;16-17;Colombia;Sogamoso (Boyacá);Femenino.;2 - (Bajo - Medio);Soy estudiante de secundaria;Secundaria media (10° a 11°, o Vocacional, o Preparatoria).;Rara vez.;Buses municipales;Por compromisos personales o familiares;No poseo licencia, pero estoy interesado en obtenerla pronto.;No;;;;;;;No;Diversidad de vehículos para rentar / arrendar;Falta de control en la entrega o devolución del vehículo;No;;;;No;;;;;Sí;"A disposición personal.;";🔴Prioridad Alta🔴;🟡Prioridad Media🟡;🟡Prioridad Media🟡;🔴Prioridad Alta🔴;🔴Prioridad Alta🔴;🟡Prioridad Media🟡;🔴Prioridad Alta🔴;🔴Prioridad Alta🔴;🟢Prioridad Baja🟢;🟢Prioridad Baja🟢;🔴Prioridad Alta🔴;🔴Prioridad Alta🔴;;"Pueda configurar qué tipo de solicitudes quiero recibir, para luego aceptarlas o denegarlas.;";"Entre $30.000 a $50.000 la hora.;";"No me encuentro interesado en rentar por días.;";En efectivo, antes de entregar el vehículo al cliente;🔴Prioridad Alta🔴;🔴Prioridad Alta🔴;🔴Prioridad Alta🔴;🔴Prioridad Alta🔴;🔴Prioridad Alta🔴;;"Aceptaría pagar una comisión del 4% al 9% por servicio.;";¡Sí, me apuntaría en el presente o en el futuro!;"Por días.;";🔴Prioridad Alta🔴;🟡Prioridad Media🟡;🔴Prioridad Alta🔴;🔴Prioridad Alta🔴;🟡Prioridad Media🟡;🟡Prioridad Media🟡;🟡Prioridad Media🟡;🔴Prioridad Alta🔴;🟡Prioridad Media🟡;🟢Prioridad Baja🟢;;"Desde $80.000 en adelante.;";"Entre $200.000 a $250.000 el día.;";🟡Prioridad Media🟡;🔴Prioridad Alta🔴;🟡Prioridad Media🟡;🔴Prioridad Alta🔴;🟡Prioridad Media🟡;🟡Prioridad Media🟡;🔴Prioridad Alta🔴;🟡Prioridad Media🟡;;Clara;Probable - Me gustaría conocer más de la plataforma antes de entrar.;Por llamada telefónica;7;[6, 8)
2025-05-16;08:26;Acepto.;18-25;Colombia;Tunja (Boyacá);Masculino.;4 - (Medio Alto);Soy estudiante en estudios superiores o universitario;Pregrado universitario (Grado o Licenciatura).;Únicamente entre semana.;Buses municipales;Por estudio;Poseo licencia de conducción vigente o próxima a renovar.;No;;;;;;;No;"Posibilidad de generar ingresos como propietario del vehículo;Mayor flexibilidad en horarios";"Posibles daños o mal uso del vehículo rentado;Desconfianza frente a clientes / personas desconocidas";No;;;;No;;;;;Sí;"Por horas.;Por días (cualquier día).;";🔴Prioridad Alta🔴;🔴Prioridad Alta🔴;🔴Prioridad Alta🔴;🔴Prioridad Alta🔴;🟡Prioridad Media🟡;🔴Prioridad Alta🔴;🟡Prioridad Media🟡;🔴Prioridad Alta🔴;🟡Prioridad Media🟡;🟡Prioridad Media🟡;🟡Prioridad Media🟡;🟡Prioridad Media🟡;;"Pueda confiar en la plataforma para que me consulten, o ellos mismos acepten y denieguen un servicio que me solicitan.;";"Entre $15.000 a $30.000 la hora.;";"Entre $100.000 a $150.000 el día.;";Por transacción bancaria inmediata, una vez aprobado el servicio por mí y el cliente;🔴Prioridad Alta🔴;🔴Prioridad Alta🔴;🔴Prioridad Alta🔴;🟡Prioridad Media🟡;🔴Prioridad Alta🔴;;"Preferiría pagar una suscripción mensual.;";¡Sí, me apuntaría en el presente o en el futuro!;"Por días.;";🔴Prioridad Alta🔴;🔴Prioridad Alta🔴;🔴Prioridad Alta🔴;🔴Prioridad Alta🔴;🟡Prioridad Media🟡;🔴Prioridad Alta🔴;🔴Prioridad Alta🔴;🔴Prioridad Alta🔴;🟡Prioridad Media🟡;🟡Prioridad Media🟡;;"Entre $15.000 a $30.000 la hora.;";"Entre $100.000 a $150.000 el día.;";🔴Prioridad Alta🔴;🔴Prioridad Alta🔴;🔴Prioridad Alta🔴;🟡Prioridad Media🟡;🟡Prioridad Media🟡;🔴Prioridad Alta🔴;🔴Prioridad Alta🔴;🔴Prioridad Alta🔴;;Clara;Probable - Me gustaría conocer más de la plataforma antes de entrar.;Un chat en la plataforma;8;[8, 10)
2025-05-16;07:42;Acepto.;18-25;Colombia;Tunja (Boyacá);Masculino.;2 - (Bajo - Medio);"Soy estudiante en estudios superiores o universitario;Soy empleado";Pregrado universitario (Grado o Licenciatura).;Rara vez.;Buses municipales;"Por estudio;Por trabajo";Poseo licencia de conducción vigente o próxima a renovar.;Sí;Diariamente.;Un único vehículo.;No, es un vehículo completamente propio.;Motocicleta;;;Sí;"Mayor flexibilidad en horarios;Mejor negociación en condiciones de arriendo;Promueve la economía colaborativa";"Posibles daños o mal uso del vehículo rentado;Desconfianza frente a clientes / personas desconocidas;Falta de regulación por parte de entidades oficiales;Posible uso de vehículos para fines no autorizados;Falta de control en la entrega o devolución del vehículo";No;;;;No;;;;;Sí;"Por horas.;";🔴Prioridad Alta🔴;🔴Prioridad Alta🔴;🟡Prioridad Media🟡;🔴Prioridad Alta🔴;🟡Prioridad Media🟡;🟡Prioridad Media🟡;🟡Prioridad Media🟡;🟡Prioridad Media🟡;🟢Prioridad Baja🟢;🟡Prioridad Media🟡;🔴Prioridad Alta🔴;🟡Prioridad Media🟡;;"Pueda confiar en la plataforma para que me consulten, o ellos mismos acepten y denieguen un servicio que me solicitan.;";"Entre $50.000 a $80.000 la hora.;Entre $30.000 a $50.000 la hora.;";"Entre $150.000 a $200.000 el día.;Entre $200.000 a $250.000 el día.;";"Un respaldo con un pagaré automatizado por transferencia bancaria al finalizar el servicio por medio de Flex Drive;En efectivo, antes de entregar el vehículo al cliente;Por transacción bancaria inmediata, una vez aprobado el servicio por mí y el cliente";🔴Prioridad Alta🔴;🔴Prioridad Alta🔴;🟢Prioridad Baja🟢;🔴Prioridad Alta🔴;🟡Prioridad Media🟡;;"Aceptaría pagar una comisión del 4% al 9% por servicio.;";¡Sí, me apuntaría en el presente o en el futuro!;"Por horas.;";🔴Prioridad Alta🔴;🟢Prioridad Baja🟢;🔴Prioridad Alta🔴;🔴Prioridad Alta🔴;🟡Prioridad Media🟡;🟡Prioridad Media🟡;🔴Prioridad Alta🔴;🔴Prioridad Alta🔴;🔴Prioridad Alta🔴;🔴Prioridad Alta🔴;;"Entre $30.000 a $50.000 la hora.;Entre $50.000 a $80.000 la hora.;";"Entre $150.000 a $200.000 el día.;Entre $200.000 a $250.000 el día.;";🟡Prioridad Media🟡;🟡Prioridad Media🟡;🟢Prioridad Baja🟢;🔴Prioridad Alta🔴;🔴Prioridad Alta🔴;🔴Prioridad Alta🔴;🔴Prioridad Alta🔴;🔴Prioridad Alta🔴;;Clara;Probable - Me gustaría conocer más de la plataforma antes de entrar.;"Un chat en la plataforma;Por chat con asesor mediante Whatsapp";7;[6, 8)
2025-05-16;07:25;Acepto.;36-45;Colombia;Tunja (Boyacá);Masculino.;3 - (Medio);Soy empleado;Especialización o Diplomado de Posgrado (estudios posteriores con enfoque técnico o profesional).;Únicamente los fines de semana.;"Taxis;Buses municipales;Buses intermunicipales;SITP";"Por compromisos personales o familiares;Por turismo";Poseo licencia de conducción vigente o próxima a renovar.;Sí;Solo durante fines de semana.;Varios vehículos.;;;"No, son vehículos completamente propios.;Sí, ocasionalmente comparto otros vehículos con familiares, amigos, conocidos o por negocios.;";"Automóvil (carros, camionetas, entre otros);";Sí;Aprovechamiento de vehículos particulares inactivos;"Posibles daños o mal uso del vehículo rentado;Desconfianza frente a clientes / personas desconocidas;Falta de regulación por parte de entidades oficiales;Posible uso de vehículos para fines no autorizados;Falta de control en la entrega o devolución del vehículo";No;;;;No;;;;;No;;;;;;;;;;;;;;;;;;;;;;;;;;No me llama la atención, gracias.;;;;;;;;;;;;;;;;;;;;;;;;Clara;Improbable - Es un buen concepto con difícil ejecución.;"Un chat en la plataforma;Por llamada telefónica";7;[6, 8)
2025-05-16;07:12;Acepto.;26-35;Colombia;Bogotá D.C.;Femenino.;3 - (Medio);Soy empleado;Maestría (Estudios avanzados académicos o profesionales luego del posgrado).;Rara vez.;"Taxis;SITP";"Por trabajo;Por compromisos personales o familiares";Poseo licencia de conducción vigente o próxima a renovar.;No;;;;;;;No;"Posibilidad de generar ingresos como propietario del vehículo;Promueve la economía colaborativa";"Posibles daños o mal uso del vehículo rentado;Desconfianza frente a clientes / personas desconocidas;Falta de regulación por parte de entidades oficiales";No;;;;No;;;;;No;;;;;;;;;;;;;;;;;;;;;;;;;;¡Sí, me apuntaría en el presente o en el futuro!;"Por días.;";🔴Prioridad Alta🔴;🟡Prioridad Media🟡;🔴Prioridad Alta🔴;🔴Prioridad Alta🔴;🟡Prioridad Media🟡;🔴Prioridad Alta🔴;🔴Prioridad Alta🔴;🔴Prioridad Alta🔴;🔴Prioridad Alta🔴;🔴Prioridad Alta🔴;;"Entre $15.000 a $30.000 la hora.;";"Entre $100.000 a $150.000 el día.;";🟡Prioridad Media🟡;🟡Prioridad Media🟡;🔴Prioridad Alta🔴;🔴Prioridad Alta🔴;🔴Prioridad Alta🔴;🔴Prioridad Alta🔴;🔴Prioridad Alta🔴;🔴Prioridad Alta🔴;;Clara;Neutral - Es un buen concepto que requiere más desarrollo.;"Por chat con asesor mediante Whatsapp;Por llamada telefónica";7;[6, 8)
2025-05-16;28:16;Acepto.;18-25;Colombia;Barrancabermeja (Santander);Masculino.;3 - (Medio);Estoy desempleado;Pregrado universitario (Grado o Licenciatura).;Únicamente los fines de semana.;Otro: Plataformas digitales de transporte (servicios privados);Por compromisos personales o familiares;Poseo licencia de conducción vigente o próxima a renovar.;No;;;;;;;Sí;"Posibilidad de generar ingresos como propietario del vehículo;Aprovechamiento de vehículos particulares inactivos;Promueve la economía colaborativa";"Posibles daños o mal uso del vehículo rentado;Posible uso de vehículos para fines no autorizados;Falta de control en la entrega o devolución del vehículo";No;;;;No;;;;;No;;;;;;;;;;;;;;;;;;;;;;;;;;¡Sí, me apuntaría en el presente o en el futuro!;"Por días.;Por semanas.;Por meses.;";🔴Prioridad Alta🔴;🔴Prioridad Alta🔴;🔴Prioridad Alta🔴;🔴Prioridad Alta🔴;🔴Prioridad Alta🔴;🔴Prioridad Alta🔴;🔴Prioridad Alta🔴;🔴Prioridad Alta🔴;🔴Prioridad Alta🔴;🔴Prioridad Alta🔴;;"Entre $15.000 a $30.000 la hora.;";"Entre $100.000 a $150.000 el día.;";🔴Prioridad Alta🔴;🟡Prioridad Media🟡;🔴Prioridad Alta🔴;🔴Prioridad Alta🔴;🔴Prioridad Alta🔴;🔴Prioridad Alta🔴;🟡Prioridad Media🟡;🔴Prioridad Alta🔴;;Clara;Probable - Me gustaría conocer más de la plataforma antes de entrar.;"Un chat en la plataforma;Por correo electrónico;Por llamada telefónica;Por chat con asesor mediante Whatsapp";28;[28, 30)
2025-05-16;15:28;Acepto.;26-35;Colombia;Barrancabermeja (Santander);Masculino.;3 - (Medio);Soy empleado;Especialización o Diplomado de Posgrado (estudios posteriores con enfoque técnico o profesional).;Rara vez.;Taxis;Por compromisos personales o familiares;Poseo licencia de conducción vigente o próxima a renovar.;Sí;Diariamente.;Un único vehículo.;No, es un vehículo completamente propio.;Automóvil (carros, camionetas, entre otros);;;Sí;Posibilidad de generar ingresos como propietario del vehículo;"Posibles daños o mal uso del vehículo rentado;Desconfianza frente a clientes / personas desconocidas;Posible uso de vehículos para fines no autorizados";No;;;;No;;;;;Sí;"Por días (cualquier día).;Solo los fines de semana.;";🔴Prioridad Alta🔴;🔴Prioridad Alta🔴;🔴Prioridad Alta🔴;🔴Prioridad Alta🔴;🟡Prioridad Media🟡;🟡Prioridad Media🟡;🔴Prioridad Alta🔴;🟡Prioridad Media🟡;🟡Prioridad Media🟡;🔴Prioridad Alta🔴;🔴Prioridad Alta🔴;🟡Prioridad Media🟡;;"Pueda configurar qué tipo de solicitudes quiero recibir, para luego aceptarlas o denegarlas.;";"No me encuentro interesado en rentar por horas.;";"Entre $200.000 a $250.000 el día.;";Por transacción bancaria inmediata, una vez aprobado el servicio por mí y el cliente;🟡Prioridad Media🟡;🔴Prioridad Alta🔴;🟡Prioridad Media🟡;🔴Prioridad Alta🔴;🟡Prioridad Media🟡;;"Aceptaría pagar una comisión del 4% al 9% por servicio.;";¡Sí, me apuntaría en el presente o en el futuro!;"Por días.;";🟡Prioridad Media🟡;🟡Prioridad Media🟡;🔴Prioridad Alta🔴;🔴Prioridad Alta🔴;🔴Prioridad Alta🔴;🟡Prioridad Media🟡;🔴Prioridad Alta🔴;🔴Prioridad Alta🔴;🔴Prioridad Alta🔴;🟡Prioridad Media🟡;;"Entre $50.000 a $80.000 la hora.;";"Entre $200.000 a $250.000 el día.;";🔴Prioridad Alta🔴;🟡Prioridad Media🟡;🟡Prioridad Media🟡;🔴Prioridad Alta🔴;🔴Prioridad Alta🔴;🟡Prioridad Media🟡;🟡Prioridad Media🟡;🔴Prioridad Alta🔴;;Clara;Probable - Me gustaría conocer más de la plataforma antes de entrar.;"Por llamada telefónica;Por chat con asesor mediante Whatsapp";15;[14, 16)
2025-05-16;16:58;Acepto.;26-35;Colombia;Tunja (Boyacá);Masculino.;3 - (Medio);"Soy freelancer / independiente;Soy empleado;Estoy desempleado";Pregrado universitario (Grado o Licenciatura).;Rara vez.;"Buses municipales;Taxis";"Por trabajo;Por compromisos personales o familiares";Poseo licencia de conducción vigente o próxima a renovar.;No;;;;;;;No;Diversidad de vehículos para rentar / arrendar;"Posibles daños o mal uso del vehículo rentado;Desconfianza frente a clientes / personas desconocidas;Falta de control en la entrega o devolución del vehículo";No;;;;No;;;;;No;;;;;;;;;;;;;;;;;;;;;;;;;;¡Sí, me apuntaría en el presente o en el futuro!;"Por días.;Por horas.;Por semanas.;";🔴Prioridad Alta🔴;🟡Prioridad Media🟡;🔴Prioridad Alta🔴;🔴Prioridad Alta🔴;🟡Prioridad Media🟡;🟡Prioridad Media🟡;🔴Prioridad Alta🔴;🟡Prioridad Media🟡;🟡Prioridad Media🟡;🟡Prioridad Media🟡;;"Desde $80.000 en adelante.;Entre $50.000 a $80.000 la hora.;";"Entre $100.000 a $150.000 el día.;Entre $150.000 a $200.000 el día.;";🟡Prioridad Media🟡;🔴Prioridad Alta🔴;🔴Prioridad Alta🔴;🔴Prioridad Alta🔴;🔴Prioridad Alta🔴;🔴Prioridad Alta🔴;🟡Prioridad Media🟡;🔴Prioridad Alta🔴;;Clara;Probable - Me gustaría conocer más de la plataforma antes de entrar.;"Un chat en la plataforma;Por chat con asesor mediante Whatsapp;Por llamada telefónica";16;[16, 18)
2025-05-16;09:05;Acepto.;46-55;Colombia;Tunja (Boyacá);Femenino.;3 - (Medio);Soy empleado;Maestría (Estudios avanzados académicos o profesionales luego del posgrado).;Únicamente los fines de semana.;Buses municipales;Por trabajo;Poseo licencia de conducción vigente o próxima a renovar.;Sí;Solo entre semana laboral.;Un único vehículo.;Ocasionalmente lo comparto con mi familia, amigos o conocidos.;Automóvil (carros, camionetas, entre otros);;;No;Mejor negociación en condiciones de arriendo;Desconfianza frente a clientes / personas desconocidas;No;;;;No;;;;;No;;;;;;;;;;;;;;;;;;;;;;;;;;No me llama la atención, gracias.;;;;;;;;;;;;;;;;;;;;;;;;Clara;Muy probable - Me gustaría inscribirme en la plataforma.;"Por llamada telefónica;Un chat en la plataforma";9;[8, 10)
2025-05-16;07:00;Acepto.;46-55;Colombia;Tunja (Boyacá);Femenino.;3 - (Medio);Soy empleado;Secundaria media (10° a 11°, o Vocacional, o Preparatoria).;Diariamente.;"Buses municipales;Buses intermunicipales";Por trabajo;No poseo licencia, pero estoy interesado en obtenerla pronto.;No;;;;;;;No;;Falta de control en la entrega o devolución del vehículo;No;;;;No;;;;;No;;;;;;;;;;;;;;;;;;;;;;;;;;No me llama la atención, gracias.;;;;;;;;;;;;;;;;;;;;;;;;Confusa;Neutral - Es un buen concepto que requiere más desarrollo.;Por llamada telefónica;7;[6, 8)
2025-05-16;07:59;Acepto.;56-65;Colombia;Tunja (Boyacá);Masculino.;3 - (Medio);Soy empleado;Maestría (Estudios avanzados académicos o profesionales luego del posgrado).;Rara vez.;"Taxis;Buses municipales";"Por trabajo;Por compromisos personales o familiares";Poseo licencia de conducción vigente o próxima a renovar.;Sí;Muy rara vez.;Un único vehículo.;Sí, es un vehículo compartido con familiares, amigos o conocidos.;Automóvil (carros, camionetas, entre otros);;;No;"Mayor flexibilidad en horarios;Posibilidad de generar ingresos como propietario del vehículo;Promueve la economía colaborativa;Aprovechamiento de vehículos particulares inactivos";"Posibles daños o mal uso del vehículo rentado;Desconfianza frente a clientes / personas desconocidas;Falta de regulación por parte de entidades oficiales";No;;;;No;;;;;Sí;"Por horas.;A disposición personal.;";🔴Prioridad Alta🔴;🔴Prioridad Alta🔴;🔴Prioridad Alta🔴;🔴Prioridad Alta🔴;🔴Prioridad Alta🔴;🔴Prioridad Alta🔴;🔴Prioridad Alta🔴;🔴Prioridad Alta🔴;🔴Prioridad Alta🔴;🟡Prioridad Media🟡;🔴Prioridad Alta🔴;🔴Prioridad Alta🔴;;"Pueda configurar qué tipo de solicitudes quiero recibir, para luego aceptarlas o denegarlas.;";"Entre $50.000 a $80.000 la hora.;";"Entre $150.000 a $200.000 el día.;";En efectivo, antes de entregar el vehículo al cliente;🔴Prioridad Alta🔴;🔴Prioridad Alta🔴;🔴Prioridad Alta🔴;🔴Prioridad Alta🔴;🔴Prioridad Alta🔴;;"Aceptaría pagar una comisión del 4% al 9% por servicio.;";¡Sí, me apuntaría en el presente o en el futuro!;"Por horas.;Por días.;";🔴Prioridad Alta🔴;🔴Prioridad Alta🔴;🔴Prioridad Alta🔴;🔴Prioridad Alta🔴;🔴Prioridad Alta🔴;🔴Prioridad Alta🔴;🔴Prioridad Alta🔴;🔴Prioridad Alta🔴;🔴Prioridad Alta🔴;🔴Prioridad Alta🔴;;"Entre $15.000 a $30.000 la hora.;";"Entre $100.000 a $150.000 el día.;";🔴Prioridad Alta🔴;🔴Prioridad Alta🔴;🔴Prioridad Alta🔴;🔴Prioridad Alta🔴;🔴Prioridad Alta🔴;🔴Prioridad Alta🔴;🔴Prioridad Alta🔴;🔴Prioridad Alta🔴;;Clara;Muy probable - Me gustaría inscribirme en la plataforma.;Por llamada telefónica;7;[6, 8)
2025-05-17;07:40;Acepto.;26-35;Colombia;Tunja (Boyacá);Masculino.;4 - (Medio Alto);Soy empleado;Especialización o Diplomado de Posgrado (estudios posteriores con enfoque técnico o profesional).;Diariamente.;"Taxis;Buses municipales;Buses intermunicipales";"Por trabajo;Por estudio;Por compromisos personales o familiares";Poseo licencia de conducción vigente o próxima a renovar.;No;;;;;;;No;"Mejor negociación en condiciones de arriendo;Posibilidad de generar ingresos como propietario del vehículo;Promueve la economía colaborativa";Desconfianza frente a clientes / personas desconocidas;No;;;;No;;;;;No;;;;;;;;;;;;;;;;;;;;;;;;;;¡Sí, me apuntaría en el presente o en el futuro!;"Por días.;Por horas.;";🟡Prioridad Media🟡;🟢Prioridad Baja🟢;🟢Prioridad Baja🟢;🟢Prioridad Baja🟢;🟡Prioridad Media🟡;🟡Prioridad Media🟡;🟢Prioridad Baja🟢;🟢Prioridad Baja🟢;🟢Prioridad Baja🟢;🟢Prioridad Baja🟢;;"Entre $15.000 a $30.000 la hora.;";"Entre $100.000 a $150.000 el día.;";🟡Prioridad Media🟡;🟡Prioridad Media🟡;🟢Prioridad Baja🟢;🟢Prioridad Baja🟢;🟢Prioridad Baja🟢;🟡Prioridad Media🟡;🟡Prioridad Media🟡;🟡Prioridad Media🟡;;Clara;Probable - Me gustaría conocer más de la plataforma antes de entrar.;"Por llamada telefónica;Por chat con asesor mediante Whatsapp";7;[6, 8)
2025-05-17;20:32;Acepto.;76 en adelante.;Colombia;Tunja (Boyacá);Femenino.;3 - (Medio);Soy empleado;Maestría (Estudios avanzados académicos o profesionales luego del posgrado).;Únicamente entre semana.;Buses intermunicipales;Por trabajo;No poseo licencia, y tampoco estoy interesado en obtenerla en el momento.;No;;;;;;;No;Posibilidad de generar ingresos como propietario del vehículo;"Posibles daños o mal uso del vehículo rentado;Desconfianza frente a clientes / personas desconocidas;Falta de regulación por parte de entidades oficiales";No;;;;No;;;;;Sí;"Por días (cualquier día).;";🔴Prioridad Alta🔴;🔴Prioridad Alta🔴;🔴Prioridad Alta🔴;🔴Prioridad Alta🔴;🔴Prioridad Alta🔴;🔴Prioridad Alta🔴;🔴Prioridad Alta🔴;🔴Prioridad Alta🔴;🔴Prioridad Alta🔴;🔴Prioridad Alta🔴;🔴Prioridad Alta🔴;🔴Prioridad Alta🔴;;"Pueda configurar qué tipo de solicitudes quiero recibir, para luego aceptarlas o denegarlas.;";"No me encuentro interesado en rentar por horas.;";"Entre $200.000 a $250.000 el día.;";Por transacción bancaria inmediata, una vez aprobado el servicio por mí y el cliente;🔴Prioridad Alta🔴;🔴Prioridad Alta🔴;🔴Prioridad Alta🔴;🔴Prioridad Alta🔴;🔴Prioridad Alta🔴;;"Preferiría pagar una suscripción mensual.;";¡Sí, me apuntaría en el presente o en el futuro!;"Por días.;";🔴Prioridad Alta🔴;🔴Prioridad Alta🔴;🔴Prioridad Alta🔴;🔴Prioridad Alta🔴;🔴Prioridad Alta🔴;🔴Prioridad Alta🔴;🔴Prioridad Alta🔴;🔴Prioridad Alta🔴;🔴Prioridad Alta🔴;🔴Prioridad Alta🔴;;"No me encuentro interesado en rentar por horas.;";"Entre $100.000 a $150.000 el día.;";🔴Prioridad Alta🔴;🟡Prioridad Media🟡;🔴Prioridad Alta🔴;🟡Prioridad Media🟡;🔴Prioridad Alta🔴;🟡Prioridad Media🟡;🔴Prioridad Alta🔴;🔴Prioridad Alta🔴;;Clara;Neutral - Es un buen concepto que requiere más desarrollo.;"Un chat en la plataforma;Por chat con asesor mediante Whatsapp";20;[20, 22)
2025-05-17;03:22;Acepto.;16-17;Colombia;Boyacá (Boyacá);Femenino.;2 - (Bajo - Medio);Soy estudiante de secundaria;Secundaria media (10° a 11°, o Vocacional, o Preparatoria).;Diariamente.;Buses municipales;"Por estudio;Por compromisos personales o familiares";No poseo licencia, pero estoy interesado en obtenerla pronto.;No;;;;;;;No;"Mayor flexibilidad en horarios;Posibilidad de generar ingresos como propietario del vehículo;Experiencia de negocio más personalizada";Desconfianza frente a clientes / personas desconocidas;No;;;;No;;;;;No;;;;;;;;;;;;;;;;;;;;;;;;;;No me llama la atención, gracias.;;;;;;;;;;;;;;;;;;;;;;;;Clara;Neutral - Es un buen concepto que requiere más desarrollo.;"Un chat en la plataforma;Con un chatbot (Sea por plataforma, Whatsapp, u otro medio.)";3;[2, 4)
2025-05-17;09:35;Acepto.;56-65;Colombia;Tunja (Boyacá);Femenino.;3 - (Medio);Otro: Soy amo(a) de casa;Formación Técnica o Tecnológica.;Diariamente.;"Taxis;Buses municipales;Buses intermunicipales";Por compromisos personales o familiares;No poseo licencia, y tampoco estoy interesado en obtenerla en el momento.;No;;;;;;;No;;"Posibles daños o mal uso del vehículo rentado;Desconfianza frente a clientes / personas desconocidas";No;;;;No;;;;;No;;;;;;;;;;;;;;;;;;;;;;;;;;No me llama la atención, gracias.;;;;;;;;;;;;;;;;;;;;;;;;Clara;Muy improbable - No me encuentro interesado o no hay una mercado de interés.;Por chat con asesor mediante Whatsapp;9;[8, 10)
2025-05-17;05:42;Acepto.;16-17;Colombia;Ventaquemada (Boyacá);Femenino.;2 - (Bajo - Medio);Soy estudiante de secundaria;Secundaria media (10° a 11°, o Vocacional, o Preparatoria).;Rara vez.;;Por estudio;No poseo licencia, y tampoco estoy interesado en obtenerla en el momento.;No;;;;;;;No;Mayor flexibilidad en horarios;;No;;;;No;;;;;No;;;;;;;;;;;;;;;;;;;;;;;;;;No me llama la atención, gracias.;;;;;;;;;;;;;;;;;;;;;;;;Clara;Neutral - Es un buen concepto que requiere más desarrollo.;"Un chat en la plataforma;Por llamada telefónica;Por chat con asesor mediante Whatsapp";5;[4, 6)
2025-05-17;09:56;Acepto.;16-17;Colombia;Ventaquemada (Boyacá);Femenino.;2 - (Bajo - Medio);Soy estudiante de secundaria;Secundaria media (10° a 11°, o Vocacional, o Preparatoria).;Únicamente entre semana.;Buses municipales;Por estudio;No poseo licencia, pero estoy interesado en obtenerla pronto.;No;;;;;;;No;;;No;;;;No;;;;;No;;;;;;;;;;;;;;;;;;;;;;;;;;No me llama la atención, gracias.;;;;;;;;;;;;;;;;;;;;;;;;Clara;Muy improbable - No me encuentro interesado o no hay una mercado de interés.;Con un chatbot (Sea por plataforma, Whatsapp, u otro medio.);9;[8, 10)
2025-05-17;13:08;Acepto.;16-17;Colombia;Ventaquemada (Boyacá);Femenino.;1 - (Bajo);Soy estudiante de secundaria;Secundaria media (10° a 11°, o Vocacional, o Preparatoria).;Únicamente entre semana.;;Por estudio;No poseo licencia, y tampoco estoy interesado en obtenerla en el momento.;No;;;;;;;No;;;No;;;;No;;;;;No;;;;;;;;;;;;;;;;;;;;;;;;;;No me llama la atención, gracias.;;;;;;;;;;;;;;;;;;;;;;;;Clara;Neutral - Es un buen concepto que requiere más desarrollo.;Por llamada telefónica;13;[12, 14)
2025-05-17;04:12;Acepto.;18-25;Ecuador;Riobamba (Ecuador);Femenino.;1 - (Bajo);"Soy estudiante en estudios superiores o universitario;Estoy desempleado";Pregrado universitario (Grado o Licenciatura).;Rara vez.;Taxis;Por compromisos personales o familiares;No poseo licencia, pero estoy interesado en obtenerla pronto.;No;;;;;;;No;"Mayor flexibilidad en horarios;Diversidad de vehículos para rentar / arrendar";"Posibles daños o mal uso del vehículo rentado;Posible uso de vehículos para fines no autorizados";No;;;;No;;;;;No;;;;;;;;;;;;;;;;;;;;;;;;;;No me llama la atención, gracias.;;;;;;;;;;;;;;;;;;;;;;;;Clara;Neutral - Es un buen concepto que requiere más desarrollo.;Por chat con asesor mediante Whatsapp;4;[4, 6)
2025-05-17;04:11;Acepto.;26-35;Colombia;Medellín (Antioquia);Masculino.;4 - (Medio Alto);Soy empleado;Especialización o Diplomado de Posgrado (estudios posteriores con enfoque técnico o profesional).;Únicamente entre semana.;"Buses municipales;SITP";Por trabajo;No poseo licencia, y tampoco estoy interesado en obtenerla en el momento.;No;;;;;;;Sí;"Experiencia de negocio más personalizada;Promueve la economía colaborativa";"Falta de regulación por parte de entidades oficiales;Desconfianza frente a clientes / personas desconocidas";No;;;;No;;;;;Sí;"Por horas.;Solo durante semana (lunes a viernes).;";🟡Prioridad Media🟡;🟡Prioridad Media🟡;🟡Prioridad Media🟡;🟡Prioridad Media🟡;🟡Prioridad Media🟡;🟡Prioridad Media🟡;🟡Prioridad Media🟡;🟢Prioridad Baja🟢;🟡Prioridad Media🟡;🟡Prioridad Media🟡;🟡Prioridad Media🟡;🟢Prioridad Baja🟢;;"Pueda configurar qué tipo de solicitudes quiero recibir, para luego aceptarlas o denegarlas.;Pueda confiar en la plataforma para que me consulten, o ellos mismos acepten y denieguen un servicio que me solicitan.;Reciba solicitudes y pueda aceptarlas o denegarlas.;";"Entre $15.000 a $30.000 la hora.;";"Entre $150.000 a $200.000 el día.;";Por transacción bancaria inmediata, una vez aprobado el servicio por mí y el cliente;🟡Prioridad Media🟡;🟡Prioridad Media🟡;🟡Prioridad Media🟡;🟢Prioridad Baja🟢;🟡Prioridad Media🟡;;"Preferiría pagar una suscripción mensual.;";¡Sí, me apuntaría en el presente o en el futuro!;"Por días.;";🟡Prioridad Media🟡;🟡Prioridad Media🟡;🟢Prioridad Baja🟢;🟢Prioridad Baja🟢;🟡Prioridad Media🟡;🟢Prioridad Baja🟢;🟡Prioridad Media🟡;🟡Prioridad Media🟡;🟡Prioridad Media🟡;🟢Prioridad Baja🟢;;"Entre $15.000 a $30.000 la hora.;Entre $30.000 a $50.000 la hora.;";"Entre $100.000 a $150.000 el día.;Entre $150.000 a $200.000 el día.;";🟡Prioridad Media🟡;🔴Prioridad Alta🔴;🔴Prioridad Alta🔴;🔴Prioridad Alta🔴;🔴Prioridad Alta🔴;🔴Prioridad Alta🔴;🔴Prioridad Alta🔴;🔴Prioridad Alta🔴;;Clara;Probable - Me gustaría conocer más de la plataforma antes de entrar.;"Por correo electrónico;Un chat en la plataforma";4;[4, 6)
2025-05-17;04:39;Acepto.;18-25;Ecuador;El Carmen (Norte De Santander);Masculino.;3 - (Medio);"Soy estudiante en estudios superiores o universitario;Estoy desempleado";Pregrado universitario (Grado o Licenciatura).;Diariamente.;Buses municipales;"Por estudio;Por compromisos personales o familiares";No poseo licencia, pero estoy interesado en obtenerla pronto.;No;;;;;;;Sí;"Experiencia de negocio más personalizada;Promueve la economía colaborativa";"Posibles daños o mal uso del vehículo rentado;Falta de regulación por parte de entidades oficiales";No;;;;No;;;;;No;;;;;;;;;;;;;;;;;;;;;;;;;;No me llama la atención, gracias.;;;;;;;;;;;;;;;;;;;;;;;;Clara;Neutral - Es un buen concepto que requiere más desarrollo.;Por chat con asesor mediante Whatsapp;4;[4, 6)
2025-05-17;09:21;Acepto.;18-25;Guatemala;Ciudad de Guatemala (Guatemala);Masculino.;2 - (Bajo - Medio);Soy estudiante en estudios superiores o universitario;Especialización o Diplomado de Posgrado (estudios posteriores con enfoque técnico o profesional).;Únicamente entre semana.;Buses municipales;Por estudio;No poseo licencia, y tampoco estoy interesado en obtenerla en el momento.;No;;;;;;;No;Aprovechamiento de vehículos particulares inactivos;Desconfianza frente a clientes / personas desconocidas;No;;;;No;;;;;Sí;"Solo durante semana (lunes a viernes).;";🔴Prioridad Alta🔴;🔴Prioridad Alta🔴;🔴Prioridad Alta🔴;🔴Prioridad Alta🔴;🔴Prioridad Alta🔴;🔴Prioridad Alta🔴;🔴Prioridad Alta🔴;🔴Prioridad Alta🔴;🟡Prioridad Media🟡;🔴Prioridad Alta🔴;🔴Prioridad Alta🔴;🔴Prioridad Alta🔴;;"Reciba solicitudes y pueda aceptarlas o denegarlas.;";"No me encuentro interesado en rentar por horas.;";"Entre $150.000 a $200.000 el día.;";Por transacción bancaria inmediata, una vez aprobado el servicio por mí y el cliente;🟡Prioridad Media🟡;🔴Prioridad Alta🔴;🔴Prioridad Alta🔴;🔴Prioridad Alta🔴;🔴Prioridad Alta🔴;;"Preferiría pagar una suscripción mensual.;Aceptaría pagar una comisión del 4% al 9% por servicio.;";¡Sí, me apuntaría en el presente o en el futuro!;"Por días.;";🔴Prioridad Alta🔴;🔴Prioridad Alta🔴;🔴Prioridad Alta🔴;🔴Prioridad Alta🔴;🔴Prioridad Alta🔴;🔴Prioridad Alta🔴;🔴Prioridad Alta🔴;🔴Prioridad Alta🔴;🔴Prioridad Alta🔴;🔴Prioridad Alta🔴;;"No me encuentro interesado en rentar por horas.;";"Entre $150.000 a $200.000 el día.;";🔴Prioridad Alta🔴;🔴Prioridad Alta🔴;🔴Prioridad Alta🔴;🔴Prioridad Alta🔴;🔴Prioridad Alta🔴;🔴Prioridad Alta🔴;🔴Prioridad Alta🔴;🔴Prioridad Alta🔴;;Clara;Neutral - Es un buen concepto que requiere más desarrollo.;Un chat en la plataforma;9;[8, 10)
2025-05-17;05:40;Acepto.;18-25;Honduras;Catacamas (Honduras);Masculino.;3 - (Medio);Soy estudiante en estudios superiores o universitario;Pregrado universitario (Grado o Licenciatura).;Únicamente los fines de semana.;Buses municipales;Por estudio;No poseo licencia, y tampoco estoy interesado en obtenerla en el momento.;No;;;;;;;No;"Mayor flexibilidad en horarios;Posibilidad de generar ingresos como propietario del vehículo;Promueve la economía colaborativa";"Posibles daños o mal uso del vehículo rentado;Desconfianza frente a clientes / personas desconocidas;Falta de regulación por parte de entidades oficiales;Posible uso de vehículos para fines no autorizados;Falta de control en la entrega o devolución del vehículo";No;;;;No;;;;;No;;;;;;;;;;;;;;;;;;;;;;;;;;¡Sí, me apuntaría en el presente o en el futuro!;"Por horas.;";🔴Prioridad Alta🔴;🔴Prioridad Alta🔴;🟡Prioridad Media🟡;🔴Prioridad Alta🔴;🔴Prioridad Alta🔴;🔴Prioridad Alta🔴;🔴Prioridad Alta🔴;🟡Prioridad Media🟡;🟡Prioridad Media🟡;🟡Prioridad Media🟡;;"Entre $15.000 a $30.000 la hora.;";"No me encuentro interesado en rentar por días.;";🔴Prioridad Alta🔴;🟢Prioridad Baja🟢;🟡Prioridad Media🟡;🟡Prioridad Media🟡;🟡Prioridad Media🟡;🔴Prioridad Alta🔴;🔴Prioridad Alta🔴;🔴Prioridad Alta🔴;;Clara;Neutral - Es un buen concepto que requiere más desarrollo.;"Un chat en la plataforma;Por llamada telefónica;Por correo electrónico";5;[4, 6)
2025-05-17;16:39;Acepto.;18-25;Colombia;Barbosa (Santander);Masculino.;3 - (Medio);"Soy estudiante en estudios superiores o universitario;Soy empleado";Especialización o Diplomado de Posgrado (estudios posteriores con enfoque técnico o profesional).;Únicamente entre semana.;Taxis;Por trabajo;No poseo licencia, pero estoy interesado en obtenerla pronto.;No;;;;;;;No;"Posibilidad de generar ingresos como propietario del vehículo;Aprovechamiento de vehículos particulares inactivos";"Posibles daños o mal uso del vehículo rentado;Desconfianza frente a clientes / personas desconocidas;Falta de regulación por parte de entidades oficiales;Posible uso de vehículos para fines no autorizados;Falta de control en la entrega o devolución del vehículo";No;;;;No;;;;;No;;;;;;;;;;;;;;;;;;;;;;;;;;¡Sí, me apuntaría en el presente o en el futuro!;"Por meses.;Por días.;Por semanas.;";🔴Prioridad Alta🔴;🔴Prioridad Alta🔴;🔴Prioridad Alta🔴;🔴Prioridad Alta🔴;🔴Prioridad Alta🔴;🔴Prioridad Alta🔴;🔴Prioridad Alta🔴;🔴Prioridad Alta🔴;🔴Prioridad Alta🔴;🔴Prioridad Alta🔴;;"No me encuentro interesado en rentar por horas.;";"Entre $150.000 a $200.000 el día.;";🔴Prioridad Alta🔴;🔴Prioridad Alta🔴;🔴Prioridad Alta🔴;🔴Prioridad Alta🔴;🔴Prioridad Alta🔴;🔴Prioridad Alta🔴;🔴Prioridad Alta🔴;🔴Prioridad Alta🔴;;Clara;Probable - Me gustaría conocer más de la plataforma antes de entrar.;"Un chat en la plataforma;Por correo electrónico;Por llamada telefónica;Por chat con asesor mediante Whatsapp;Con un chatbot (Sea por plataforma, Whatsapp, u otro medio.)";16;[16, 18)
2025-05-17;13:49;Acepto.;16-17;Colombia;Ventaquemada (Boyacá);Masculino.;3 - (Medio);Soy estudiante de secundaria;Secundaria media (10° a 11°, o Vocacional, o Preparatoria).;Rara vez.;SITP;Por estudio;No poseo licencia, y tampoco estoy interesado en obtenerla en el momento.;No;;;;;;;No;Aprovechamiento de vehículos particulares inactivos;Posibles daños o mal uso del vehículo rentado;No;;;;No;;;;;No;;;;;;;;;;;;;;;;;;;;;;;;;;No me llama la atención, gracias.;;;;;;;;;;;;;;;;;;;;;;;;Clara;Muy probable - Me gustaría inscribirme en la plataforma.;"Un chat en la plataforma;Con un chatbot (Sea por plataforma, Whatsapp, u otro medio.)";13;[12, 14)
2025-05-17;00:59;Acepto.;16-17;Colombia;Ventaquemada (Boyacá);Masculino.;3 - (Medio);Soy estudiante de secundaria;Secundaria media (10° a 11°, o Vocacional, o Preparatoria).;Únicamente entre semana.;Buses intermunicipales;Por estudio;No poseo licencia, y tampoco estoy interesado en obtenerla en el momento.;Sí;Diariamente.;Un único vehículo.;Ocasionalmente lo comparto con mi familia, amigos o conocidos.;Otro: Bicicleta convencional;;;No;Mayor flexibilidad en horarios;Falta de control en la entrega o devolución del vehículo;No;;;;No;;;;;No;;;;;;;;;;;;;;;;;;;;;;;;;;No me llama la atención, gracias.;;;;;;;;;;;;;;;;;;;;;;;;Confusa;Neutral - Es un buen concepto que requiere más desarrollo.;Un chat en la plataforma;0;[0, 2)
2025-05-18;32:17;Acepto.;46-55;Colombia;Sogamoso (Boyacá);Femenino.;3 - (Medio);Soy empleado;Especialización o Diplomado de Posgrado (estudios posteriores con enfoque técnico o profesional).;Rara vez.;Buses municipales;Por compromisos personales o familiares;Poseo licencia de conducción vigente o próxima a renovar.;Sí;Diariamente.;Un único vehículo.;Ocasionalmente lo comparto con mi familia, amigos o conocidos.;Automóvil (carros, camionetas, entre otros);;;Sí;Promueve la economía colaborativa;Posibles daños o mal uso del vehículo rentado;No;;;;No;;;;;Sí;"Por horas.;";🔴Prioridad Alta🔴;🔴Prioridad Alta🔴;🔴Prioridad Alta🔴;🔴Prioridad Alta🔴;🔴Prioridad Alta🔴;🔴Prioridad Alta🔴;🔴Prioridad Alta🔴;🔴Prioridad Alta🔴;🔴Prioridad Alta🔴;🔴Prioridad Alta🔴;🔴Prioridad Alta🔴;🔴Prioridad Alta🔴;;"Pueda configurar qué tipo de solicitudes quiero recibir, para luego aceptarlas o denegarlas.;Pueda confiar en la plataforma para que me consulten, o ellos mismos acepten y denieguen un servicio que me solicitan.;";"Entre $30.000 a $50.000 la hora.;";"No me encuentro interesado en rentar por días.;";En efectivo, antes de entregar el vehículo al cliente;🔴Prioridad Alta🔴;🔴Prioridad Alta🔴;🔴Prioridad Alta🔴;🔴Prioridad Alta🔴;🟡Prioridad Media🟡;;"Preferiría pagar una suscripción mensual.;";¡Sí, me apuntaría en el presente o en el futuro!;"Por horas.;";🔴Prioridad Alta🔴;🔴Prioridad Alta🔴;🔴Prioridad Alta🔴;🔴Prioridad Alta🔴;🔴Prioridad Alta🔴;🔴Prioridad Alta🔴;🔴Prioridad Alta🔴;🔴Prioridad Alta🔴;🔴Prioridad Alta🔴;🔴Prioridad Alta🔴;;"Entre $30.000 a $50.000 la hora.;";"No me encuentro interesado en rentar por días.;";🔴Prioridad Alta🔴;🔴Prioridad Alta🔴;🔴Prioridad Alta🔴;🔴Prioridad Alta🔴;🔴Prioridad Alta🔴;🔴Prioridad Alta🔴;🔴Prioridad Alta🔴;🔴Prioridad Alta🔴;;Clara;Probable - Me gustaría conocer más de la plataforma antes de entrar.;Por chat con asesor mediante Whatsapp;32;[32, 34)
2025-05-18;11:14;Acepto.;56-65;Colombia;Tunja (Boyacá);Femenino.;3 - (Medio);Soy empleado;Secundaria media (10° a 11°, o Vocacional, o Preparatoria).;Únicamente los fines de semana.;Buses municipales;Por compromisos personales o familiares;Poseo licencia de conducción vigente o próxima a renovar.;Sí;Muy rara vez.;Un único vehículo.;No, es un vehículo completamente propio.;Automóvil (carros, camionetas, entre otros);;;No;Promueve la economía colaborativa;"Posibles daños o mal uso del vehículo rentado;Desconfianza frente a clientes / personas desconocidas;Posible uso de vehículos para fines no autorizados";No;;;;No;;;;;Sí;"A disposición personal.;";🔴Prioridad Alta🔴;🔴Prioridad Alta🔴;🔴Prioridad Alta🔴;🔴Prioridad Alta🔴;🔴Prioridad Alta🔴;🔴Prioridad Alta🔴;🔴Prioridad Alta🔴;🔴Prioridad Alta🔴;🔴Prioridad Alta🔴;🔴Prioridad Alta🔴;🔴Prioridad Alta🔴;🔴Prioridad Alta🔴;;"Pueda confiar en la plataforma para que me consulten, o ellos mismos acepten y denieguen un servicio que me solicitan.;";"Entre $30.000 a $50.000 la hora.;";"No me encuentro interesado en rentar por días.;";RESPUESTA INVÁLIDA - REVISAR;🔴Prioridad Alta🔴;🔴Prioridad Alta🔴;🔴Prioridad Alta🔴;🔴Prioridad Alta🔴;🔴Prioridad Alta🔴;;"No estaría interesado en pagar comisión alguna.;";¡Sí, me apuntaría en el presente o en el futuro!;"Por días.;";🔴Prioridad Alta🔴;🔴Prioridad Alta🔴;🔴Prioridad Alta🔴;🔴Prioridad Alta🔴;🔴Prioridad Alta🔴;🔴Prioridad Alta🔴;🔴Prioridad Alta🔴;🔴Prioridad Alta🔴;🔴Prioridad Alta🔴;🔴Prioridad Alta🔴;;"No me encuentro interesado en rentar por horas.;";"Entre $100.000 a $150.000 el día.;";🔴Prioridad Alta🔴;🔴Prioridad Alta🔴;🔴Prioridad Alta🔴;🔴Prioridad Alta🔴;🔴Prioridad Alta🔴;🔴Prioridad Alta🔴;🔴Prioridad Alta🔴;🔴Prioridad Alta🔴;;Clara;Probable - Me gustaría conocer más de la plataforma antes de entrar.;Un chat en la plataforma;11;[10, 12)
2025-05-18;13:05;Acepto.;18-25;Colombia;Tunja (Boyacá);Masculino.;3 - (Medio);Soy estudiante en estudios superiores o universitario;Pregrado universitario (Grado o Licenciatura).;Diariamente.;Buses municipales;Por estudio;Poseo licencia de conducción vigente o próxima a renovar.;No;;;;;;;No;"Mayor flexibilidad en horarios;Diversidad de vehículos para rentar / arrendar";Posibles daños o mal uso del vehículo rentado;No;;;;No;;;;;Sí;"Por días (cualquier día).;";🔴Prioridad Alta🔴;🔴Prioridad Alta🔴;🔴Prioridad Alta🔴;🔴Prioridad Alta🔴;🔴Prioridad Alta🔴;🔴Prioridad Alta🔴;🟡Prioridad Media🟡;🟡Prioridad Media🟡;🟡Prioridad Media🟡;🟡Prioridad Media🟡;🔴Prioridad Alta🔴;🔴Prioridad Alta🔴;;"Pueda confiar en la plataforma para que me consulten, o ellos mismos acepten y denieguen un servicio que me solicitan.;";"No me encuentro interesado en rentar por horas.;Entre $30.000 a $50.000 la hora.;";"Entre $150.000 a $200.000 el día.;";Por transacción bancaria inmediata, una vez aprobado el servicio por mí y el cliente;🟢Prioridad Baja🟢;🔴Prioridad Alta🔴;🟡Prioridad Media🟡;🟡Prioridad Media🟡;🟢Prioridad Baja🟢;;"No estaría interesado en pagar comisión alguna.;";¡Sí, me apuntaría en el presente o en el futuro!;"Por días.;Por horas.;";🔴Prioridad Alta🔴;🔴Prioridad Alta🔴;🔴Prioridad Alta🔴;🔴Prioridad Alta🔴;🔴Prioridad Alta🔴;🔴Prioridad Alta🔴;🟡Prioridad Media🟡;🟡Prioridad Media🟡;🟡Prioridad Media🟡;🟡Prioridad Media🟡;;"Entre $15.000 a $30.000 la hora.;Entre $30.000 a $50.000 la hora.;";"Entre $100.000 a $150.000 el día.;";🟡Prioridad Media🟡;🟡Prioridad Media🟡;🔴Prioridad Alta🔴;🟡Prioridad Media🟡;🟡Prioridad Media🟡;🔴Prioridad Alta🔴;🔴Prioridad Alta🔴;🔴Prioridad Alta🔴;;Clara;Muy probable - Me gustaría inscribirme en la plataforma.;"Un chat en la plataforma;Por llamada telefónica";13;[12, 14)
2025-05-18;02:51;Acepto.;18-25;Colombia;Tunja (Boyacá);Femenino.;2 - (Bajo - Medio);Soy estudiante en estudios superiores o universitario;Pregrado universitario (Grado o Licenciatura).;Únicamente entre semana.;Buses municipales;Por estudio;No poseo licencia, pero estoy interesado en obtenerla pronto.;No;;;;;;;Sí;Aprovechamiento de vehículos particulares inactivos;"Posibles daños o mal uso del vehículo rentado;Posible uso de vehículos para fines no autorizados";No;;;;No;;;;;No;;;;;;;;;;;;;;;;;;;;;;;;;;No me llama la atención, gracias.;;;;;;;;;;;;;;;;;;;;;;;;Clara;Neutral - Es un buen concepto que requiere más desarrollo.;Por chat con asesor mediante Whatsapp;2;[2, 4)
2025-05-18;05:09;Acepto.;56-65;Colombia;Sogamoso (Boyacá);Femenino.;3 - (Medio);Estoy desempleado;Formación Técnica o Tecnológica.;Rara vez.;Buses municipales;Por compromisos personales o familiares;No poseo licencia, y tampoco estoy interesado en obtenerla en el momento.;Sí;Muy rara vez.;Un único vehículo.;Sí, es un vehículo compartido con familiares, amigos o conocidos.;Automóvil (carros, camionetas, entre otros);;;No;"Mejor negociación en condiciones de arriendo;Promueve la economía colaborativa";Posibles daños o mal uso del vehículo rentado;No;;;;No;;;;;No;;;;;;;;;;;;;;;;;;;;;;;;;;No me llama la atención, gracias.;;;;;;;;;;;;;;;;;;;;;;;;Clara;Probable - Me gustaría conocer más de la plataforma antes de entrar.;"Por llamada telefónica;Con un chatbot (Sea por plataforma, Whatsapp, u otro medio.);Por chat con asesor mediante Whatsapp";5;[4, 6)
2025-05-18;10:11;Acepto.;56-65;Colombia;Sogamoso (Boyacá);Femenino.;2 - (Bajo - Medio);Soy empleado;Formación Técnica o Tecnológica.;Diariamente.;Buses municipales;Por trabajo;No poseo licencia, pero estoy interesado en obtenerla pronto.;No;;;;;;;Sí;Mayor flexibilidad en horarios;Posibles daños o mal uso del vehículo rentado;No;;;;No;;;;;Sí;"Por días (cualquier día).;";🔴Prioridad Alta🔴;🔴Prioridad Alta🔴;🔴Prioridad Alta🔴;🔴Prioridad Alta🔴;🔴Prioridad Alta🔴;🔴Prioridad Alta🔴;🔴Prioridad Alta🔴;🔴Prioridad Alta🔴;🔴Prioridad Alta🔴;🔴Prioridad Alta🔴;🔴Prioridad Alta🔴;🔴Prioridad Alta🔴;;"Pueda confiar en la plataforma para que me consulten, o ellos mismos acepten y denieguen un servicio que me solicitan.;";"No me encuentro interesado en rentar por horas.;";"Entre $100.000 a $150.000 el día.;";Un respaldo con un pagaré automatizado por transferencia bancaria al finalizar el servicio por medio de Flex Drive;🔴Prioridad Alta🔴;🔴Prioridad Alta🔴;🔴Prioridad Alta🔴;🔴Prioridad Alta🔴;🔴Prioridad Alta🔴;;"No estaría interesado en pagar comisión alguna.;";¡Sí, me apuntaría en el presente o en el futuro!;"Por días.;";🔴Prioridad Alta🔴;🔴Prioridad Alta🔴;🔴Prioridad Alta🔴;🔴Prioridad Alta🔴;🔴Prioridad Alta🔴;🔴Prioridad Alta🔴;🔴Prioridad Alta🔴;🔴Prioridad Alta🔴;🔴Prioridad Alta🔴;🔴Prioridad Alta🔴;Revisar 49H;"Entre $15.000 a $30.000 la hora.;";"Entre $100.000 a $150.000 el día.;";🔴Prioridad Alta🔴;🔴Prioridad Alta🔴;🔴Prioridad Alta🔴;🔴Prioridad Alta🔴;🔴Prioridad Alta🔴;🔴Prioridad Alta🔴;🔴Prioridad Alta🔴;🔴Prioridad Alta🔴;;Clara;Muy probable - Me gustaría inscribirme en la plataforma.;Un chat en la plataforma;10;[10, 12)
2025-05-18;07:31;Acepto.;56-65;Colombia;Sogamoso (Boyacá);Femenino.;2 - (Bajo - Medio);Soy empleado;Secundaria media (10° a 11°, o Vocacional, o Preparatoria).;Diariamente.;"Taxis;Buses municipales;Buses intermunicipales;SITP";"Por trabajo;Por compromisos personales o familiares";No poseo licencia, y tampoco estoy interesado en obtenerla en el momento.;No;;;;;;;Sí;Promueve la economía colaborativa;Falta de regulación por parte de entidades oficiales;No;;;;No;;;;;No;;;;;;;;;;;;;;;;;;;;;;;;;;No me llama la atención, gracias.;;;;;;;;;;;;;;;;;;;;;;;;Clara;Muy probable - Me gustaría inscribirme en la plataforma.;Por chat con asesor mediante Whatsapp;7;[6, 8)
2025-05-18;03:15;Acepto.;16-17;Colombia;Sogamoso (Boyacá);Masculino.;2 - (Bajo - Medio);Soy freelancer / independiente;Primaria (1° a 5°).;Únicamente entre semana.;Buses intermunicipales;Por estudio;No poseo licencia, pero estoy interesado en obtenerla pronto.;No;;;;;;;No;Aprovechamiento de vehículos particulares inactivos;Falta de regulación por parte de entidades oficiales;No;;;;No;;;;;Sí;"Por días (cualquier día).;";🔴Prioridad Alta🔴;🟡Prioridad Media🟡;🟡Prioridad Media🟡;🔴Prioridad Alta🔴;🔴Prioridad Alta🔴;🔴Prioridad Alta🔴;🟡Prioridad Media🟡;🔴Prioridad Alta🔴;🟡Prioridad Media🟡;🔴Prioridad Alta🔴;🔴Prioridad Alta🔴;🔴Prioridad Alta🔴;;"Pueda configurar qué tipo de solicitudes quiero recibir, para luego aceptarlas o denegarlas.;";"Entre $30.000 a $50.000 la hora.;";"Entre $100.000 a $150.000 el día.;";Por transacción bancaria inmediata, una vez aprobado el servicio por mí y el cliente;🔴Prioridad Alta🔴;🟡Prioridad Media🟡;🔴Prioridad Alta🔴;🟡Prioridad Media🟡;🟡Prioridad Media🟡;;"Aceptaría pagar una comisión del 4% al 9% por servicio.;";¡Sí, me apuntaría en el presente o en el futuro!;"Por días.;";🟡Prioridad Media🟡;🟡Prioridad Media🟡;🔴Prioridad Alta🔴;🔴Prioridad Alta🔴;🔴Prioridad Alta🔴;🟡Prioridad Media🟡;🔴Prioridad Alta🔴;🟡Prioridad Media🟡;🟡Prioridad Media🟡;🔴Prioridad Alta🔴;;"Entre $50.000 a $80.000 la hora.;";"Entre $100.000 a $150.000 el día.;";🟡Prioridad Media🟡;🔴Prioridad Alta🔴;🟡Prioridad Media🟡;🔴Prioridad Alta🔴;🔴Prioridad Alta🔴;🔴Prioridad Alta🔴;🔴Prioridad Alta🔴;🟡Prioridad Media🟡;;Clara;Probable - Me gustaría conocer más de la plataforma antes de entrar.;Por correo electrónico;3;[2, 4)
2025-05-18;11:46;Acepto.;56-65;Colombia;Sogamoso (Boyacá);Femenino.;4 - (Medio Alto);Soy estudiante en estudios superiores o universitario;Formación Técnica o Tecnológica.;Diariamente.;Buses municipales;Por trabajo;Poseo licencia de conducción vigente o próxima a renovar.;No;;;;;;;Sí;"Mayor flexibilidad en horarios;Diversidad de vehículos para rentar / arrendar";"Posibles daños o mal uso del vehículo rentado;Posible uso de vehículos para fines no autorizados";No;;;;No;;;;;Sí;"Por horas.;Por días (cualquier día).;Solo los fines de semana.;";🔴Prioridad Alta🔴;🔴Prioridad Alta🔴;🔴Prioridad Alta🔴;🔴Prioridad Alta🔴;🔴Prioridad Alta🔴;🔴Prioridad Alta🔴;🔴Prioridad Alta🔴;🔴Prioridad Alta🔴;🔴Prioridad Alta🔴;🔴Prioridad Alta🔴;🔴Prioridad Alta🔴;🔴Prioridad Alta🔴;;"Reciba solicitudes y pueda aceptarlas o denegarlas.;";"Entre $15.000 a $30.000 la hora.;";"Entre $150.000 a $200.000 el día.;";"En efectivo, antes de entregar el vehículo al cliente;En efectivo, cuando el cliente devuelve el vehículo";🔴Prioridad Alta🔴;🔴Prioridad Alta🔴;🔴Prioridad Alta🔴;🔴Prioridad Alta🔴;🔴Prioridad Alta🔴;;"No estaría interesado en pagar comisión alguna.;Aceptaría pagar una comisión del 4% al 9% por servicio.;Aceptaría pagar una comisión del 10% al 14% por servicio.;";¡Sí, me apuntaría en el presente o en el futuro!;"Por horas.;Por días.;Por semanas.;";🔴Prioridad Alta🔴;🔴Prioridad Alta🔴;🔴Prioridad Alta🔴;🔴Prioridad Alta🔴;🔴Prioridad Alta🔴;🔴Prioridad Alta🔴;🔴Prioridad Alta🔴;🔴Prioridad Alta🔴;🔴Prioridad Alta🔴;🔴Prioridad Alta🔴;;"Entre $15.000 a $30.000 la hora.;No me encuentro interesado en rentar por horas.;Entre $30.000 a $50.000 la hora.;";"Entre $100.000 a $150.000 el día.;Entre $150.000 a $200.000 el día.;";🔴Prioridad Alta🔴;🔴Prioridad Alta🔴;🔴Prioridad Alta🔴;🔴Prioridad Alta🔴;🔴Prioridad Alta🔴;🔴Prioridad Alta🔴;🔴Prioridad Alta🔴;🔴Prioridad Alta🔴;;Clara;Muy probable - Me gustaría inscribirme en la plataforma.;"Un chat en la plataforma;Por llamada telefónica";11;[10, 12)
2025-05-18;10:32;Acepto.;26-35;Colombia;Sogamoso (Boyacá);Masculino.;3 - (Medio);Soy empleado;Formación Técnica o Tecnológica.;Rara vez.;Buses intermunicipales;Por trabajo;Poseo licencia de conducción vigente o próxima a renovar.;Sí;Diariamente.;Varios vehículos.;;;"No, son vehículos completamente propios.;";"Moticicleta;Automóvil (carros, camionetas, entre otros);";No;Mayor flexibilidad en horarios;Posibles daños o mal uso del vehículo rentado;No;;;;No;;;;;Sí;"A disposición personal.;Por días (cualquier día).;";🔴Prioridad Alta🔴;🔴Prioridad Alta🔴;🔴Prioridad Alta🔴;🔴Prioridad Alta🔴;🔴Prioridad Alta🔴;🔴Prioridad Alta🔴;🔴Prioridad Alta🔴;🔴Prioridad Alta🔴;🔴Prioridad Alta🔴;🔴Prioridad Alta🔴;🔴Prioridad Alta🔴;🔴Prioridad Alta🔴;;"Reciba solicitudes y pueda aceptarlas o denegarlas.;";"Entre $30.000 a $50.000 la hora.;";"Entre $150.000 a $200.000 el día.;";Por transacción bancaria inmediata, una vez aprobado el servicio por mí y el cliente;🔴Prioridad Alta🔴;🔴Prioridad Alta🔴;🔴Prioridad Alta🔴;🔴Prioridad Alta🔴;🔴Prioridad Alta🔴;;"Aceptaría pagar una comisión del 4% al 9% por servicio.;";¡Sí, me apuntaría en el presente o en el futuro!;"Por horas.;Por días.;Por semanas.;Por meses.;Por exclusividad con el propietario.;";🔴Prioridad Alta🔴;🔴Prioridad Alta🔴;🔴Prioridad Alta🔴;🔴Prioridad Alta🔴;🔴Prioridad Alta🔴;🔴Prioridad Alta🔴;🔴Prioridad Alta🔴;🔴Prioridad Alta🔴;🔴Prioridad Alta🔴;🔴Prioridad Alta🔴;;"Entre $30.000 a $50.000 la hora.;";"Entre $150.000 a $200.000 el día.;";🔴Prioridad Alta🔴;🟢Prioridad Baja🟢;🔴Prioridad Alta🔴;🔴Prioridad Alta🔴;🔴Prioridad Alta🔴;🔴Prioridad Alta🔴;🔴Prioridad Alta🔴;🔴Prioridad Alta🔴;;Clara;Muy probable - Me gustaría inscribirme en la plataforma.;"Un chat en la plataforma;Por correo electrónico;Por llamada telefónica;Por chat con asesor mediante Whatsapp";10;[10, 12)
2025-05-18;11:19;Acepto.;56-65;Colombia;Bogotá D.C.;Femenino.;4 - (Medio Alto);Estoy jubilado / pensionado / retirado;Formación Técnica o Tecnológica.;Rara vez.;SITP;Por compromisos personales o familiares;No poseo licencia, pero estoy interesado en obtenerla pronto.;Sí;Muy rara vez.;Un único vehículo.;Ocasionalmente lo comparto con mi familia, amigos o conocidos.;Automóvil (carros, camionetas, entre otros);;;No;Ningún beneficio;Ninguna desventaja;No;;;;No;;;;;No;;;;;;;;;;;;;;;;;;;;;;;;;;No me llama la atención, gracias.;;;;;;;;;;;;;;;;;;;;;;;;Clara;Muy improbable - No me encuentro interesado o no hay una mercado de interés.;Por correo electrónico;11;[10, 12)
2025-05-18;07:25;Acepto.;36-45;Colombia;Bogotá D.C.;Femenino.;4 - (Medio Alto);Soy empleado;Formación Técnica o Tecnológica.;Diariamente.;"Taxis;SITP";"Por trabajo;Por compromisos personales o familiares";No poseo licencia, pero estoy interesado en obtenerla pronto.;Sí;Solo durante fines de semana.;Un único vehículo.;Ocasionalmente lo comparto con mi familia, amigos o conocidos.;Automóvil (carros, camionetas, entre otros);;;No;Promueve la economía colaborativa;Posibles daños o mal uso del vehículo rentado;No;;;;No;;;;;No;;;;;;;;;;;;;;;;;;;;;;;;;;No me llama la atención, gracias.;;;;;;;;;;;;;;;;;;;;;;;;Confusa;Improbable - Es un buen concepto con difícil ejecución.;Por correo electrónico;7;[6, 8)
2025-05-18;18:44;Acepto.;18-25;Colombia;Sogamoso (Boyacá);Masculino.;2 - (Bajo - Medio);Soy freelancer / independiente;Especialización o Diplomado de Posgrado (estudios posteriores con enfoque técnico o profesional).;Rara vez.;"Buses municipales;Buses intermunicipales;SITP";"Por compromisos personales o familiares;Por trabajo;Por estudio";Poseo licencia de conducción vigente o próxima a renovar.;Sí;Diariamente.;Un único vehículo.;Sí, es un vehículo compartido con familiares, amigos o conocidos.;Automóvil (carros, camionetas, entre otros);;;Sí;;;No;;;;No;;;;;Sí;"Por días (cualquier día).;";🔴Prioridad Alta🔴;🟡Prioridad Media🟡;🔴Prioridad Alta🔴;🔴Prioridad Alta🔴;🔴Prioridad Alta🔴;🟡Prioridad Media🟡;🔴Prioridad Alta🔴;🔴Prioridad Alta🔴;🔴Prioridad Alta🔴;🟡Prioridad Media🟡;🔴Prioridad Alta🔴;🔴Prioridad Alta🔴;;"Pueda configurar qué tipo de solicitudes quiero recibir, para luego aceptarlas o denegarlas.;Pueda confiar en la plataforma para que me consulten, o ellos mismos acepten y denieguen un servicio que me solicitan.;";"Entre $15.000 a $30.000 la hora.;";"Entre $100.000 a $150.000 el día.;";"En efectivo, antes de entregar el vehículo al cliente;Por transacción bancaria inmediata, una vez aprobado el servicio por mí y el cliente";🟡Prioridad Media🟡;🔴Prioridad Alta🔴;🔴Prioridad Alta🔴;🔴Prioridad Alta🔴;🟡Prioridad Media🟡;;"No estaría interesado en pagar comisión alguna.;";¡Sí, me apuntaría en el presente o en el futuro!;"Por días.;Por horas.;";🔴Prioridad Alta🔴;🔴Prioridad Alta🔴;🔴Prioridad Alta🔴;🔴Prioridad Alta🔴;🔴Prioridad Alta🔴;🔴Prioridad Alta🔴;🔴Prioridad Alta🔴;🔴Prioridad Alta🔴;🔴Prioridad Alta🔴;🔴Prioridad Alta🔴;;"Entre $15.000 a $30.000 la hora.;";"Entre $100.000 a $150.000 el día.;";🔴Prioridad Alta🔴;🔴Prioridad Alta🔴;🔴Prioridad Alta🔴;🔴Prioridad Alta🔴;🔴Prioridad Alta🔴;🔴Prioridad Alta🔴;🔴Prioridad Alta🔴;🔴Prioridad Alta🔴;;Clara;Muy probable - Me gustaría inscribirme en la plataforma.;"Un chat en la plataforma;Por llamada telefónica;Por chat con asesor mediante Whatsapp;Por correo electrónico";18;[18, 20)
2025-05-18;12:26;Acepto.;18-25;Colombia;Tenjo (Cundinamarca);Femenino.;3 - (Medio);Soy estudiante en estudios superiores o universitario;Pregrado universitario (Grado o Licenciatura).;Únicamente entre semana.;Buses municipales;Por estudio;Poseo licencia de conducción vigente o próxima a renovar.;No;;;;;;;Sí;"Mejor negociación en condiciones de arriendo;Diversidad de vehículos para rentar / arrendar;Experiencia de negocio más personalizada";"Posibles daños o mal uso del vehículo rentado;Desconfianza frente a clientes / personas desconocidas;Posible uso de vehículos para fines no autorizados;Falta de control en la entrega o devolución del vehículo";No;;;;No;;;;;No;;;;;;;;;;;;;;;;;;;;;;;;;;¡Sí, me apuntaría en el presente o en el futuro!;"Por días.;";🟡Prioridad Media🟡;🔴Prioridad Alta🔴;🔴Prioridad Alta🔴;🔴Prioridad Alta🔴;🔴Prioridad Alta🔴;🔴Prioridad Alta🔴;🔴Prioridad Alta🔴;🟡Prioridad Media🟡;🟡Prioridad Media🟡;🟡Prioridad Media🟡;Revisar 49G;"Entre $30.000 a $50.000 la hora.;";"Entre $200.000 a $250.000 el día.;";🟡Prioridad Media🟡;🔴Prioridad Alta🔴;🔴Prioridad Alta🔴;🔴Prioridad Alta🔴;🟡Prioridad Media🟡;🔴Prioridad Alta🔴;🔴Prioridad Alta🔴;🔴Prioridad Alta🔴;;Clara;Probable - Me gustaría conocer más de la plataforma antes de entrar.;"Un chat en la plataforma;Por chat con asesor mediante Whatsapp";12;[12, 14)
2025-05-18;14:02;Acepto.;18-25;Colombia;Sogamoso (Boyacá);Femenino.;3 - (Medio);Soy estudiante en estudios superiores o universitario;Pregrado universitario (Grado o Licenciatura).;Únicamente entre semana.;"Buses municipales;Taxis;Buses intermunicipales";Por estudio;Poseo licencia de conducción vigente o próxima a renovar.;No;;;;;;;Sí;"Mejor negociación en condiciones de arriendo;Posibilidad de generar ingresos como propietario del vehículo;Diversidad de vehículos para rentar / arrendar";Posibles daños o mal uso del vehículo rentado;No;;;;No;;;;;No;;;;;;;;;;;;;;;;;;;;;;;;;;¡Sí, me apuntaría en el presente o en el futuro!;"Por horas.;";🔴Prioridad Alta🔴;🟡Prioridad Media🟡;🟢Prioridad Baja🟢;🔴Prioridad Alta🔴;🟡Prioridad Media🟡;🟢Prioridad Baja🟢;🔴Prioridad Alta🔴;🟡Prioridad Media🟡;🟢Prioridad Baja🟢;🔴Prioridad Alta🔴;;"No me encuentro interesado en rentar por horas.;";"Entre $100.000 a $150.000 el día.;";🔴Prioridad Alta🔴;🔴Prioridad Alta🔴;🟡Prioridad Media🟡;🔴Prioridad Alta🔴;🔴Prioridad Alta🔴;🟡Prioridad Media🟡;🔴Prioridad Alta🔴;🟡Prioridad Media🟡;;Clara;Muy probable - Me gustaría inscribirme en la plataforma.;"Un chat en la plataforma;Por llamada telefónica;Por correo electrónico;Por chat con asesor mediante Whatsapp";14;[14, 16)
2025-05-18;02:54;Acepto.;18-25;Colombia;Tunja (Boyacá);Femenino.;4 - (Medio Alto);Soy empleado;Pregrado universitario (Grado o Licenciatura).;Únicamente entre semana.;Buses municipales;"Por trabajo;Por compromisos personales o familiares";No poseo licencia, y tampoco estoy interesado en obtenerla en el momento.;No;;;;;;;Sí;Posibilidad de generar ingresos como propietario del vehículo;Falta de regulación por parte de entidades oficiales;No;;;;No;;;;;No;;;;;;;;;;;;;;;;;;;;;;;;;;No me llama la atención, gracias.;;;;;;;;;;;;;;;;;;;;;;;;Clara;Neutral - Es un buen concepto que requiere más desarrollo.;Por correo electrónico;2;[2, 4)
2025-05-18;01:56;Acepto.;18-25;Colombia;Tunja (Boyacá);Femenino.;4 - (Medio Alto);Soy empleado;Pregrado universitario (Grado o Licenciatura).;Diariamente.;Buses municipales;Por trabajo;No poseo licencia, pero estoy interesado en obtenerla pronto.;No;;;;;;;No;Diversidad de vehículos para rentar / arrendar;Falta de regulación por parte de entidades oficiales;No;;;;No;;;;;No;;;;;;;;;;;;;;;;;;;;;;;;;;No me llama la atención, gracias.;;;;;;;;;;;;;;;;;;;;;;;;Clara;Probable - Me gustaría conocer más de la plataforma antes de entrar.;Por correo electrónico;1;[0, 2)
2025-05-18;12:07;Acepto.;18-25;Colombia;Bogotá D.C.;Femenino.;3 - (Medio);Soy estudiante en estudios superiores o universitario;Pregrado universitario (Grado o Licenciatura).;Únicamente entre semana.;SITP;Por estudio;Poseo licencia de conducción vigente o próxima a renovar.;No;;;;;;;No;;"Posibles daños o mal uso del vehículo rentado;Desconfianza frente a clientes / personas desconocidas;Posible uso de vehículos para fines no autorizados";No;;;;No;;;;;Sí;"Por días (cualquier día).;A disposición personal.;";🔴Prioridad Alta🔴;🔴Prioridad Alta🔴;🔴Prioridad Alta🔴;🔴Prioridad Alta🔴;🔴Prioridad Alta🔴;🔴Prioridad Alta🔴;🔴Prioridad Alta🔴;🔴Prioridad Alta🔴;🔴Prioridad Alta🔴;🔴Prioridad Alta🔴;🔴Prioridad Alta🔴;🔴Prioridad Alta🔴;;"Reciba solicitudes y pueda aceptarlas o denegarlas.;";"Entre $15.000 a $30.000 la hora.;";"Entre $100.000 a $150.000 el día.;";"Por transacción bancaria inmediata, una vez aprobado el servicio por mí y el cliente;Un respaldo con un pagaré automatizado por transferencia bancaria al finalizar el servicio por medio de Flex Drive";🔴Prioridad Alta🔴;🔴Prioridad Alta🔴;🟡Prioridad Media🟡;🔴Prioridad Alta🔴;🔴Prioridad Alta🔴;;"Preferiría pagar una suscripción mensual.;";¡Sí, me apuntaría en el presente o en el futuro!;"Por días.;";🔴Prioridad Alta🔴;🔴Prioridad Alta🔴;🔴Prioridad Alta🔴;🔴Prioridad Alta🔴;🟡Prioridad Media🟡;🟡Prioridad Media🟡;🔴Prioridad Alta🔴;🔴Prioridad Alta🔴;🔴Prioridad Alta🔴;🟡Prioridad Media🟡;;"Entre $15.000 a $30.000 la hora.;";"Entre $100.000 a $150.000 el día.;";🔴Prioridad Alta🔴;🟡Prioridad Media🟡;🟡Prioridad Media🟡;🔴Prioridad Alta🔴;🔴Prioridad Alta🔴;🔴Prioridad Alta🔴;🔴Prioridad Alta🔴;🔴Prioridad Alta🔴;;Clara;Probable - Me gustaría conocer más de la plataforma antes de entrar.;"Un chat en la plataforma;Por chat con asesor mediante Whatsapp;Con un chatbot (Sea por plataforma, Whatsapp, u otro medio.)";12;[12, 14)
2025-05-18;04:10;Acepto.;36-45;Colombia;Bogotá D.C.;Masculino.;5 - (Alto);"Soy estudiante de secundaria;Soy empleado";Primaria (1° a 5°).;Diariamente.;SITP;"Por trabajo;Por estudio";Poseo licencia de conducción vigente o próxima a renovar.;Sí;Solo entre semana laboral.;Varios vehículos.;;;"Sí, comparto mi vehículo personal con familiares, amigos o conocidos.;";"Moticicleta;";No;Experiencia de negocio más personalizada;Posibles daños o mal uso del vehículo rentado;Sí;"A través de una plataforma web.;";"Buen margen de ganancias.;";"Inseguridad o falta de protección frente a daños o mal uso.;";No;;;;;Sí;"Por días (cualquier día).;";🟢Prioridad Baja🟢;🟢Prioridad Baja🟢;🟢Prioridad Baja🟢;🟢Prioridad Baja🟢;🟢Prioridad Baja🟢;🟢Prioridad Baja🟢;🟢Prioridad Baja🟢;🟢Prioridad Baja🟢;🟢Prioridad Baja🟢;🟢Prioridad Baja🟢;🟢Prioridad Baja🟢;🟢Prioridad Baja🟢;;"Reciba solicitudes y pueda aceptarlas o denegarlas.;";"Entre $30.000 a $50.000 la hora.;";"Entre $100.000 a $150.000 el día.;";En efectivo, antes de entregar el vehículo al cliente;🟢Prioridad Baja🟢;🟡Prioridad Media🟡;🟢Prioridad Baja🟢;🟡Prioridad Media🟡;🟢Prioridad Baja🟢;;"No estaría interesado en pagar comisión alguna.;";No me llama la atención, gracias.;;;;;;;;;;;;;;;;;;;;;;;;Clara;Probable - Me gustaría conocer más de la plataforma antes de entrar.;Por correo electrónico;4;[4, 6)
2025-05-18;14:39;Acepto.;46-55;Colombia;Bogotá D.C.;Masculino.;2 - (Bajo - Medio);Soy freelancer / independiente;Pregrado universitario (Grado o Licenciatura).;Rara vez.;SITP;Por compromisos personales o familiares;Poseo licencia de conducción vigente o próxima a renovar.;Sí;Diariamente.;Un único vehículo.;Ocasionalmente lo comparto con mi familia, amigos o conocidos.;Automóvil (carros, camionetas, entre otros);;;No;"Diversidad de vehículos para rentar / arrendar;Aprovechamiento de vehículos particulares inactivos";"Posibles daños o mal uso del vehículo rentado;Desconfianza frente a clientes / personas desconocidas;Posible uso de vehículos para fines no autorizados;Falta de control en la entrega o devolución del vehículo";No;;;;No;;;;;No;;;;;;;;;;;;;;;;;;;;;;;;;;¡Sí, me apuntaría en el presente o en el futuro!;"Por horas.;Por días.;Por semanas.;Por meses.;";🟡Prioridad Media🟡;🔴Prioridad Alta🔴;🟡Prioridad Media🟡;🔴Prioridad Alta🔴;🟡Prioridad Media🟡;🔴Prioridad Alta🔴;🔴Prioridad Alta🔴;🔴Prioridad Alta🔴;🔴Prioridad Alta🔴;🟡Prioridad Media🟡;;"Entre $15.000 a $30.000 la hora.;";"Entre $100.000 a $150.000 el día.;";🟡Prioridad Media🟡;🟡Prioridad Media🟡;🟡Prioridad Media🟡;🔴Prioridad Alta🔴;🔴Prioridad Alta🔴;🔴Prioridad Alta🔴;🔴Prioridad Alta🔴;🔴Prioridad Alta🔴;;Clara;Neutral - Es un buen concepto que requiere más desarrollo.;Por chat con asesor mediante Whatsapp;14;[14, 16)
2025-05-19;08:03;Acepto.;26-35;Colombia;Sogamoso (Boyacá);Masculino.;3 - (Medio);Soy empleado;Especialización o Diplomado de Posgrado (estudios posteriores con enfoque técnico o profesional).;Rara vez.;Buses intermunicipales;Por trabajo;Poseo licencia de conducción vigente o próxima a renovar.;Sí;Diariamente.;Un único vehículo.;No, es un vehículo completamente propio.;Automóvil (carros, camionetas, entre otros);;;No;"Aprovechamiento de vehículos particulares inactivos;Promueve la economía colaborativa";Posibles daños o mal uso del vehículo rentado;No;;;;Sí;En el exterior;Europcar;"Facilidad en el acceso al servicio.;Rapidez en los tiempos de respuesta.;Seguridad durante los procesos del servicio.;";;Sí;"Por días (cualquier día).;";🔴Prioridad Alta🔴;🔴Prioridad Alta🔴;🔴Prioridad Alta🔴;🔴Prioridad Alta🔴;🔴Prioridad Alta🔴;🟡Prioridad Media🟡;🟡Prioridad Media🟡;🟡Prioridad Media🟡;🟡Prioridad Media🟡;🟡Prioridad Media🟡;🟡Prioridad Media🟡;🟡Prioridad Media🟡;;"Reciba solicitudes y pueda aceptarlas o denegarlas.;";"Entre $15.000 a $30.000 la hora.;";"Entre $100.000 a $150.000 el día.;";En efectivo, antes de entregar el vehículo al cliente;🔴Prioridad Alta🔴;🔴Prioridad Alta🔴;🔴Prioridad Alta🔴;🔴Prioridad Alta🔴;🔴Prioridad Alta🔴;;"No estaría interesado en pagar comisión alguna.;";¡Sí, me apuntaría en el presente o en el futuro!;"Por días.;";🔴Prioridad Alta🔴;🔴Prioridad Alta🔴;🔴Prioridad Alta🔴;🔴Prioridad Alta🔴;🟡Prioridad Media🟡;🔴Prioridad Alta🔴;🔴Prioridad Alta🔴;🔴Prioridad Alta🔴;🔴Prioridad Alta🔴;🔴Prioridad Alta🔴;;"No me encuentro interesado en rentar por horas.;";"Entre $100.000 a $150.000 el día.;";🔴Prioridad Alta🔴;🔴Prioridad Alta🔴;🔴Prioridad Alta🔴;🔴Prioridad Alta🔴;🔴Prioridad Alta🔴;🔴Prioridad Alta🔴;🔴Prioridad Alta🔴;🔴Prioridad Alta🔴;;Confusa;Probable - Me gustaría conocer más de la plataforma antes de entrar.;Por chat con asesor mediante Whatsapp;8;[8, 10)
2025-05-19;01:06;Acepto.;18-25;Colombia;;Masculino.;3 - (Medio);"Estoy desempleado;Soy estudiante en estudios superiores o universitario";Formación Técnica o Tecnológica.;Únicamente los fines de semana.;Buses intermunicipales;Por estudio;No poseo licencia, pero estoy interesado en obtenerla pronto.;No;;;;;;;No;"Posibilidad de generar ingresos como propietario del vehículo;Aprovechamiento de vehículos particulares inactivos";"Posibles daños o mal uso del vehículo rentado;Posible uso de vehículos para fines no autorizados";No;;;;No;;;;;No;;;;;;;;;;;;;;;;;;;;;;;;;;No me llama la atención, gracias.;;;;;;;;;;;;;;;;;;;;;;;;Clara;Neutral - Es un buen concepto que requiere más desarrollo.;Un chat en la plataforma;1;[0, 2)
2025-05-19;01:51;Acepto.;18-25;Colombia;Tunja (Boyacá);Masculino.;2 - (Bajo - Medio);Soy estudiante en estudios superiores o universitario;Formación Técnica o Tecnológica.;Diariamente.;"Buses municipales;Taxis";Por estudio;Poseo licencia de conducción vigente o próxima a renovar.;No;;;;;;;Sí;Mayor flexibilidad en horarios;Falta de control en la entrega o devolución del vehículo;No;;;;No;;;;;No;;;;;;;;;;;;;;;;;;;;;;;;;;No me llama la atención, gracias.;;;;;;;;;;;;;;;;;;;;;;;;Confusa;Neutral - Es un buen concepto que requiere más desarrollo.;Por llamada telefónica;1;[0, 2)
2025-05-19;05:18;Acepto.;18-25;Colombia;Tunja (Boyacá);Femenino.;3 - (Medio);Soy estudiante en estudios superiores o universitario;Pregrado universitario (Grado o Licenciatura).;Diariamente.;"Buses municipales;Taxis";Por estudio;Poseo licencia de conducción vigente o próxima a renovar.;No;;;;;;;No;Mayor flexibilidad en horarios;Desconfianza frente a clientes / personas desconocidas;No;;;;No;;;;;Sí;"Solo los fines de semana.;";🔴Prioridad Alta🔴;🟡Prioridad Media🟡;🔴Prioridad Alta🔴;🔴Prioridad Alta🔴;🟡Prioridad Media🟡;🔴Prioridad Alta🔴;🔴Prioridad Alta🔴;🔴Prioridad Alta🔴;🔴Prioridad Alta🔴;🔴Prioridad Alta🔴;🔴Prioridad Alta🔴;🔴Prioridad Alta🔴;;"Pueda configurar qué tipo de solicitudes quiero recibir, para luego aceptarlas o denegarlas.;Pueda confiar en la plataforma para que me consulten, o ellos mismos acepten y denieguen un servicio que me solicitan.;";"Entre $15.000 a $30.000 la hora.;";"Entre $100.000 a $150.000 el día.;Entre $150.000 a $200.000 el día.;";En efectivo, antes de entregar el vehículo al cliente;🔴Prioridad Alta🔴;🔴Prioridad Alta🔴;🔴Prioridad Alta🔴;🔴Prioridad Alta🔴;🔴Prioridad Alta🔴;;"Preferiría pagar una suscripción mensual.;";¡Sí, me apuntaría en el presente o en el futuro!;"Por horas.;Por días.;Por semanas.;";🔴Prioridad Alta🔴;🔴Prioridad Alta🔴;🔴Prioridad Alta🔴;🟡Prioridad Media🟡;🟡Prioridad Media🟡;🔴Prioridad Alta🔴;🔴Prioridad Alta🔴;🟡Prioridad Media🟡;🟡Prioridad Media🟡;🟡Prioridad Media🟡;;"Entre $30.000 a $50.000 la hora.;";"Entre $200.000 a $250.000 el día.;Entre $150.000 a $200.000 el día.;";🔴Prioridad Alta🔴;🟡Prioridad Media🟡;🔴Prioridad Alta🔴;🟡Prioridad Media🟡;🔴Prioridad Alta🔴;🟡Prioridad Media🟡;🔴Prioridad Alta🔴;🟡Prioridad Media🟡;;Clara;Probable - Me gustaría conocer más de la plataforma antes de entrar.;"Un chat en la plataforma;Por chat con asesor mediante Whatsapp";5;[4, 6)
2025-05-19;03:51;Acepto.;18-25;Colombia;Tunja (Boyacá);Masculino.;3 - (Medio);"Soy empleado;Soy estudiante en estudios superiores o universitario";Pregrado universitario (Grado o Licenciatura).;Diariamente.;Buses municipales;"Por estudio;Por trabajo";Poseo licencia de conducción vigente o próxima a renovar.;No;;;;;;;No;"Posibilidad de generar ingresos como propietario del vehículo;Promueve la economía colaborativa";Posibles daños o mal uso del vehículo rentado;No;;;;No;;;;;Sí;"Por días (cualquier día).;";🔴Prioridad Alta🔴;🔴Prioridad Alta🔴;🔴Prioridad Alta🔴;🔴Prioridad Alta🔴;🟢Prioridad Baja🟢;🔴Prioridad Alta🔴;🔴Prioridad Alta🔴;🔴Prioridad Alta🔴;🔴Prioridad Alta🔴;🔴Prioridad Alta🔴;🟢Prioridad Baja🟢;🔴Prioridad Alta🔴;;"Reciba solicitudes y pueda aceptarlas o denegarlas.;";"Entre $15.000 a $30.000 la hora.;";"Desde $350.000 en adelante.;";Un respaldo con un pagaré automatizado por transferencia bancaria al finalizar el servicio por medio de Flex Drive;🔴Prioridad Alta🔴;🔴Prioridad Alta🔴;🔴Prioridad Alta🔴;🔴Prioridad Alta🔴;🔴Prioridad Alta🔴;;"No estaría interesado en pagar comisión alguna.;";¡Sí, me apuntaría en el presente o en el futuro!;"Por horas.;";🔴Prioridad Alta🔴;🔴Prioridad Alta🔴;🔴Prioridad Alta🔴;🔴Prioridad Alta🔴;🔴Prioridad Alta🔴;🔴Prioridad Alta🔴;🔴Prioridad Alta🔴;🔴Prioridad Alta🔴;🔴Prioridad Alta🔴;🔴Prioridad Alta🔴;;"Entre $15.000 a $30.000 la hora.;";"Entre $100.000 a $150.000 el día.;";🔴Prioridad Alta🔴;🔴Prioridad Alta🔴;🔴Prioridad Alta🔴;🔴Prioridad Alta🔴;🔴Prioridad Alta🔴;🔴Prioridad Alta🔴;🔴Prioridad Alta🔴;🔴Prioridad Alta🔴;;Clara;Muy probable - Me gustaría inscribirme en la plataforma.;Un chat en la plataforma;3;[2, 4)
2025-05-19;51:38;Acepto.;18-25;Colombia;Tunja (Boyacá);Femenino.;3 - (Medio);Soy estudiante en estudios superiores o universitario;Pregrado universitario (Grado o Licenciatura).;Diariamente.;"Buses intermunicipales;SITP";Por estudio;No poseo licencia, pero estoy interesado en obtenerla pronto.;No;;;;;;;Sí;;"Posibles daños o mal uso del vehículo rentado;Posible uso de vehículos para fines no autorizados";No;;;;No;;;;;No;;;;;;;;;;;;;;;;;;;;;;;;;;No me llama la atención, gracias.;;;;;;;;;;;;;;;;;;;;;;;;Clara;Probable - Me gustaría conocer más de la plataforma antes de entrar.;Un chat en la plataforma;51;[50, 52)
2025-05-19;03:45;Acepto.;18-25;Colombia;Tunja (Boyacá);Masculino.;4 - (Medio Alto);"Soy estudiante de secundaria;Soy estudiante en estudios superiores o universitario;Soy empleado";Doctorado (o PhD).;Únicamente entre semana.;"Taxis;SITP";Por estudio;No poseo licencia, pero estoy interesado en obtenerla pronto.;Sí;Diariamente.;Un único vehículo.;No, es un vehículo completamente propio.;Camión;;;No;"Mayor flexibilidad en horarios;Diversidad de vehículos para rentar / arrendar";"Posibles daños o mal uso del vehículo rentado;Falta de control en la entrega o devolución del vehículo";No;;;;No;;;;;No;;;;;;;;;;;;;;;;;;;;;;;;;;No me llama la atención, gracias.;;;;;;;;;;;;;;;;;;;;;;;;Confusa;Muy improbable - No me encuentro interesado o no hay una mercado de interés.;"Un chat en la plataforma;Por llamada telefónica;Por chat con asesor mediante Whatsapp";3;[2, 4)
2025-05-19;06:21;Acepto.;18-25;Colombia;Tunja (Boyacá);Masculino.;3 - (Medio);"Soy estudiante en estudios superiores o universitario;Soy empresario;Me encuentro en descanso / sabático";Pregrado universitario (Grado o Licenciatura).;Diariamente.;"Taxis;Buses municipales;Buses intermunicipales";"Por estudio;Por compromisos personales o familiares";No poseo licencia, pero estoy interesado en obtenerla pronto.;No;;;;;;;No;"Aprovechamiento de vehículos particulares inactivos;Posibilidad de generar ingresos como propietario del vehículo;Diversidad de vehículos para rentar / arrendar";"Posibles daños o mal uso del vehículo rentado;Posible uso de vehículos para fines no autorizados;Desconfianza frente a clientes / personas desconocidas";Sí;"A través de una empresa o entidad presencial.;A través de una plataforma web.;";"Buen margen de ganancias.;Buena gestión por parte de la entidad sobre el vehículo.;";"Comunicación deficiente con el operador logístico.;Inseguridad o falta de protección frente a daños o mal uso.;Poca atención o soporte al usuario desde la plataforma o la entidad.;";No;;;;;Sí;"Por horas.;";🔴Prioridad Alta🔴;🔴Prioridad Alta🔴;🔴Prioridad Alta🔴;🟡Prioridad Media🟡;🔴Prioridad Alta🔴;🔴Prioridad Alta🔴;🟡Prioridad Media🟡;🔴Prioridad Alta🔴;🟡Prioridad Media🟡;🟡Prioridad Media🟡;🔴Prioridad Alta🔴;🟡Prioridad Media🟡;;"Reciba solicitudes y pueda aceptarlas o denegarlas.;Pueda confiar en la plataforma para que me consulten, o ellos mismos acepten y denieguen un servicio que me solicitan.;";"Entre $15.000 a $30.000 la hora.;Entre $50.000 a $80.000 la hora.;";"Entre $100.000 a $150.000 el día.;Entre $250.000 a $350.000 el día.;Entre $200.000 a $250.000 el día.;";"En efectivo, antes de entregar el vehículo al cliente;Por transacción bancaria inmediata, al finalizar el servicio;Un respaldo con un pagaré automatizado por transferencia bancaria al finalizar el servicio por medio de Flex Drive";🔴Prioridad Alta🔴;🔴Prioridad Alta🔴;🔴Prioridad Alta🔴;🔴Prioridad Alta🔴;🔴Prioridad Alta🔴;;"No estaría interesado en pagar comisión alguna.;";¡Sí, me apuntaría en el presente o en el futuro!;"Por horas.;";🔴Prioridad Alta🔴;🔴Prioridad Alta🔴;🔴Prioridad Alta🔴;🔴Prioridad Alta🔴;🔴Prioridad Alta🔴;🔴Prioridad Alta🔴;🔴Prioridad Alta🔴;🔴Prioridad Alta🔴;🔴Prioridad Alta🔴;🔴Prioridad Alta🔴;;"Entre $30.000 a $50.000 la hora.;Entre $50.000 a $80.000 la hora.;";"Entre $100.000 a $150.000 el día.;Entre $150.000 a $200.000 el día.;";🔴Prioridad Alta🔴;🔴Prioridad Alta🔴;🔴Prioridad Alta🔴;🔴Prioridad Alta🔴;🔴Prioridad Alta🔴;🔴Prioridad Alta🔴;🔴Prioridad Alta🔴;🔴Prioridad Alta🔴;;Clara;Muy probable - Me gustaría inscribirme en la plataforma.;"Un chat en la plataforma;Por llamada telefónica;Por correo electrónico";6;[6, 8)
2025-05-19;02:00;Acepto.;18-25;Colombia;Tunja (Boyacá);Masculino.;3 - (Medio);"Soy freelancer / independiente;Soy estudiante en estudios superiores o universitario";Pregrado universitario (Grado o Licenciatura).;Únicamente entre semana.;SITP;Por estudio;No poseo licencia, pero estoy interesado en obtenerla pronto.;No;;;;;;;No;"Mayor flexibilidad en horarios;Diversidad de vehículos para rentar / arrendar";Posible uso de vehículos para fines no autorizados;No;;;;No;;;;;No;;;;;;;;;;;;;;;;;;;;;;;;;;No me llama la atención, gracias.;;;;;;;;;;;;;;;;;;;;;;;;Confusa;Muy improbable - No me encuentro interesado o no hay una mercado de interés.;"Por llamada telefónica;Por correo electrónico";2;[2, 4)
2025-05-19;04:43;Acepto.;16-17;Colombia;Tunja (Boyacá);Femenino.;5 - (Alto);Soy empresario;Pregrado universitario (Grado o Licenciatura).;Diariamente.;Taxis;Por estudio;Poseo licencia de conducción vigente o próxima a renovar.;Sí;Solo entre semana laboral.;Un único vehículo.;Sí, es un vehículo compartido con familiares, amigos o conocidos.;Automóvil (carros, camionetas, entre otros);;;Sí;Mayor flexibilidad en horarios;"Posibles daños o mal uso del vehículo rentado;Desconfianza frente a clientes / personas desconocidas;Falta de regulación por parte de entidades oficiales";No;;;;No;;;;;No;;;;;;;;;;;;;;;;;;;;;;;;;;No me llama la atención, gracias.;;;;;;;;;;;;;;;;;;;;;;;;Clara;Improbable - Es un buen concepto con difícil ejecución.;"Un chat en la plataforma;Por chat con asesor mediante Whatsapp";4;[4, 6)
2025-05-19;02:05;Acepto.;18-25;Colombia;Tunja (Boyacá);Femenino.;4 - (Medio Alto);Soy estudiante en estudios superiores o universitario;Secundaria media (10° a 11°, o Vocacional, o Preparatoria).;Diariamente.;"Taxis;Buses municipales;Buses intermunicipales";Por estudio;Poseo licencia de conducción vigente o próxima a renovar.;Sí;Solo entre semana laboral.;Un único vehículo.;Sí, es un vehículo compartido con familiares, amigos o conocidos.;Automóvil (carros, camionetas, entre otros);;;No;;;No;;;;No;;;;;No;;;;;;;;;;;;;;;;;;;;;;;;;;No me llama la atención, gracias.;;;;;;;;;;;;;;;;;;;;;;;;Confusa;Muy improbable - No me encuentro interesado o no hay una mercado de interés.;"Por correo electrónico;Por llamada telefónica;Por chat con asesor mediante Whatsapp";2;[2, 4)
2025-05-19;03:31;Acepto.;18-25;Colombia;Cómbita (Boyacá);Femenino.;3 - (Medio);"Estoy desempleado;Soy estudiante en estudios superiores o universitario";Pregrado universitario (Grado o Licenciatura).;Únicamente entre semana.;"Buses municipales;Taxis";Por estudio;Poseo licencia de conducción vigente o próxima a renovar.;No;;;;;;;No;Promueve la economía colaborativa;"Falta de regulación por parte de entidades oficiales;Posible uso de vehículos para fines no autorizados;Falta de control en la entrega o devolución del vehículo;Desconfianza frente a clientes / personas desconocidas;Posibles daños o mal uso del vehículo rentado";No;;;;No;;;;;No;;;;;;;;;;;;;;;;;;;;;;;;;;No me llama la atención, gracias.;;;;;;;;;;;;;;;;;;;;;;;;Confusa;Muy improbable - No me encuentro interesado o no hay una mercado de interés.;Por chat con asesor mediante Whatsapp;3;[2, 4)
2025-05-19;03:17;Acepto.;18-25;Colombia;Tunja (Boyacá);Femenino.;2 - (Bajo - Medio);Soy estudiante en estudios superiores o universitario;Secundaria media (10° a 11°, o Vocacional, o Preparatoria).;Únicamente entre semana.;Buses municipales;Por estudio;No poseo licencia, pero estoy interesado en obtenerla pronto.;No;;;;;;;No;Posibilidad de generar ingresos como propietario del vehículo;"Posibles daños o mal uso del vehículo rentado;Desconfianza frente a clientes / personas desconocidas;Falta de regulación por parte de entidades oficiales;Posible uso de vehículos para fines no autorizados;Falta de control en la entrega o devolución del vehículo";No;;;;No;;;;;No;;;;;;;;;;;;;;;;;;;;;;;;;;No me llama la atención, gracias.;;;;;;;;;;;;;;;;;;;;;;;;Clara;Improbable - Es un buen concepto con difícil ejecución.;Con un chatbot (Sea por plataforma, Whatsapp, u otro medio.);3;[2, 4)
2025-05-19;05:22;Acepto.;18-25;Colombia;Tunja (Boyacá);Masculino.;4 - (Medio Alto);Soy estudiante en estudios superiores o universitario;Pregrado universitario (Grado o Licenciatura).;Rara vez.;"Taxis;Buses municipales;Otro: Plataformas digitales de transporte (servicios privados)";"Por estudio;Por compromisos personales o familiares";Poseo licencia de conducción vigente o próxima a renovar.;No;;;;;;;No;;;No;;;;No;;;;;No;;;;;;;;;;;;;;;;;;;;;;;;;;¡Sí, me apuntaría en el presente o en el futuro!;"Por días.;";🔴Prioridad Alta🔴;🟡Prioridad Media🟡;🔴Prioridad Alta🔴;🔴Prioridad Alta🔴;🟡Prioridad Media🟡;🟡Prioridad Media🟡;🔴Prioridad Alta🔴;🟡Prioridad Media🟡;🟢Prioridad Baja🟢;🟡Prioridad Media🟡;;"Entre $50.000 a $80.000 la hora.;Desde $80.000 en adelante.;";"Entre $250.000 a $350.000 el día.;Desde $350.000 en adelante.;";🔴Prioridad Alta🔴;🟡Prioridad Media🟡;🟡Prioridad Media🟡;🔴Prioridad Alta🔴;🔴Prioridad Alta🔴;🟡Prioridad Media🟡;🔴Prioridad Alta🔴;🔴Prioridad Alta🔴;;Clara;Neutral - Es un buen concepto que requiere más desarrollo.;Con un chatbot (Sea por plataforma, Whatsapp, u otro medio.);5;[4, 6)
2025-05-19;07:34;Acepto.;18-25;Colombia;Tunja (Boyacá);Masculino.;4 - (Medio Alto);Soy estudiante en estudios superiores o universitario;Pregrado universitario (Grado o Licenciatura).;Diariamente.;"Buses municipales;Taxis";"Por estudio;Por compromisos personales o familiares";Poseo licencia de conducción vigente o próxima a renovar.;No;;;;;;;Sí;"Diversidad de vehículos para rentar / arrendar;Aprovechamiento de vehículos particulares inactivos";"Posibles daños o mal uso del vehículo rentado;Desconfianza frente a clientes / personas desconocidas;Posible uso de vehículos para fines no autorizados";No;;;;No;;;;;No;;;;;;;;;;;;;;;;;;;;;;;;;;¡Sí, me apuntaría en el presente o en el futuro!;"Por semanas.;Por días.;";🔴Prioridad Alta🔴;🔴Prioridad Alta🔴;🔴Prioridad Alta🔴;🔴Prioridad Alta🔴;🟡Prioridad Media🟡;🟢Prioridad Baja🟢;🟡Prioridad Media🟡;🟡Prioridad Media🟡;🟡Prioridad Media🟡;🟢Prioridad Baja🟢;;"Entre $30.000 a $50.000 la hora.;";"Entre $200.000 a $250.000 el día.;";🟡Prioridad Media🟡;🟡Prioridad Media🟡;🔴Prioridad Alta🔴;🟡Prioridad Media🟡;🟢Prioridad Baja🟢;🔴Prioridad Alta🔴;🔴Prioridad Alta🔴;🔴Prioridad Alta🔴;;Clara;Neutral - Es un buen concepto que requiere más desarrollo.;Un chat en la plataforma;7;[6, 8)
2025-05-19;04:25;Acepto.;18-25;Colombia;Tunja (Boyacá);Femenino.;3 - (Medio);Soy estudiante en estudios superiores o universitario;Secundaria media (10° a 11°, o Vocacional, o Preparatoria).;Diariamente.;SITP;Por estudio;No poseo licencia, pero estoy interesado en obtenerla pronto.;No;;;;;;;No;Mayor flexibilidad en horarios;Desconfianza frente a clientes / personas desconocidas;No;;;;No;;;;;Sí;"A disposición personal.;";🔴Prioridad Alta🔴;🔴Prioridad Alta🔴;🔴Prioridad Alta🔴;🔴Prioridad Alta🔴;🔴Prioridad Alta🔴;🔴Prioridad Alta🔴;🔴Prioridad Alta🔴;🔴Prioridad Alta🔴;🔴Prioridad Alta🔴;🔴Prioridad Alta🔴;🔴Prioridad Alta🔴;🔴Prioridad Alta🔴;;"Reciba solicitudes y pueda aceptarlas o denegarlas.;";"Entre $15.000 a $30.000 la hora.;";"Entre $100.000 a $150.000 el día.;";En efectivo, antes de entregar el vehículo al cliente;🔴Prioridad Alta🔴;🔴Prioridad Alta🔴;🔴Prioridad Alta🔴;🔴Prioridad Alta🔴;🔴Prioridad Alta🔴;;"No estaría interesado en pagar comisión alguna.;";¡Sí, me apuntaría en el presente o en el futuro!;"Por días.;";🔴Prioridad Alta🔴;🔴Prioridad Alta🔴;🔴Prioridad Alta🔴;🔴Prioridad Alta🔴;🔴Prioridad Alta🔴;🔴Prioridad Alta🔴;🔴Prioridad Alta🔴;🔴Prioridad Alta🔴;🔴Prioridad Alta🔴;🔴Prioridad Alta🔴;;"Entre $15.000 a $30.000 la hora.;";"Entre $200.000 a $250.000 el día.;";🔴Prioridad Alta🔴;🔴Prioridad Alta🔴;🔴Prioridad Alta🔴;🔴Prioridad Alta🔴;🔴Prioridad Alta🔴;🔴Prioridad Alta🔴;🔴Prioridad Alta🔴;🔴Prioridad Alta🔴;;Clara;Muy probable - Me gustaría inscribirme en la plataforma.;"Por correo electrónico;Por chat con asesor mediante Whatsapp";4;[4, 6)
2025-05-19;08:43;Acepto.;18-25;Colombia;Tunja (Boyacá);Masculino.;4 - (Medio Alto);Soy estudiante en estudios superiores o universitario;Pregrado universitario (Grado o Licenciatura).;Únicamente los fines de semana.;"Taxis;Buses municipales";"Por trabajo;Por compromisos personales o familiares";Poseo licencia de conducción vigente o próxima a renovar.;No;;;;;;;No;;"Posibles daños o mal uso del vehículo rentado;Desconfianza frente a clientes / personas desconocidas;Falta de control en la entrega o devolución del vehículo";No;;;;No;;;;;No;;;;;;;;;;;;;;;;;;;;;;;;;;¡Sí, me apuntaría en el presente o en el futuro!;"Por días.;";🟡Prioridad Media🟡;🔴Prioridad Alta🔴;🔴Prioridad Alta🔴;🟡Prioridad Media🟡;🟡Prioridad Media🟡;🟡Prioridad Media🟡;🔴Prioridad Alta🔴;🔴Prioridad Alta🔴;🟢Prioridad Baja🟢;🟢Prioridad Baja🟢;Revisar 49H;"No me encuentro interesado en rentar por horas.;";"Entre $100.000 a $150.000 el día.;Entre $150.000 a $200.000 el día.;";🟡Prioridad Media🟡;🔴Prioridad Alta🔴;🟡Prioridad Media🟡;🔴Prioridad Alta🔴;🔴Prioridad Alta🔴;🔴Prioridad Alta🔴;🟡Prioridad Media🟡;🔴Prioridad Alta🔴;Otro: El vehículo viene tanqueado;Clara;Neutral - Es un buen concepto que requiere más desarrollo.;"Por correo electrónico;Por chat con asesor mediante Whatsapp";8;[8, 10)
2025-05-19;32:00;Acepto.;18-25;México;Guanajuato (México);Femenino.;4 - (Medio Alto);Soy estudiante en estudios superiores o universitario;Formación Técnica o Tecnológica.;Únicamente los fines de semana.;"Taxis;Buses municipales;Buses intermunicipales;SITP";"Por estudio;Por compromisos personales o familiares;Por turismo";No poseo licencia, pero estoy interesado en obtenerla pronto.;No;;;;;;;Sí;"Mayor flexibilidad en horarios;Mejor negociación en condiciones de arriendo;Posibilidad de generar ingresos como propietario del vehículo;Diversidad de vehículos para rentar / arrendar;Experiencia de negocio más personalizada;Promueve la economía colaborativa;Aprovechamiento de vehículos particulares inactivos";;No;;;;No;;;;;Sí;"Por horas.;Por días (cualquier día).;Solo los fines de semana.;Solo durante semana (lunes a viernes).;A disposición personal.;";🟡Prioridad Media🟡;🟢Prioridad Baja🟢;🟢Prioridad Baja🟢;🟢Prioridad Baja🟢;🟡Prioridad Media🟡;🔴Prioridad Alta🔴;🟡Prioridad Media🟡;🟡Prioridad Media🟡;🟡Prioridad Media🟡;🟡Prioridad Media🟡;🟡Prioridad Media🟡;🟡Prioridad Media🟡;;"Pueda configurar qué tipo de solicitudes quiero recibir, para luego aceptarlas o denegarlas.;Pueda confiar en la plataforma para que me consulten, o ellos mismos acepten y denieguen un servicio que me solicitan.;";"Entre $30.000 a $50.000 la hora.;";"Entre $200.000 a $250.000 el día.;";"En efectivo, antes de entregar el vehículo al cliente;Por transacción bancaria inmediata, una vez aprobado el servicio por mí y el cliente;Por transacción bancaria inmediata, al finalizar el servicio";🟡Prioridad Media🟡;🟡Prioridad Media🟡;🟡Prioridad Media🟡;🟡Prioridad Media🟡;🟡Prioridad Media🟡;;"Preferiría pagar una suscripción mensual.;Aceptaría pagar una comisión del 10% al 14% por servicio.;";¡Sí, me apuntaría en el presente o en el futuro!;"Por semanas.;Por días.;Por horas.;";🟡Prioridad Media🟡;🟡Prioridad Media🟡;🟡Prioridad Media🟡;🟡Prioridad Media🟡;🟡Prioridad Media🟡;🟡Prioridad Media🟡;🟡Prioridad Media🟡;🟡Prioridad Media🟡;🟡Prioridad Media🟡;🟡Prioridad Media🟡;;"Entre $30.000 a $50.000 la hora.;";"Entre $200.000 a $250.000 el día.;";🟡Prioridad Media🟡;🟡Prioridad Media🟡;🟡Prioridad Media🟡;🟡Prioridad Media🟡;🟡Prioridad Media🟡;🟡Prioridad Media🟡;🟡Prioridad Media🟡;🟡Prioridad Media🟡;;Clara;Muy probable - Me gustaría inscribirme en la plataforma.;"Un chat en la plataforma;Por llamada telefónica;Por chat con asesor mediante Whatsapp";32;[32, 34)
2025-05-19;04:51;Acepto.;16-17;Colombia;Tunja (Boyacá);Masculino.;3 - (Medio);Soy estudiante en estudios superiores o universitario;Pregrado universitario (Grado o Licenciatura).;Diariamente.;Buses municipales;"Por estudio;Por compromisos personales o familiares";No poseo licencia, pero estoy interesado en obtenerla pronto.;No;;;;;;;Sí;"Posibilidad de generar ingresos como propietario del vehículo;Diversidad de vehículos para rentar / arrendar";"Posibles daños o mal uso del vehículo rentado;Desconfianza frente a clientes / personas desconocidas;Falta de regulación por parte de entidades oficiales;Posible uso de vehículos para fines no autorizados;Falta de control en la entrega o devolución del vehículo";No;;;;No;;;;;No;;;;;;;;;;;;;;;;;;;;;;;;;;No me llama la atención, gracias.;;;;;;;;;;;;;;;;;;;;;;;;Clara;Neutral - Es un buen concepto que requiere más desarrollo.;Por chat con asesor mediante Whatsapp;4;[4, 6)
2025-05-19;07:21;Acepto.;16-17;Colombia;Tunja (Boyacá);Masculino.;3 - (Medio);Soy estudiante en estudios superiores o universitario;Pregrado universitario (Grado o Licenciatura).;Diariamente.;Buses municipales;Por estudio;Poseo licencia de conducción vigente o próxima a renovar.;No;;;;;;;Sí;Promueve la economía colaborativa;Desconfianza frente a clientes / personas desconocidas;No;;;;No;;;;;Sí;"Por horas.;Por días (cualquier día).;Solo los fines de semana.;";🔴Prioridad Alta🔴;🔴Prioridad Alta🔴;🔴Prioridad Alta🔴;🔴Prioridad Alta🔴;🔴Prioridad Alta🔴;🔴Prioridad Alta🔴;🔴Prioridad Alta🔴;🔴Prioridad Alta🔴;🔴Prioridad Alta🔴;🔴Prioridad Alta🔴;🔴Prioridad Alta🔴;🔴Prioridad Alta🔴;;"Reciba solicitudes y pueda aceptarlas o denegarlas.;Pueda confiar en la plataforma para que me consulten, o ellos mismos acepten y denieguen un servicio que me solicitan.;";"Entre $50.000 a $80.000 la hora.;";"Entre $250.000 a $350.000 el día.;";Por transacción bancaria inmediata, al finalizar el servicio;🔴Prioridad Alta🔴;🔴Prioridad Alta🔴;🔴Prioridad Alta🔴;🔴Prioridad Alta🔴;🔴Prioridad Alta🔴;;"Aceptaría pagar una comisión del 4% al 9% por servicio.;";¡Sí, me apuntaría en el presente o en el futuro!;"Por horas.;";🔴Prioridad Alta🔴;🔴Prioridad Alta🔴;🔴Prioridad Alta🔴;🔴Prioridad Alta🔴;🔴Prioridad Alta🔴;🔴Prioridad Alta🔴;🔴Prioridad Alta🔴;🔴Prioridad Alta🔴;🔴Prioridad Alta🔴;🔴Prioridad Alta🔴;;"Entre $50.000 a $80.000 la hora.;";"Entre $250.000 a $350.000 el día.;";🔴Prioridad Alta🔴;🔴Prioridad Alta🔴;🔴Prioridad Alta🔴;🔴Prioridad Alta🔴;🔴Prioridad Alta🔴;🔴Prioridad Alta🔴;🔴Prioridad Alta🔴;🔴Prioridad Alta🔴;;Clara;Improbable - Es un buen concepto con difícil ejecución.;"Por correo electrónico;Por llamada telefónica;Por chat con asesor mediante Whatsapp";7;[6, 8)
2025-05-19;07:32;Acepto.;16-17;Colombia;Tunja (Boyacá);Masculino.;4 - (Medio Alto);Soy estudiante en estudios superiores o universitario;Pregrado universitario (Grado o Licenciatura).;Únicamente entre semana.;SITP;Por estudio;Poseo licencia de conducción vigente o próxima a renovar.;No;;;;;;;No;Mayor flexibilidad en horarios;Posibles daños o mal uso del vehículo rentado;No;;;;No;;;;;No;;;;;;;;;;;;;;;;;;;;;;;;;;No me llama la atención, gracias.;;;;;;;;;;;;;;;;;;;;;;;;Confusa;Muy improbable - No me encuentro interesado o no hay una mercado de interés.;Un chat en la plataforma;7;[6, 8)
2025-05-20;07:32;Acepto.;18-25;Colombia;Sogamoso (Boyacá);Masculino.;2 - (Bajo - Medio);"Soy estudiante en estudios superiores o universitario;Soy empleado";Pregrado universitario (Grado o Licenciatura).;Diariamente.;"Buses municipales;Taxis";"Por estudio;Por trabajo";Poseo licencia de conducción vigente o próxima a renovar.;Sí;Diariamente.;Un único vehículo.;Sí, es un vehículo compartido con familiares, amigos o conocidos.;Automóvil (carros, camionetas, entre otros);;;Sí;"Diversidad de vehículos para rentar / arrendar;Experiencia de negocio más personalizada;Mejor negociación en condiciones de arriendo";"Posibles daños o mal uso del vehículo rentado;Desconfianza frente a clientes / personas desconocidas;Falta de regulación por parte de entidades oficiales;Posible uso de vehículos para fines no autorizados";No;;;;No;;;;;No;;;;;;;;;;;;;;;;;;;;;;;;;;No me llama la atención, gracias.;;;;;;;;;;;;;;;;;;;;;;;;Clara;Neutral - Es un buen concepto que requiere más desarrollo.;"Por chat con asesor mediante Whatsapp;Por llamada telefónica";7;[6, 8)
2025-05-20;09:30;Acepto.;18-25;Colombia;Sogamoso (Boyacá);Femenino.;3 - (Medio);Soy estudiante en estudios superiores o universitario;Pregrado universitario (Grado o Licenciatura).;Diariamente.;"Taxis;Buses municipales;Buses intermunicipales";"Por estudio;Por compromisos personales o familiares";No poseo licencia, pero estoy interesado en obtenerla pronto.;No;;;;;;;No;"Posibilidad de generar ingresos como propietario del vehículo;Diversidad de vehículos para rentar / arrendar;Experiencia de negocio más personalizada;Promueve la economía colaborativa;Aprovechamiento de vehículos particulares inactivos";"Posibles daños o mal uso del vehículo rentado;Desconfianza frente a clientes / personas desconocidas;Posible uso de vehículos para fines no autorizados;Falta de control en la entrega o devolución del vehículo";No;;;;No;;;;;No;;;;;;;;;;;;;;;;;;;;;;;;;;¡Sí, me apuntaría en el presente o en el futuro!;"Por horas.;Por días.;Por semanas.;";🔴Prioridad Alta🔴;🔴Prioridad Alta🔴;🔴Prioridad Alta🔴;🔴Prioridad Alta🔴;🔴Prioridad Alta🔴;🔴Prioridad Alta🔴;🟡Prioridad Media🟡;🔴Prioridad Alta🔴;🔴Prioridad Alta🔴;🔴Prioridad Alta🔴;;"Entre $15.000 a $30.000 la hora.;";"Entre $100.000 a $150.000 el día.;";🔴Prioridad Alta🔴;🔴Prioridad Alta🔴;🟡Prioridad Media🟡;🔴Prioridad Alta🔴;🟡Prioridad Media🟡;🔴Prioridad Alta🔴;🔴Prioridad Alta🔴;🔴Prioridad Alta🔴;;Clara;Muy probable - Me gustaría inscribirme en la plataforma.;"Con un chatbot (Sea por plataforma, Whatsapp, u otro medio.);Por llamada telefónica";9;[8, 10)
2025-05-20;12:34;Acepto.;18-25;Colombia;Sogamoso (Boyacá);Femenino.;3 - (Medio);"Soy estudiante en estudios superiores o universitario;Soy freelancer / independiente";Pregrado universitario (Grado o Licenciatura).;Rara vez.;"Taxis;Buses municipales";Por compromisos personales o familiares;No poseo licencia, pero estoy interesado en obtenerla pronto.;No;;;;;;;Sí;"Promueve la economía colaborativa;Aprovechamiento de vehículos particulares inactivos;Mayor flexibilidad en horarios";"Posibles daños o mal uso del vehículo rentado;Desconfianza frente a clientes / personas desconocidas;Posible uso de vehículos para fines no autorizados";No;;;;No;;;;;No;;;;;;;;;;;;;;;;;;;;;;;;;;No me llama la atención, gracias.;;;;;;;;;;;;;;;;;;;;;;;;Clara;Probable - Me gustaría conocer más de la plataforma antes de entrar.;"Por llamada telefónica;Por chat con asesor mediante Whatsapp;Un chat en la plataforma";12;[12, 14)
2025-05-20;03:12;Acepto.;18-25;Colombia;Tunja (Boyacá);Masculino.;3 - (Medio);Soy estudiante en estudios superiores o universitario;Pregrado universitario (Grado o Licenciatura).;Rara vez.;"Taxis;Buses municipales";Por estudio;Poseo licencia de conducción vigente o próxima a renovar.;No;;;;;;;No;Posibilidad de generar ingresos como propietario del vehículo;Falta de regulación por parte de entidades oficiales;No;;;;No;;;;;No;;;;;;;;;;;;;;;;;;;;;;;;;;¡Sí, me apuntaría en el presente o en el futuro!;"Por semanas.;";🟢Prioridad Baja🟢;🟡Prioridad Media🟡;🟡Prioridad Media🟡;🟢Prioridad Baja🟢;🟡Prioridad Media🟡;🟡Prioridad Media🟡;🟢Prioridad Baja🟢;🟢Prioridad Baja🟢;🟡Prioridad Media🟡;🟡Prioridad Media🟡;;"Entre $30.000 a $50.000 la hora.;";"Entre $150.000 a $200.000 el día.;";🟡Prioridad Media🟡;🟡Prioridad Media🟡;🟢Prioridad Baja🟢;🟢Prioridad Baja🟢;🟡Prioridad Media🟡;🟢Prioridad Baja🟢;🟢Prioridad Baja🟢;🟡Prioridad Media🟡;;Clara;Neutral - Es un buen concepto que requiere más desarrollo.;Por llamada telefónica;3;[2, 4)
2025-05-20;03:26;Acepto.;18-25;Colombia;Tunja (Boyacá);Femenino.;3 - (Medio);Soy estudiante en estudios superiores o universitario;Pregrado universitario (Grado o Licenciatura).;Diariamente.;Buses municipales;Por estudio;Poseo licencia de conducción vigente o próxima a renovar.;Sí;Diariamente.;Varios vehículos.;;;"Sí, ocasionalmente comparto otros vehículos con familiares, amigos, conocidos o por negocios.;";"Automóvil (carros, camionetas, entre otros);Moticicleta;Bicicleta eléctrica;";No;Mayor flexibilidad en horarios;Desconfianza frente a clientes / personas desconocidas;Sí;"A través de una empresa o entidad presencial.;";"Acompañamiento en los trámites y documentación.;";"Logística y administración complejas y confusas.;";Sí;Colombia;;"Transparencia en la información brindada.;";Lentitud en tiempos de atención y respuesta;Sí;"Por horas.;";🟡Prioridad Media🟡;🟡Prioridad Media🟡;🟡Prioridad Media🟡;🟡Prioridad Media🟡;🟡Prioridad Media🟡;🟡Prioridad Media🟡;🟡Prioridad Media🟡;🟡Prioridad Media🟡;🟡Prioridad Media🟡;🟡Prioridad Media🟡;🟡Prioridad Media🟡;🟡Prioridad Media🟡;;"Reciba solicitudes y pueda aceptarlas o denegarlas.;";"Entre $15.000 a $30.000 la hora.;";"Entre $150.000 a $200.000 el día.;";En efectivo, antes de entregar el vehículo al cliente;🟡Prioridad Media🟡;🟡Prioridad Media🟡;🟡Prioridad Media🟡;🟡Prioridad Media🟡;🟡Prioridad Media🟡;;"Preferiría pagar una suscripción mensual.;";¡Sí, me apuntaría en el presente o en el futuro!;"Por horas.;";🟡Prioridad Media🟡;🟡Prioridad Media🟡;🟡Prioridad Media🟡;🟡Prioridad Media🟡;🟡Prioridad Media🟡;🟡Prioridad Media🟡;🟡Prioridad Media🟡;🟡Prioridad Media🟡;🟡Prioridad Media🟡;🟡Prioridad Media🟡;;"Entre $15.000 a $30.000 la hora.;";"Entre $100.000 a $150.000 el día.;";🟡Prioridad Media🟡;🟡Prioridad Media🟡;🟡Prioridad Media🟡;🟡Prioridad Media🟡;🟡Prioridad Media🟡;🟡Prioridad Media🟡;🟡Prioridad Media🟡;🟡Prioridad Media🟡;;Clara;Muy probable - Me gustaría inscribirme en la plataforma.;Un chat en la plataforma;3;[2, 4)
2025-05-20;06:35;Acepto.;18-25;Colombia;Tunja (Boyacá);Masculino.;3 - (Medio);Soy estudiante en estudios superiores o universitario;Pregrado universitario (Grado o Licenciatura).;Rara vez.;Buses intermunicipales;Por estudio;No poseo licencia, pero estoy interesado en obtenerla pronto.;No;;;;;;;Sí;"Mayor flexibilidad en horarios;Mejor negociación en condiciones de arriendo;Posibilidad de generar ingresos como propietario del vehículo;Diversidad de vehículos para rentar / arrendar;Experiencia de negocio más personalizada";"Posibles daños o mal uso del vehículo rentado;Desconfianza frente a clientes / personas desconocidas";No;;;;No;;;;;Sí;"A disposición personal.;";🟡Prioridad Media🟡;🔴Prioridad Alta🔴;🔴Prioridad Alta🔴;🔴Prioridad Alta🔴;🔴Prioridad Alta🔴;🔴Prioridad Alta🔴;🔴Prioridad Alta🔴;🔴Prioridad Alta🔴;🔴Prioridad Alta🔴;🔴Prioridad Alta🔴;🔴Prioridad Alta🔴;🔴Prioridad Alta🔴;;"Pueda confiar en la plataforma para que me consulten, o ellos mismos acepten y denieguen un servicio que me solicitan.;";"Entre $15.000 a $30.000 la hora.;";"Entre $100.000 a $150.000 el día.;";"Por transacción bancaria inmediata, al finalizar el servicio;Por transacción bancaria inmediata, una vez aprobado el servicio por mí y el cliente;En efectivo, cuando el cliente devuelve el vehículo";🔴Prioridad Alta🔴;🔴Prioridad Alta🔴;🔴Prioridad Alta🔴;🔴Prioridad Alta🔴;🔴Prioridad Alta🔴;;"Aceptaría pagar una comisión del 4% al 9% por servicio.;";¡Sí, me apuntaría en el presente o en el futuro!;"Por días.;Por semanas.;";🔴Prioridad Alta🔴;🔴Prioridad Alta🔴;🔴Prioridad Alta🔴;🔴Prioridad Alta🔴;🔴Prioridad Alta🔴;🔴Prioridad Alta🔴;🔴Prioridad Alta🔴;🔴Prioridad Alta🔴;🔴Prioridad Alta🔴;🔴Prioridad Alta🔴;;"Entre $15.000 a $30.000 la hora.;";"Entre $100.000 a $150.000 el día.;";🔴Prioridad Alta🔴;🔴Prioridad Alta🔴;🔴Prioridad Alta🔴;🔴Prioridad Alta🔴;🔴Prioridad Alta🔴;🔴Prioridad Alta🔴;🔴Prioridad Alta🔴;🔴Prioridad Alta🔴;;Clara;Muy probable - Me gustaría inscribirme en la plataforma.;"Un chat en la plataforma;Por correo electrónico";6;[6, 8)
2025-05-20;05:51;Acepto.;18-25;Colombia;Tunja (Boyacá);Masculino.;4 - (Medio Alto);Soy estudiante en estudios superiores o universitario;Pregrado universitario (Grado o Licenciatura).;Únicamente entre semana.;"Taxis;Buses municipales";"Por estudio;Por trabajo";Poseo licencia de conducción vigente o próxima a renovar.;No;;;;;;;Sí;"Mayor flexibilidad en horarios;Mejor negociación en condiciones de arriendo;Promueve la economía colaborativa;Posibilidad de generar ingresos como propietario del vehículo";"Posibles daños o mal uso del vehículo rentado;Desconfianza frente a clientes / personas desconocidas;Falta de control en la entrega o devolución del vehículo";No;;;;No;;;;;Sí;"Por horas.;";🔴Prioridad Alta🔴;🟡Prioridad Media🟡;🔴Prioridad Alta🔴;🔴Prioridad Alta🔴;🟡Prioridad Media🟡;🟡Prioridad Media🟡;🔴Prioridad Alta🔴;🔴Prioridad Alta🔴;🟢Prioridad Baja🟢;🟡Prioridad Media🟡;🔴Prioridad Alta🔴;🟢Prioridad Baja🟢;;"Pueda confiar en la plataforma para que me consulten, o ellos mismos acepten y denieguen un servicio que me solicitan.;Reciba solicitudes y pueda aceptarlas o denegarlas.;";"Entre $15.000 a $30.000 la hora.;";"Entre $100.000 a $150.000 el día.;";"En efectivo, antes de entregar el vehículo al cliente;Por transacción bancaria inmediata, una vez aprobado el servicio por mí y el cliente;Un respaldo con un pagaré automatizado por transferencia bancaria al finalizar el servicio por medio de Flex Drive";🔴Prioridad Alta🔴;🔴Prioridad Alta🔴;🟡Prioridad Media🟡;🔴Prioridad Alta🔴;🔴Prioridad Alta🔴;;"Aceptaría pagar una comisión del 4% al 9% por servicio.;Preferiría pagar una suscripción mensual.;";¡Sí, me apuntaría en el presente o en el futuro!;"Por horas.;";🔴Prioridad Alta🔴;🔴Prioridad Alta🔴;🔴Prioridad Alta🔴;🟡Prioridad Media🟡;🟡Prioridad Media🟡;🟢Prioridad Baja🟢;🟡Prioridad Media🟡;🟢Prioridad Baja🟢;🟡Prioridad Media🟡;🔴Prioridad Alta🔴;;"Entre $15.000 a $30.000 la hora.;";"Entre $100.000 a $150.000 el día.;";🔴Prioridad Alta🔴;🟡Prioridad Media🟡;🔴Prioridad Alta🔴;🟡Prioridad Media🟡;🟡Prioridad Media🟡;🟡Prioridad Media🟡;🔴Prioridad Alta🔴;🔴Prioridad Alta🔴;;Clara;Probable - Me gustaría conocer más de la plataforma antes de entrar.;"Un chat en la plataforma;Por chat con asesor mediante Whatsapp;Con un chatbot (Sea por plataforma, Whatsapp, u otro medio.)";5;[4, 6)
2025-05-20;05:51;Acepto.;18-25;Colombia;Tunja (Boyacá);Femenino.;3 - (Medio);Soy estudiante en estudios superiores o universitario;Pregrado universitario (Grado o Licenciatura).;Rara vez.;"Taxis;Buses municipales;Buses intermunicipales";Por compromisos personales o familiares;Poseo licencia de conducción vigente o próxima a renovar.;No;;;;;;;No;"Diversidad de vehículos para rentar / arrendar;Posibilidad de generar ingresos como propietario del vehículo;Experiencia de negocio más personalizada";"Posibles daños o mal uso del vehículo rentado;Desconfianza frente a clientes / personas desconocidas;Falta de control en la entrega o devolución del vehículo";No;;;;No;;;;;No;;;;;;;;;;;;;;;;;;;;;;;;;;¡Sí, me apuntaría en el presente o en el futuro!;"Por días.;";🔴Prioridad Alta🔴;🟡Prioridad Media🟡;🔴Prioridad Alta🔴;🟢Prioridad Baja🟢;🟢Prioridad Baja🟢;🟢Prioridad Baja🟢;🟡Prioridad Media🟡;🔴Prioridad Alta🔴;🔴Prioridad Alta🔴;🔴Prioridad Alta🔴;;"Entre $15.000 a $30.000 la hora.;";"Entre $150.000 a $200.000 el día.;";🔴Prioridad Alta🔴;🔴Prioridad Alta🔴;🟡Prioridad Media🟡;🔴Prioridad Alta🔴;🔴Prioridad Alta🔴;🔴Prioridad Alta🔴;🟡Prioridad Media🟡;🔴Prioridad Alta🔴;;Clara;Probable - Me gustaría conocer más de la plataforma antes de entrar.;"Un chat en la plataforma;Por chat con asesor mediante Whatsapp";5;[4, 6)
2025-05-20;04:14;Acepto.;18-25;Colombia;Tunja (Boyacá);Masculino.;3 - (Medio);Soy estudiante en estudios superiores o universitario;Pregrado universitario (Grado o Licenciatura).;Rara vez.;;Por turismo;Poseo licencia de conducción vigente o próxima a renovar.;No;;;;;;;No;"Mayor flexibilidad en horarios;Mejor negociación en condiciones de arriendo;Posibilidad de generar ingresos como propietario del vehículo";"Desconfianza frente a clientes / personas desconocidas;Falta de regulación por parte de entidades oficiales;Posible uso de vehículos para fines no autorizados";No;;;;No;;;;;No;;;;;;;;;;;;;;;;;;;;;;;;;;No me llama la atención, gracias.;;;;;;;;;;;;;;;;;;;;;;;;Clara;Improbable - Es un buen concepto con difícil ejecución.;Por correo electrónico;4;[4, 6)
2025-05-20;05:27;Acepto.;18-25;Colombia;Duitama (Boyacá);Masculino.;4 - (Medio Alto);"Soy estudiante de secundaria;Soy estudiante en estudios superiores o universitario";Secundaria media (10° a 11°, o Vocacional, o Preparatoria).;Rara vez.;"Taxis;Buses municipales";Por estudio;Poseo licencia de conducción vigente o próxima a renovar.;Sí;Solo durante fines de semana.;Un único vehículo.;Sí, es un vehículo compartido con familiares, amigos o conocidos.;Automóvil (carros, camionetas, entre otros);;;Sí;Posibilidad de generar ingresos como propietario del vehículo;Posibles daños o mal uso del vehículo rentado;Sí;"A través de una plataforma web.;";"Buena gestión por parte de la entidad sobre el vehículo.;";"Inseguridad o falta de protección frente a daños o mal uso.;";Sí;Colombia;;"Rapidez en los tiempos de respuesta.;Eficacia en la solución de problemas y dudas.;";"Información confusa sobre los contratos;Costos elevados en comparación con lo esperado";Sí;"Por días (cualquier día).;";🔴Prioridad Alta🔴;🟡Prioridad Media🟡;🟢Prioridad Baja🟢;🟢Prioridad Baja🟢;🟡Prioridad Media🟡;🟡Prioridad Media🟡;🟡Prioridad Media🟡;🟡Prioridad Media🟡;🟢Prioridad Baja🟢;🟡Prioridad Media🟡;🟡Prioridad Media🟡;🔴Prioridad Alta🔴;;"Reciba solicitudes y pueda aceptarlas o denegarlas.;";"Entre $50.000 a $80.000 la hora.;";"No me encuentro interesado en rentar por días.;";En efectivo, cuando el cliente devuelve el vehículo;🔴Prioridad Alta🔴;🟢Prioridad Baja🟢;🔴Prioridad Alta🔴;🟡Prioridad Media🟡;🟢Prioridad Baja🟢;;"Preferiría pagar una suscripción mensual.;";¡Sí, me apuntaría en el presente o en el futuro!;"Por semanas.;";🔴Prioridad Alta🔴;🟡Prioridad Media🟡;🟡Prioridad Media🟡;🔴Prioridad Alta🔴;🟢Prioridad Baja🟢;🟡Prioridad Media🟡;🟢Prioridad Baja🟢;🟡Prioridad Media🟡;🟢Prioridad Baja🟢;🟡Prioridad Media🟡;;"No me encuentro interesado en rentar por horas.;";"Entre $150.000 a $200.000 el día.;";🟡Prioridad Media🟡;🔴Prioridad Alta🔴;🟡Prioridad Media🟡;🟢Prioridad Baja🟢;🟡Prioridad Media🟡;🔴Prioridad Alta🔴;🟡Prioridad Media🟡;🟢Prioridad Baja🟢;;Clara;Neutral - Es un buen concepto que requiere más desarrollo.;Por llamada telefónica;5;[4, 6)
2025-05-20;07:47;Acepto.;18-25;Colombia;Tunja (Boyacá);Femenino.;3 - (Medio);Soy estudiante en estudios superiores o universitario;Pregrado universitario (Grado o Licenciatura).;En ninguna ocasión.;"Taxis;Buses municipales";"Por estudio;Por compromisos personales o familiares";No poseo licencia, pero estoy interesado en obtenerla pronto.;Sí;Muy rara vez.;Un único vehículo.;Sí, es un vehículo compartido con familiares, amigos o conocidos.;Autobús;;;Sí;"Mayor flexibilidad en horarios;Mejor negociación en condiciones de arriendo;Posibilidad de generar ingresos como propietario del vehículo;Diversidad de vehículos para rentar / arrendar;Experiencia de negocio más personalizada;Promueve la economía colaborativa;Aprovechamiento de vehículos particulares inactivos";"Posibles daños o mal uso del vehículo rentado;Desconfianza frente a clientes / personas desconocidas;Posible uso de vehículos para fines no autorizados";No;;;;No;;;;;No;;;;;;;;;;;;;;;;;;;;;;;;;;¡Sí, me apuntaría en el presente o en el futuro!;"Por horas.;Por días.;Por semanas.;";🔴Prioridad Alta🔴;🔴Prioridad Alta🔴;🔴Prioridad Alta🔴;🟡Prioridad Media🟡;🟡Prioridad Media🟡;🔴Prioridad Alta🔴;🟡Prioridad Media🟡;🔴Prioridad Alta🔴;🔴Prioridad Alta🔴;🔴Prioridad Alta🔴;;"Entre $15.000 a $30.000 la hora.;";"Entre $150.000 a $200.000 el día.;";🔴Prioridad Alta🔴;🟢Prioridad Baja🟢;🟡Prioridad Media🟡;🟡Prioridad Media🟡;🔴Prioridad Alta🔴;🔴Prioridad Alta🔴;🔴Prioridad Alta🔴;🔴Prioridad Alta🔴;;Clara;Muy probable - Me gustaría inscribirme en la plataforma.;"Un chat en la plataforma;Por correo electrónico;Por llamada telefónica;Por chat con asesor mediante Whatsapp;Con un chatbot (Sea por plataforma, Whatsapp, u otro medio.)";7;[6, 8)
2025-05-20;07:50;Acepto.;18-25;Colombia;Tunja (Boyacá);Femenino.;3 - (Medio);"Soy estudiante en estudios superiores o universitario;Soy freelancer / independiente";Pregrado universitario (Grado o Licenciatura).;Diariamente.;"Buses municipales;Taxis";Por estudio;No poseo licencia, pero estoy interesado en obtenerla pronto.;No;;;;;;;No;;"Posibles daños o mal uso del vehículo rentado;Desconfianza frente a clientes / personas desconocidas;Falta de regulación por parte de entidades oficiales;Posible uso de vehículos para fines no autorizados;Falta de control en la entrega o devolución del vehículo";No;;;;No;;;;;No;;;;;;;;;;;;;;;;;;;;;;;;;;¡Sí, me apuntaría en el presente o en el futuro!;"Por horas.;Por días.;";🔴Prioridad Alta🔴;🟡Prioridad Media🟡;🟡Prioridad Media🟡;🟡Prioridad Media🟡;🟡Prioridad Media🟡;🟡Prioridad Media🟡;🟢Prioridad Baja🟢;🔴Prioridad Alta🔴;🔴Prioridad Alta🔴;🟡Prioridad Media🟡;;"Entre $15.000 a $30.000 la hora.;";"Entre $100.000 a $150.000 el día.;";🔴Prioridad Alta🔴;🟢Prioridad Baja🟢;🟡Prioridad Media🟡;🔴Prioridad Alta🔴;🔴Prioridad Alta🔴;🔴Prioridad Alta🔴;🔴Prioridad Alta🔴;🔴Prioridad Alta🔴;;Confusa;Probable - Me gustaría conocer más de la plataforma antes de entrar.;"Un chat en la plataforma;Por llamada telefónica;Por chat con asesor mediante Whatsapp";7;[6, 8)
2025-05-20;05:33;Acepto.;18-25;Colombia;Tunja (Boyacá);Femenino.;3 - (Medio);Soy estudiante en estudios superiores o universitario;Pregrado universitario (Grado o Licenciatura).;Únicamente entre semana.;"Taxis;Buses municipales";"Por estudio;Por compromisos personales o familiares";Poseo licencia de conducción vigente o próxima a renovar.;No;;;;;;;Sí;"Mayor flexibilidad en horarios;Diversidad de vehículos para rentar / arrendar;Promueve la economía colaborativa;Aprovechamiento de vehículos particulares inactivos";"Posibles daños o mal uso del vehículo rentado;Desconfianza frente a clientes / personas desconocidas;Falta de regulación por parte de entidades oficiales;Posible uso de vehículos para fines no autorizados;Falta de control en la entrega o devolución del vehículo";No;;;;Sí;Colombia;Localiza;"Facilidad en el acceso al servicio.;Acompañamiento y buen trato durante el proceso.;";Costos elevados en comparación con lo esperado;No;;;;;;;;;;;;;;;;;;;;;;;;;;¡Sí, me apuntaría en el presente o en el futuro!;"Por días.;";🔴Prioridad Alta🔴;🔴Prioridad Alta🔴;🔴Prioridad Alta🔴;🟡Prioridad Media🟡;🟢Prioridad Baja🟢;🔴Prioridad Alta🔴;🔴Prioridad Alta🔴;🟡Prioridad Media🟡;🟢Prioridad Baja🟢;🟢Prioridad Baja🟢;;"Entre $15.000 a $30.000 la hora.;";"Entre $100.000 a $150.000 el día.;";🔴Prioridad Alta🔴;🔴Prioridad Alta🔴;🔴Prioridad Alta🔴;🔴Prioridad Alta🔴;🔴Prioridad Alta🔴;🔴Prioridad Alta🔴;🔴Prioridad Alta🔴;🔴Prioridad Alta🔴;;Clara;Probable - Me gustaría conocer más de la plataforma antes de entrar.;Por llamada telefónica;5;[4, 6)
2025-05-20;06:17;Acepto.;18-25;Colombia;Tunja (Boyacá);Femenino.;2 - (Bajo - Medio);Soy estudiante en estudios superiores o universitario;Pregrado universitario (Grado o Licenciatura).;Únicamente los fines de semana.;"Taxis;Otro: Plataformas digitales de transporte (servicios privados)";Por estudio;Poseo licencia de conducción vigente o próxima a renovar.;No;;;;;;;Sí;Aprovechamiento de vehículos particulares inactivos;Posibles daños o mal uso del vehículo rentado;No;;;;Sí;Colombia;;"Flexibilidad para adaptarse a mis necesidades.;";Dificultad para solicitar o acceder al servicio;Sí;"Por días (cualquier día).;";🔴Prioridad Alta🔴;🔴Prioridad Alta🔴;🔴Prioridad Alta🔴;🔴Prioridad Alta🔴;🔴Prioridad Alta🔴;🔴Prioridad Alta🔴;🔴Prioridad Alta🔴;🔴Prioridad Alta🔴;🔴Prioridad Alta🔴;🔴Prioridad Alta🔴;🔴Prioridad Alta🔴;🔴Prioridad Alta🔴;;"Pueda confiar en la plataforma para que me consulten, o ellos mismos acepten y denieguen un servicio que me solicitan.;";"Entre $15.000 a $30.000 la hora.;";"Entre $100.000 a $150.000 el día.;";Por transacción bancaria inmediata, una vez aprobado el servicio por mí y el cliente;🔴Prioridad Alta🔴;🔴Prioridad Alta🔴;🔴Prioridad Alta🔴;🔴Prioridad Alta🔴;🔴Prioridad Alta🔴;;"Preferiría pagar una suscripción mensual.;Aceptaría pagar una comisión del 10% al 14% por servicio.;";¡Sí, me apuntaría en el presente o en el futuro!;"Por horas.;";🔴Prioridad Alta🔴;🔴Prioridad Alta🔴;🔴Prioridad Alta🔴;🔴Prioridad Alta🔴;🔴Prioridad Alta🔴;🔴Prioridad Alta🔴;🔴Prioridad Alta🔴;🔴Prioridad Alta🔴;🟡Prioridad Media🟡;🟡Prioridad Media🟡;;"Entre $15.000 a $30.000 la hora.;";"Entre $100.000 a $150.000 el día.;";🔴Prioridad Alta🔴;🔴Prioridad Alta🔴;🔴Prioridad Alta🔴;🔴Prioridad Alta🔴;🔴Prioridad Alta🔴;🔴Prioridad Alta🔴;🔴Prioridad Alta🔴;🔴Prioridad Alta🔴;;Clara;Muy probable - Me gustaría inscribirme en la plataforma.;Un chat en la plataforma;6;[6, 8)
2025-05-20;09:27;Acepto.;18-25;Colombia;Paipa (Boyacá);Masculino.;3 - (Medio);"Soy estudiante en estudios superiores o universitario;Soy freelancer / independiente";Pregrado universitario (Grado o Licenciatura).;Únicamente los fines de semana.;"Taxis;Buses intermunicipales";Por estudio;No poseo licencia, pero estoy interesado en obtenerla pronto.;No;;;;;;;No;"Mayor flexibilidad en horarios;Mejor negociación en condiciones de arriendo;Diversidad de vehículos para rentar / arrendar";"Posibles daños o mal uso del vehículo rentado;Desconfianza frente a clientes / personas desconocidas;Falta de regulación por parte de entidades oficiales;Posible uso de vehículos para fines no autorizados;Falta de control en la entrega o devolución del vehículo";No;;;;No;;;;;Sí;"Por días (cualquier día).;Solo los fines de semana.;Solo durante semana (lunes a viernes).;";🔴Prioridad Alta🔴;🔴Prioridad Alta🔴;🔴Prioridad Alta🔴;🔴Prioridad Alta🔴;🟡Prioridad Media🟡;🟡Prioridad Media🟡;🔴Prioridad Alta🔴;🔴Prioridad Alta🔴;🔴Prioridad Alta🔴;🔴Prioridad Alta🔴;🔴Prioridad Alta🔴;🔴Prioridad Alta🔴;;"Reciba solicitudes y pueda aceptarlas o denegarlas.;Pueda configurar qué tipo de solicitudes quiero recibir, para luego aceptarlas o denegarlas.;Pueda confiar en la plataforma para que me consulten, o ellos mismos acepten y denieguen un servicio que me solicitan.;";"Entre $30.000 a $50.000 la hora.;";"Entre $100.000 a $150.000 el día.;";"Por transacción bancaria inmediata, una vez aprobado el servicio por mí y el cliente;En efectivo, antes de entregar el vehículo al cliente;Un respaldo con un pagaré automatizado por transferencia bancaria al finalizar el servicio por medio de Flex Drive";🔴Prioridad Alta🔴;🔴Prioridad Alta🔴;🔴Prioridad Alta🔴;🔴Prioridad Alta🔴;🔴Prioridad Alta🔴;;"Aceptaría pagar una comisión del 4% al 9% por servicio.;";¡Sí, me apuntaría en el presente o en el futuro!;"Por semanas.;Por días.;Por meses.;";🟡Prioridad Media🟡;🔴Prioridad Alta🔴;🔴Prioridad Alta🔴;🔴Prioridad Alta🔴;🔴Prioridad Alta🔴;🔴Prioridad Alta🔴;🔴Prioridad Alta🔴;🔴Prioridad Alta🔴;🔴Prioridad Alta🔴;🟢Prioridad Baja🟢;;"No me encuentro interesado en rentar por horas.;";"Entre $150.000 a $200.000 el día.;Entre $100.000 a $150.000 el día.;";🟢Prioridad Baja🟢;🟡Prioridad Media🟡;🔴Prioridad Alta🔴;🔴Prioridad Alta🔴;🔴Prioridad Alta🔴;🔴Prioridad Alta🔴;🔴Prioridad Alta🔴;🔴Prioridad Alta🔴;;Clara;Muy probable - Me gustaría inscribirme en la plataforma.;"Un chat en la plataforma;Por llamada telefónica;Por chat con asesor mediante Whatsapp";9;[8, 10)
2025-05-20;06:38;Acepto.;18-25;Colombia;Tunja (Boyacá);Femenino.;3 - (Medio);Soy estudiante en estudios superiores o universitario;Pregrado universitario (Grado o Licenciatura).;Rara vez.;"Taxis;Buses intermunicipales;Buses municipales";"Por estudio;Por compromisos personales o familiares";No poseo licencia, pero estoy interesado en obtenerla pronto.;Sí;Diariamente.;Un único vehículo.;Sí, es un vehículo compartido con familiares, amigos o conocidos.;Autobús;;;Sí;Promueve la economía colaborativa;Falta de regulación por parte de entidades oficiales;Sí;"A través de una empresa o entidad presencial.;";"Ampliación de red de clientes y/o interesados.;";"Logística y administración complejas y confusas.;";No;;;;;No;;;;;;;;;;;;;;;;;;;;;;;;;;No me llama la atención, gracias.;;;;;;;;;;;;;;;;;;;;;;;;Confusa;Neutral - Es un buen concepto que requiere más desarrollo.;Por llamada telefónica;6;[6, 8)
2025-05-20;03:10;Acepto.;18-25;Colombia;Tunja (Boyacá);Femenino.;4 - (Medio Alto);Soy estudiante en estudios superiores o universitario;Especialización o Diplomado de Posgrado (estudios posteriores con enfoque técnico o profesional).;Rara vez.;Taxis;Por compromisos personales o familiares;Poseo licencia de conducción vigente o próxima a renovar.;Sí;Diariamente.;Varios vehículos.;;;"No, son vehículos completamente propios.;";"Automóvil (carros, camionetas, entre otros);";Sí;Mejor negociación en condiciones de arriendo;"Posibles daños o mal uso del vehículo rentado;Desconfianza frente a clientes / personas desconocidas;Falta de regulación por parte de entidades oficiales";No;;;;Sí;Tanto en Colombia como en el exterior;;"Facilidad en el acceso al servicio.;Eficacia en la solución de problemas y dudas.;";Lentitud en tiempos de atención y respuesta;No;;;;;;;;;;;;;;;;;;;;;;;;;;No me llama la atención, gracias.;;;;;;;;;;;;;;;;;;;;;;;;Clara;Muy improbable - No me encuentro interesado o no hay una mercado de interés.;Con un chatbot (Sea por plataforma, Whatsapp, u otro medio.);3;[2, 4)
2025-05-20;15:15;Acepto.;18-25;Colombia;Tunja (Boyacá);Femenino.;3 - (Medio);Soy estudiante en estudios superiores o universitario;Pregrado universitario (Grado o Licenciatura).;Únicamente entre semana.;Buses municipales;Por trabajo;Poseo licencia de conducción vigente o próxima a renovar.;Sí;Solo durante fines de semana.;Un único vehículo.;No, es un vehículo completamente propio.;Motocicleta;;;Sí;Aprovechamiento de vehículos particulares inactivos;Posible uso de vehículos para fines no autorizados;Sí;"De forma independiente.;";"Ampliación de red de clientes y/o interesados.;";"Baja visibilidad de mi(s) vehículo(s) para los clientes potenciales.;";Sí;Colombia;;"Rapidez en los tiempos de respuesta.;";Dificultad para solicitar o acceder al servicio;Sí;"Por días (cualquier día).;";🔴Prioridad Alta🔴;🔴Prioridad Alta🔴;🔴Prioridad Alta🔴;🔴Prioridad Alta🔴;🔴Prioridad Alta🔴;🔴Prioridad Alta🔴;🔴Prioridad Alta🔴;🔴Prioridad Alta🔴;🔴Prioridad Alta🔴;🔴Prioridad Alta🔴;🔴Prioridad Alta🔴;🔴Prioridad Alta🔴;;"Reciba solicitudes y pueda aceptarlas o denegarlas.;";"Entre $30.000 a $50.000 la hora.;";"Entre $100.000 a $150.000 el día.;";En efectivo, cuando el cliente devuelve el vehículo;🔴Prioridad Alta🔴;🔴Prioridad Alta🔴;🔴Prioridad Alta🔴;🔴Prioridad Alta🔴;🔴Prioridad Alta🔴;;"No estaría interesado en pagar comisión alguna.;";No me llama la atención, gracias.;;;;;;;;;;;;;;;;;;;;;;;;Clara;Muy probable - Me gustaría inscribirme en la plataforma.;Por correo electrónico;15;[14, 16)
2025-05-20;08:46;Acepto.;76 en adelante.;Colombia;Tunja (Boyacá);Masculino.;2 - (Bajo - Medio);Soy estudiante en estudios superiores o universitario;Pregrado universitario (Grado o Licenciatura).;Rara vez.;Taxis;Por compromisos personales o familiares;No poseo licencia, y tampoco estoy interesado en obtenerla en el momento.;No;;;;;;;Sí;Mayor flexibilidad en horarios;"Posibles daños o mal uso del vehículo rentado;Desconfianza frente a clientes / personas desconocidas;Posible uso de vehículos para fines no autorizados";No;;;;No;;;;;No;;;;;;;;;;;;;;;;;;;;;;;;;;¡Sí, me apuntaría en el presente o en el futuro!;"Por días.;";🟡Prioridad Media🟡;🔴Prioridad Alta🔴;🔴Prioridad Alta🔴;🟡Prioridad Media🟡;🔴Prioridad Alta🔴;🟡Prioridad Media🟡;🔴Prioridad Alta🔴;🟡Prioridad Media🟡;🟢Prioridad Baja🟢;🟢Prioridad Baja🟢;;"No me encuentro interesado en rentar por horas.;";"Entre $100.000 a $150.000 el día.;";🟡Prioridad Media🟡;🔴Prioridad Alta🔴;🔴Prioridad Alta🔴;🟡Prioridad Media🟡;🟡Prioridad Media🟡;🔴Prioridad Alta🔴;🔴Prioridad Alta🔴;🔴Prioridad Alta🔴;;Clara;Neutral - Es un buen concepto que requiere más desarrollo.;"Por chat con asesor mediante Whatsapp;Por llamada telefónica";8;[8, 10)
2025-05-20;04:55;Acepto.;18-25;Colombia;Tunja (Boyacá);Masculino.;5 - (Alto);Soy estudiante en estudios superiores o universitario;Pregrado universitario (Grado o Licenciatura).;Únicamente entre semana.;"Buses municipales;Taxis";"Por trabajo;Por estudio";No poseo licencia, pero estoy interesado en obtenerla pronto.;No;;;;;;;No;"Mayor flexibilidad en horarios;Mejor negociación en condiciones de arriendo;Promueve la economía colaborativa";"Desconfianza frente a clientes / personas desconocidas;Falta de regulación por parte de entidades oficiales";No;;;;No;;;;;Sí;"A disposición personal.;";🔴Prioridad Alta🔴;🔴Prioridad Alta🔴;🔴Prioridad Alta🔴;🔴Prioridad Alta🔴;🔴Prioridad Alta🔴;🔴Prioridad Alta🔴;🔴Prioridad Alta🔴;🔴Prioridad Alta🔴;🟡Prioridad Media🟡;🔴Prioridad Alta🔴;🔴Prioridad Alta🔴;🔴Prioridad Alta🔴;;"Reciba solicitudes y pueda aceptarlas o denegarlas.;Pueda configurar qué tipo de solicitudes quiero recibir, para luego aceptarlas o denegarlas.;Pueda confiar en la plataforma para que me consulten, o ellos mismos acepten y denieguen un servicio que me solicitan.;";"Entre $15.000 a $30.000 la hora.;";"No me encuentro interesado en rentar por días.;";"En efectivo, antes de entregar el vehículo al cliente;Por transacción bancaria inmediata, una vez aprobado el servicio por mí y el cliente";🔴Prioridad Alta🔴;🔴Prioridad Alta🔴;🔴Prioridad Alta🔴;🔴Prioridad Alta🔴;🔴Prioridad Alta🔴;;"No estaría interesado en pagar comisión alguna.;";No me llama la atención, gracias.;;;;;;;;;;;;;;;;;;;;;;;;Clara;Muy probable - Me gustaría inscribirme en la plataforma.;Por chat con asesor mediante Whatsapp;4;[4, 6)
2025-05-20;11:16;Acepto.;18-25;Colombia;Duitama (Boyacá);Femenino.;4 - (Medio Alto);Soy estudiante en estudios superiores o universitario;Secundaria media (10° a 11°, o Vocacional, o Preparatoria).;Únicamente entre semana.;"Taxis;Buses municipales;Buses intermunicipales";"Por estudio;Por compromisos personales o familiares";No poseo licencia, pero estoy interesado en obtenerla pronto.;No;;;;;;;Sí;"Posibilidad de generar ingresos como propietario del vehículo;Mayor flexibilidad en horarios";"Posibles daños o mal uso del vehículo rentado;Desconfianza frente a clientes / personas desconocidas";No;;;;No;;;;;Sí;"Por días (cualquier día).;Solo los fines de semana.;";🔴Prioridad Alta🔴;🟡Prioridad Media🟡;🔴Prioridad Alta🔴;🔴Prioridad Alta🔴;🟡Prioridad Media🟡;🟡Prioridad Media🟡;🔴Prioridad Alta🔴;🔴Prioridad Alta🔴;🟡Prioridad Media🟡;🟡Prioridad Media🟡;🔴Prioridad Alta🔴;🔴Prioridad Alta🔴;;"Reciba solicitudes y pueda aceptarlas o denegarlas.;Pueda configurar qué tipo de solicitudes quiero recibir, para luego aceptarlas o denegarlas.;Pueda confiar en la plataforma para que me consulten, o ellos mismos acepten y denieguen un servicio que me solicitan.;";"Entre $15.000 a $30.000 la hora.;";"Entre $150.000 a $200.000 el día.;Entre $200.000 a $250.000 el día.;";"Por transacción bancaria inmediata, al finalizar el servicio;Por transacción bancaria inmediata, una vez aprobado el servicio por mí y el cliente";🔴Prioridad Alta🔴;🔴Prioridad Alta🔴;🟡Prioridad Media🟡;🔴Prioridad Alta🔴;🟡Prioridad Media🟡;;"Aceptaría pagar una comisión del 4% al 9% por servicio.;";¡Sí, me apuntaría en el presente o en el futuro!;"Por horas.;Por días.;";🟡Prioridad Media🟡;🔴Prioridad Alta🔴;🔴Prioridad Alta🔴;🔴Prioridad Alta🔴;🟡Prioridad Media🟡;🔴Prioridad Alta🔴;🔴Prioridad Alta🔴;🔴Prioridad Alta🔴;🔴Prioridad Alta🔴;🔴Prioridad Alta🔴;;"Entre $15.000 a $30.000 la hora.;";"Entre $200.000 a $250.000 el día.;";🟡Prioridad Media🟡;🟡Prioridad Media🟡;🔴Prioridad Alta🔴;🔴Prioridad Alta🔴;🔴Prioridad Alta🔴;🔴Prioridad Alta🔴;🔴Prioridad Alta🔴;🔴Prioridad Alta🔴;;Clara;Probable - Me gustaría conocer más de la plataforma antes de entrar.;"Un chat en la plataforma;Por llamada telefónica;Por chat con asesor mediante Whatsapp";11;[10, 12)
2025-05-20;02:51;Acepto.;18-25;Colombia;Tunja (Boyacá);Masculino.;5 - (Alto);Soy estudiante en estudios superiores o universitario;Pregrado universitario (Grado o Licenciatura).;En ninguna ocasión.;SITP;Por compromisos personales o familiares;No poseo licencia, y tampoco estoy interesado en obtenerla en el momento.;No;;;;;;;No;Experiencia de negocio más personalizada;Falta de regulación por parte de entidades oficiales;Sí;"A través de una empresa o entidad presencial.;";"Buena gestión por parte de la entidad sobre el vehículo.;";"Inseguridad o falta de protección frente a daños o mal uso.;";No;;;;;No;;;;;;;;;;;;;;;;;;;;;;;;;;¡Sí, me apuntaría en el presente o en el futuro!;"Por meses.;";🔴Prioridad Alta🔴;🟡Prioridad Media🟡;🔴Prioridad Alta🔴;🟢Prioridad Baja🟢;🔴Prioridad Alta🔴;🟢Prioridad Baja🟢;🟡Prioridad Media🟡;🔴Prioridad Alta🔴;🟡Prioridad Media🟡;🟡Prioridad Media🟡;;"Entre $50.000 a $80.000 la hora.;Desde $80.000 en adelante.;";"Desde $350.000 en adelante.;Entre $200.000 a $250.000 el día.;";🔴Prioridad Alta🔴;🟡Prioridad Media🟡;🟢Prioridad Baja🟢;🟢Prioridad Baja🟢;🔴Prioridad Alta🔴;🔴Prioridad Alta🔴;🔴Prioridad Alta🔴;🟢Prioridad Baja🟢;;Confusa;Probable - Me gustaría conocer más de la plataforma antes de entrar.;Por llamada telefónica;2;[2, 4)
2025-05-20;05:20;Acepto.;18-25;Colombia;Tunja (Boyacá);Femenino.;3 - (Medio);Soy estudiante en estudios superiores o universitario;Pregrado universitario (Grado o Licenciatura).;Únicamente los fines de semana.;Buses municipales;"Por compromisos personales o familiares;Por turismo";Poseo licencia de conducción vigente o próxima a renovar.;No;;;;;;;Sí;"Posibilidad de generar ingresos como propietario del vehículo;Mayor flexibilidad en horarios;Promueve la economía colaborativa";"Posibles daños o mal uso del vehículo rentado;Desconfianza frente a clientes / personas desconocidas;Posible uso de vehículos para fines no autorizados";No;;;;No;;;;;No;;;;;;;;;;;;;;;;;;;;;;;;;;No me llama la atención, gracias.;;;;;;;;;;;;;;;;;;;;;;;;Clara;Neutral - Es un buen concepto que requiere más desarrollo.;"Por chat con asesor mediante Whatsapp;Con un chatbot (Sea por plataforma, Whatsapp, u otro medio.)";5;[4, 6)
2025-05-20;06:00;Acepto.;18-25;Colombia;Tunja (Boyacá);Femenino.;3 - (Medio);"Soy estudiante en estudios superiores o universitario;Soy empleado";Pregrado universitario (Grado o Licenciatura).;Rara vez.;Buses municipales;"Por estudio;Por trabajo";No poseo licencia, pero estoy interesado en obtenerla pronto.;No;;;;;;;No;;;No;;;;No;;;;;Sí;"Por días (cualquier día).;";🔴Prioridad Alta🔴;🔴Prioridad Alta🔴;🔴Prioridad Alta🔴;🔴Prioridad Alta🔴;🔴Prioridad Alta🔴;🔴Prioridad Alta🔴;🟡Prioridad Media🟡;🟡Prioridad Media🟡;🟡Prioridad Media🟡;🔴Prioridad Alta🔴;🔴Prioridad Alta🔴;🔴Prioridad Alta🔴;;"Reciba solicitudes y pueda aceptarlas o denegarlas.;Pueda configurar qué tipo de solicitudes quiero recibir, para luego aceptarlas o denegarlas.;";"No me encuentro interesado en rentar por horas.;";"Entre $150.000 a $200.000 el día.;Entre $200.000 a $250.000 el día.;";"En efectivo, antes de entregar el vehículo al cliente;En efectivo, cuando el cliente devuelve el vehículo;Por transacción bancaria inmediata, una vez aprobado el servicio por mí y el cliente";🔴Prioridad Alta🔴;🔴Prioridad Alta🔴;🟡Prioridad Media🟡;🟡Prioridad Media🟡;🟡Prioridad Media🟡;;"No estaría interesado en pagar comisión alguna.;Preferiría pagar una suscripción mensual.;";No me llama la atención, gracias.;;;;;;;;;;;;;;;;;;;;;;;;Clara;Muy improbable - No me encuentro interesado o no hay una mercado de interés.;"Por chat con asesor mediante Whatsapp;Por llamada telefónica;Un chat en la plataforma;Por correo electrónico";6;[6, 8)
2025-05-20;05:24;Acepto.;26-35;Colombia;Tunja (Boyacá);Masculino.;4 - (Medio Alto);Soy estudiante en estudios superiores o universitario;Pregrado universitario (Grado o Licenciatura).;Diariamente.;"Taxis;Buses municipales;Buses intermunicipales";Por estudio;Poseo licencia de conducción vigente o próxima a renovar.;No;;;;;;;Sí;"Mayor flexibilidad en horarios;Mejor negociación en condiciones de arriendo;Posibilidad de generar ingresos como propietario del vehículo";Desconfianza frente a clientes / personas desconocidas;No;;;;No;;;;;Sí;"Por horas.;";🔴Prioridad Alta🔴;🔴Prioridad Alta🔴;🔴Prioridad Alta🔴;🔴Prioridad Alta🔴;🔴Prioridad Alta🔴;🔴Prioridad Alta🔴;🔴Prioridad Alta🔴;🔴Prioridad Alta🔴;🔴Prioridad Alta🔴;🔴Prioridad Alta🔴;🔴Prioridad Alta🔴;🔴Prioridad Alta🔴;;"Reciba solicitudes y pueda aceptarlas o denegarlas.;";"No me encuentro interesado en rentar por horas.;";"Entre $100.000 a $150.000 el día.;";En efectivo, cuando el cliente devuelve el vehículo;🔴Prioridad Alta🔴;🔴Prioridad Alta🔴;🔴Prioridad Alta🔴;🔴Prioridad Alta🔴;🔴Prioridad Alta🔴;;"No estaría interesado en pagar comisión alguna.;";¡Sí, me apuntaría en el presente o en el futuro!;"Por horas.;";🔴Prioridad Alta🔴;🔴Prioridad Alta🔴;🔴Prioridad Alta🔴;🔴Prioridad Alta🔴;🔴Prioridad Alta🔴;🔴Prioridad Alta🔴;🔴Prioridad Alta🔴;🔴Prioridad Alta🔴;🔴Prioridad Alta🔴;🔴Prioridad Alta🔴;;"No me encuentro interesado en rentar por horas.;";"No me encuentro interesado en rentar por días.;";🔴Prioridad Alta🔴;🔴Prioridad Alta🔴;🔴Prioridad Alta🔴;🔴Prioridad Alta🔴;🔴Prioridad Alta🔴;🔴Prioridad Alta🔴;🔴Prioridad Alta🔴;🔴Prioridad Alta🔴;;Clara;Muy probable - Me gustaría inscribirme en la plataforma.;Un chat en la plataforma;5;[4, 6)
2025-05-20;04:42;Acepto.;18-25;Colombia;Duitama (Boyacá);Masculino.;4 - (Medio Alto);Soy estudiante en estudios superiores o universitario;Pregrado universitario (Grado o Licenciatura).;Rara vez.;Taxis;Por estudio;Poseo licencia de conducción vigente o próxima a renovar.;Sí;Diariamente.;Varios vehículos.;;;"Sí, ocasionalmente comparto otros vehículos con familiares, amigos, conocidos o por negocios.;";"Moticicleta;Automóvil (carros, camionetas, entre otros);";No;"Posibilidad de generar ingresos como propietario del vehículo;Diversidad de vehículos para rentar / arrendar";"Posibles daños o mal uso del vehículo rentado;Desconfianza frente a clientes / personas desconocidas;Falta de regulación por parte de entidades oficiales;Posible uso de vehículos para fines no autorizados;Falta de control en la entrega o devolución del vehículo";No;;;;Sí;Tanto en Colombia como en el exterior;;;;No;;;;;;;;;;;;;;;;;;;;;;;;;;No me llama la atención, gracias.;;;;;;;;;;;;;;;;;;;;;;;;Clara;Neutral - Es un buen concepto que requiere más desarrollo.;"Un chat en la plataforma;Con un chatbot (Sea por plataforma, Whatsapp, u otro medio.);Por llamada telefónica";4;[4, 6)
2025-05-20;06:16;Acepto.;18-25;Colombia;Tunja (Boyacá);Masculino.;3 - (Medio);Soy estudiante en estudios superiores o universitario;Pregrado universitario (Grado o Licenciatura).;Rara vez.;"Taxis;Buses municipales";Por estudio;Poseo licencia de conducción vigente o próxima a renovar.;Sí;Diariamente.;Un único vehículo.;Ocasionalmente lo comparto con mi familia, amigos o conocidos.;Motocicleta;;;No;;;No;;;;No;;;;;No;;;;;;;;;;;;;;;;;;;;;;;;;;No me llama la atención, gracias.;;;;;;;;;;;;;;;;;;;;;;;;Clara;Probable - Me gustaría conocer más de la plataforma antes de entrar.;"Por llamada telefónica;Un chat en la plataforma";6;[6, 8)
2025-05-20;14:10;Acepto.;18-25;Colombia;Cómbita (Boyacá);Masculino.;1 - (Bajo);Soy estudiante en estudios superiores o universitario;Pregrado universitario (Grado o Licenciatura).;Diariamente.;"Taxis;Buses municipales;Buses intermunicipales";Por estudio;No poseo licencia, pero estoy interesado en obtenerla pronto.;No;;;;;;;Sí;Aprovechamiento de vehículos particulares inactivos;Posibles daños o mal uso del vehículo rentado;No;;;;No;;;;;No;;;;;;;;;;;;;;;;;;;;;;;;;;¡Sí, me apuntaría en el presente o en el futuro!;"Por horas.;Por días.;";🟡Prioridad Media🟡;🔴Prioridad Alta🔴;🔴Prioridad Alta🔴;🔴Prioridad Alta🔴;🟡Prioridad Media🟡;🔴Prioridad Alta🔴;🟡Prioridad Media🟡;🔴Prioridad Alta🔴;🔴Prioridad Alta🔴;🔴Prioridad Alta🔴;;"Entre $15.000 a $30.000 la hora.;Entre $30.000 a $50.000 la hora.;";"Entre $150.000 a $200.000 el día.;Entre $200.000 a $250.000 el día.;";🟡Prioridad Media🟡;🟡Prioridad Media🟡;🟡Prioridad Media🟡;🔴Prioridad Alta🔴;🔴Prioridad Alta🔴;🔴Prioridad Alta🔴;🔴Prioridad Alta🔴;🔴Prioridad Alta🔴;;Clara;Probable - Me gustaría conocer más de la plataforma antes de entrar.;"Por llamada telefónica;Por chat con asesor mediante Whatsapp";14;[14, 16)
2025-05-20;10:18;Acepto.;16-17;Colombia;Barbosa (Santander);Femenino.;3 - (Medio);Soy estudiante de secundaria;Secundaria básica (6° a 9°).;Rara vez.;Taxis;Por estudio;No poseo licencia, y tampoco estoy interesado en obtenerla en el momento.;No;;;;;;;No;"Promueve la economía colaborativa;Diversidad de vehículos para rentar / arrendar";"Posibles daños o mal uso del vehículo rentado;Posible uso de vehículos para fines no autorizados";No;;;;No;;;;;Sí;"Por horas.;";🔴Prioridad Alta🔴;🟡Prioridad Media🟡;🔴Prioridad Alta🔴;🔴Prioridad Alta🔴;🔴Prioridad Alta🔴;🟡Prioridad Media🟡;🟢Prioridad Baja🟢;🟡Prioridad Media🟡;🟡Prioridad Media🟡;🔴Prioridad Alta🔴;🔴Prioridad Alta🔴;🟡Prioridad Media🟡;;"Reciba solicitudes y pueda aceptarlas o denegarlas.;";"Entre $50.000 a $80.000 la hora.;";"Desde $350.000 en adelante.;Entre $250.000 a $350.000 el día.;";"En efectivo, antes de entregar el vehículo al cliente;Un respaldo con un pagaré automatizado por transferencia bancaria al finalizar el servicio por medio de Flex Drive";🔴Prioridad Alta🔴;🟡Prioridad Media🟡;🟡Prioridad Media🟡;🟡Prioridad Media🟡;🔴Prioridad Alta🔴;;"No estaría interesado en pagar comisión alguna.;";No me llama la atención, gracias.;;;;;;;;;;;;;;;;;;;;;;;;Clara;Neutral - Es un buen concepto que requiere más desarrollo.;"Por llamada telefónica;Por chat con asesor mediante Whatsapp";10;[10, 12)
2025-05-20;03:28;Acepto.;18-25;Colombia;Tunja (Boyacá);Masculino.;4 - (Medio Alto);Soy estudiante en estudios superiores o universitario;Pregrado universitario (Grado o Licenciatura).;Rara vez.;"SITP;Buses municipales";"Por estudio;Por trabajo;Por compromisos personales o familiares";No poseo licencia, pero estoy interesado en obtenerla pronto.;Sí;Solo durante fines de semana.;Un único vehículo.;Ocasionalmente lo comparto con mi familia, amigos o conocidos.;Automóvil (carros, camionetas, entre otros);;;No;;;No;;;;Sí;;;;;No;;;;;;;;;;;;;;;;;;;;;;;;;;No me llama la atención, gracias.;;;;;;;;;;;;;;;;;;;;;;;;Confusa;Probable - Me gustaría conocer más de la plataforma antes de entrar.;Un chat en la plataforma;3;[2, 4)
2025-05-20;11:37;Acepto.;18-25;Colombia;Duitama (Boyacá);Masculino.;3 - (Medio);Soy estudiante en estudios superiores o universitario;Pregrado universitario (Grado o Licenciatura).;Únicamente entre semana.;"Buses municipales;Taxis;Buses intermunicipales";Por estudio;No poseo licencia, pero estoy interesado en obtenerla pronto.;No;;;;;;;No;"Posibilidad de generar ingresos como propietario del vehículo;Experiencia de negocio más personalizada;Aprovechamiento de vehículos particulares inactivos";"Posibles daños o mal uso del vehículo rentado;Desconfianza frente a clientes / personas desconocidas;Posible uso de vehículos para fines no autorizados";No;;;;No;;;;;No;;;;;;;;;;;;;;;;;;;;;;;;;;¡Sí, me apuntaría en el presente o en el futuro!;"Por días.;";🟡Prioridad Media🟡;🟡Prioridad Media🟡;🔴Prioridad Alta🔴;🔴Prioridad Alta🔴;🔴Prioridad Alta🔴;🟡Prioridad Media🟡;🔴Prioridad Alta🔴;🟡Prioridad Media🟡;🟡Prioridad Media🟡;🔴Prioridad Alta🔴;;"No me encuentro interesado en rentar por horas.;";"Entre $150.000 a $200.000 el día.;";🟢Prioridad Baja🟢;🟡Prioridad Media🟡;🟢Prioridad Baja🟢;🔴Prioridad Alta🔴;🔴Prioridad Alta🔴;🔴Prioridad Alta🔴;🔴Prioridad Alta🔴;🔴Prioridad Alta🔴;;Clara;Neutral - Es un buen concepto que requiere más desarrollo.;"Un chat en la plataforma;Por llamada telefónica;Por chat con asesor mediante Whatsapp";11;[10, 12)
2025-05-20;06:43;Acepto.;18-25;Colombia;Tunja (Boyacá);Masculino.;4 - (Medio Alto);"Soy estudiante en estudios superiores o universitario;Soy empleado";Pregrado universitario (Grado o Licenciatura).;Rara vez.;Taxis;"Por estudio;Por trabajo";Poseo licencia de conducción vigente o próxima a renovar.;Sí;Diariamente.;Varios vehículos.;;;"No, son vehículos completamente propios.;";"Moticicleta;Automóvil (carros, camionetas, entre otros);";No;Aprovechamiento de vehículos particulares inactivos;Falta de regulación por parte de entidades oficiales;Sí;"A través de una plataforma web.;";"Acompañamiento en los trámites y documentación.;";"Inseguridad o falta de protección frente a daños o mal uso.;";Sí;Colombia;;"Seguridad durante los procesos del servicio.;";Trato poco profesional o desinteresado;Sí;"Solo los fines de semana.;";🔴Prioridad Alta🔴;🟡Prioridad Media🟡;🔴Prioridad Alta🔴;🔴Prioridad Alta🔴;🔴Prioridad Alta🔴;🔴Prioridad Alta🔴;🔴Prioridad Alta🔴;🔴Prioridad Alta🔴;🔴Prioridad Alta🔴;🔴Prioridad Alta🔴;🔴Prioridad Alta🔴;🔴Prioridad Alta🔴;;"Reciba solicitudes y pueda aceptarlas o denegarlas.;";"Desde $80.000 en adelante.;";"Entre $250.000 a $350.000 el día.;";En efectivo, cuando el cliente devuelve el vehículo;🔴Prioridad Alta🔴;🔴Prioridad Alta🔴;🔴Prioridad Alta🔴;🔴Prioridad Alta🔴;🔴Prioridad Alta🔴;;"Aceptaría pagar una comisión del 10% al 14% por servicio.;";¡Sí, me apuntaría en el presente o en el futuro!;"Por horas.;";🔴Prioridad Alta🔴;🔴Prioridad Alta🔴;🔴Prioridad Alta🔴;🔴Prioridad Alta🔴;🔴Prioridad Alta🔴;🔴Prioridad Alta🔴;🔴Prioridad Alta🔴;🔴Prioridad Alta🔴;🔴Prioridad Alta🔴;🔴Prioridad Alta🔴;;"Entre $15.000 a $30.000 la hora.;";"No me encuentro interesado en rentar por días.;Entre $100.000 a $150.000 el día.;";🔴Prioridad Alta🔴;🔴Prioridad Alta🔴;🔴Prioridad Alta🔴;🔴Prioridad Alta🔴;🔴Prioridad Alta🔴;🔴Prioridad Alta🔴;🔴Prioridad Alta🔴;🔴Prioridad Alta🔴;;Clara;Muy probable - Me gustaría inscribirme en la plataforma.;Por correo electrónico;6;[6, 8)
2025-05-20;12:13;Acepto.;18-25;Colombia;Chía (Cundinamarca);Masculino.;4 - (Medio Alto);"Soy estudiante en estudios superiores o universitario;Estoy desempleado";Pregrado universitario (Grado o Licenciatura).;Diariamente.;"Buses municipales;Buses intermunicipales";"Por estudio;Por compromisos personales o familiares";Poseo licencia de conducción vigente o próxima a renovar.;No;;;;;;;No;;"Posibles daños o mal uso del vehículo rentado;Desconfianza frente a clientes / personas desconocidas;Falta de regulación por parte de entidades oficiales;Posible uso de vehículos para fines no autorizados;Falta de control en la entrega o devolución del vehículo";No;;;;Sí;En el exterior;Hertz;"Facilidad en el acceso al servicio.;Acompañamiento y buen trato durante el proceso.;Tecnología fácil de utilizar (a través de plataformas digitales, aplicaciones o códigos personales / QRs).).;";"Trato poco profesional o desinteresado;Información confusa sobre los contratos;Costos elevados en comparación con lo esperado;Falta de información en el servicio o vehículo a recibir";Sí;"Por días (cualquier día).;";🔴Prioridad Alta🔴;🟡Prioridad Media🟡;🔴Prioridad Alta🔴;🔴Prioridad Alta🔴;🟢Prioridad Baja🟢;🔴Prioridad Alta🔴;🔴Prioridad Alta🔴;🔴Prioridad Alta🔴;🟡Prioridad Media🟡;🟡Prioridad Media🟡;🔴Prioridad Alta🔴;🟢Prioridad Baja🟢;Seguros para el conductor / arrendador;"Reciba solicitudes y pueda aceptarlas o denegarlas.;";"Entre $15.000 a $30.000 la hora.;";"Entre $100.000 a $150.000 el día.;";"Por transacción bancaria inmediata, una vez aprobado el servicio por mí y el cliente;Por transacción bancaria inmediata, al finalizar el servicio";🟢Prioridad Baja🟢;🔴Prioridad Alta🔴;🟢Prioridad Baja🟢;🔴Prioridad Alta🔴;🟡Prioridad Media🟡;;"Aceptaría pagar una comisión del 4% al 9% por servicio.;Preferiría pagar una suscripción mensual.;";¡Sí, me apuntaría en el presente o en el futuro!;"Por días.;";🔴Prioridad Alta🔴;🔴Prioridad Alta🔴;🔴Prioridad Alta🔴;🔴Prioridad Alta🔴;🔴Prioridad Alta🔴;🔴Prioridad Alta🔴;🟢Prioridad Baja🟢;🔴Prioridad Alta🔴;🟡Prioridad Media🟡;🔴Prioridad Alta🔴;Revisar 49H;"Entre $15.000 a $30.000 la hora.;";"Entre $100.000 a $150.000 el día.;";🟡Prioridad Media🟡;🔴Prioridad Alta🔴;🔴Prioridad Alta🔴;🔴Prioridad Alta🔴;🔴Prioridad Alta🔴;🔴Prioridad Alta🔴;🔴Prioridad Alta🔴;🟡Prioridad Media🟡;;Clara;Probable - Me gustaría conocer más de la plataforma antes de entrar.;Por chat con asesor mediante Whatsapp;12;[12, 14)
2025-05-20;09:51;Acepto.;18-25;Colombia;Tunja (Boyacá);Masculino.;5 - (Alto);Soy estudiante en estudios superiores o universitario;Pregrado universitario (Grado o Licenciatura).;Rara vez.;Taxis;Por estudio;Poseo licencia de conducción vigente o próxima a renovar.;No;;;;;;;Sí;Diversidad de vehículos para rentar / arrendar;Desconfianza frente a clientes / personas desconocidas;No;;;;Sí;Tanto en Colombia como en el exterior;;"Flexibilidad para adaptarse a mis necesidades.;";"Costos elevados en comparación con lo esperado;Dificultad para solicitar o acceder al servicio";No;;;;;;;;;;;;;;;;;;;;;;;;;;¡Sí, me apuntaría en el presente o en el futuro!;"Por días.;";🔴Prioridad Alta🔴;🟡Prioridad Media🟡;🟢Prioridad Baja🟢;🔴Prioridad Alta🔴;🟡Prioridad Media🟡;🟢Prioridad Baja🟢;🟡Prioridad Media🟡;🟢Prioridad Baja🟢;🔴Prioridad Alta🔴;🟡Prioridad Media🟡;;"Entre $15.000 a $30.000 la hora.;";"Entre $100.000 a $150.000 el día.;";🔴Prioridad Alta🔴;🟢Prioridad Baja🟢;🟡Prioridad Media🟡;🔴Prioridad Alta🔴;🟡Prioridad Media🟡;🟢Prioridad Baja🟢;🔴Prioridad Alta🔴;🟡Prioridad Media🟡;;Clara;Probable - Me gustaría conocer más de la plataforma antes de entrar.;Por chat con asesor mediante Whatsapp;9;[8, 10)
2025-05-20;02:34;Acepto.;18-25;Colombia;Tunja (Boyacá);Masculino.;3 - (Medio);"Soy estudiante en estudios superiores o universitario;Estoy desempleado";Formación Técnica o Tecnológica.;Rara vez.;"Taxis;Buses municipales";Por estudio;Poseo licencia de conducción vigente o próxima a renovar.;No;;;;;;;No;Aprovechamiento de vehículos particulares inactivos;Posibles daños o mal uso del vehículo rentado;No;;;;No;;;;;No;;;;;;;;;;;;;;;;;;;;;;;;;;No me llama la atención, gracias.;;;;;;;;;;;;;;;;;;;;;;;;Clara;Neutral - Es un buen concepto que requiere más desarrollo.;Por chat con asesor mediante Whatsapp;2;[2, 4)
2025-05-20;06:52;Acepto.;18-25;Colombia;Tunja (Boyacá);Masculino.;4 - (Medio Alto);Soy estudiante en estudios superiores o universitario;Pregrado universitario (Grado o Licenciatura).;Únicamente entre semana.;"Buses municipales;Otro: Plataformas digitales de transporte (servicios privados)";Por estudio;Poseo licencia de conducción vigente o próxima a renovar.;No;;;;;;;Sí;Posibilidad de generar ingresos como propietario del vehículo;"Posibles daños o mal uso del vehículo rentado;Desconfianza frente a clientes / personas desconocidas;Falta de regulación por parte de entidades oficiales;Posible uso de vehículos para fines no autorizados;Falta de control en la entrega o devolución del vehículo";No;;;;No;;;;;No;;;;;;;;;;;;;;;;;;;;;;;;;;¡Sí, me apuntaría en el presente o en el futuro!;"Por horas.;";🔴Prioridad Alta🔴;🟡Prioridad Media🟡;🔴Prioridad Alta🔴;🔴Prioridad Alta🔴;🔴Prioridad Alta🔴;🟡Prioridad Media🟡;🔴Prioridad Alta🔴;🟡Prioridad Media🟡;🟡Prioridad Media🟡;🟡Prioridad Media🟡;;"Entre $15.000 a $30.000 la hora.;";"No me encuentro interesado en rentar por días.;";🔴Prioridad Alta🔴;🟡Prioridad Media🟡;🟡Prioridad Media🟡;🔴Prioridad Alta🔴;🔴Prioridad Alta🔴;🔴Prioridad Alta🔴;🔴Prioridad Alta🔴;🔴Prioridad Alta🔴;;Clara;Improbable - Es un buen concepto con difícil ejecución.;"Por chat con asesor mediante Whatsapp;Por llamada telefónica";6;[6, 8)
2025-05-20;04:38;Acepto.;18-25;Colombia;Rusia;Femenino.;3 - (Medio);Soy estudiante en estudios superiores o universitario;Formación Técnica o Tecnológica.;Rara vez.;Taxis;"Por estudio;Por turismo";No poseo licencia, y tampoco estoy interesado en obtenerla en el momento.;No;;;;;;;Sí;Experiencia de negocio más personalizada;Falta de control en la entrega o devolución del vehículo;No;;;;No;;;;;Sí;"Por horas.;";🔴Prioridad Alta🔴;🟡Prioridad Media🟡;🟢Prioridad Baja🟢;🟡Prioridad Media🟡;🟢Prioridad Baja🟢;🟡Prioridad Media🟡;🟢Prioridad Baja🟢;🟡Prioridad Media🟡;🟡Prioridad Media🟡;🟢Prioridad Baja🟢;🟡Prioridad Media🟡;🔴Prioridad Alta🔴;Que el vehículo reciba un uso correcto;"Pueda configurar qué tipo de solicitudes quiero recibir, para luego aceptarlas o denegarlas.;";"No me encuentro interesado en rentar por horas.;";"Entre $200.000 a $250.000 el día.;";Por transacción bancaria inmediata, al finalizar el servicio;🔴Prioridad Alta🔴;🟡Prioridad Media🟡;🟡Prioridad Media🟡;🔴Prioridad Alta🔴;🟢Prioridad Baja🟢;;"Aceptaría pagar una comisión del 10% al 14% por servicio.;Aceptaría pagar una comisión del 15% o más por servicio.;Aceptaría pagar una comisión del 4% al 9% por servicio.;";No me llama la atención, gracias.;;;;;;;;;;;;;;;;;;;;;;;;Confusa;Neutral - Es un buen concepto que requiere más desarrollo.;Por llamada telefónica;4;[4, 6)
2025-05-20;02:14;Acepto.;18-25;Colombia;Kazan (Rusia);Masculino.;3 - (Medio);Soy estudiante en estudios superiores o universitario;Secundaria media (10° a 11°, o Vocacional, o Preparatoria).;Diariamente.;"Taxis;Buses municipales;SITP";Por estudio;No poseo licencia, pero estoy interesado en obtenerla pronto.;No;;;;;;;No;Posibilidad de generar ingresos como propietario del vehículo;Desconfianza frente a clientes / personas desconocidas;No;;;;No;;;;;No;;;;;;;;;;;;;;;;;;;;;;;;;;No me llama la atención, gracias.;;;;;;;;;;;;;;;;;;;;;;;;Clara;Probable - Me gustaría conocer más de la plataforma antes de entrar.;Por llamada telefónica;2;[2, 4)
2025-05-20;05:18;Acepto.;18-25;Colombia;Tunja (Boyacá);Femenino.;3 - (Medio);Soy estudiante en estudios superiores o universitario;Pregrado universitario (Grado o Licenciatura).;Únicamente entre semana.;"Buses municipales;Taxis;Otro: Plataformas digitales de transporte (servicios privados)";Por estudio;No poseo licencia, pero estoy interesado en obtenerla pronto.;No;;;;;;;Sí;"Mayor flexibilidad en horarios;Posibilidad de generar ingresos como propietario del vehículo;Diversidad de vehículos para rentar / arrendar;Promueve la economía colaborativa";"Posibles daños o mal uso del vehículo rentado;Falta de regulación por parte de entidades oficiales;Posible uso de vehículos para fines no autorizados";No;;;;No;;;;;No;;;;;;;;;;;;;;;;;;;;;;;;;;¡Sí, me apuntaría en el presente o en el futuro!;"Por días.;Por horas.;";🟡Prioridad Media🟡;🔴Prioridad Alta🔴;🔴Prioridad Alta🔴;🔴Prioridad Alta🔴;🔴Prioridad Alta🔴;🔴Prioridad Alta🔴;🔴Prioridad Alta🔴;🔴Prioridad Alta🔴;🟡Prioridad Media🟡;🟡Prioridad Media🟡;;"Entre $30.000 a $50.000 la hora.;";"Entre $250.000 a $350.000 el día.;";🟡Prioridad Media🟡;🔴Prioridad Alta🔴;🔴Prioridad Alta🔴;🔴Prioridad Alta🔴;🟡Prioridad Media🟡;🔴Prioridad Alta🔴;🔴Prioridad Alta🔴;🔴Prioridad Alta🔴;;Clara;Probable - Me gustaría conocer más de la plataforma antes de entrar.;Un chat en la plataforma;5;[4, 6)
2025-05-20;05:50;Acepto.;26-35;Colombia;;Femenino.;3 - (Medio);"Soy estudiante en estudios superiores o universitario;Estoy desempleado";Maestría (Estudios avanzados académicos o profesionales luego del posgrado).;En ninguna ocasión.;Otro: Servicios (informales);"Por trabajo;Por estudio";Poseo licencia de conducción vigente o próxima a renovar.;Sí;Diariamente.;Un único vehículo.;No, es un vehículo completamente propio.;Automóvil (carros, camionetas, entre otros);;;Sí;Mejor negociación en condiciones de arriendo;Posibles daños o mal uso del vehículo rentado;Sí;"A través de una plataforma web.;De forma independiente.;";"Buen margen de ganancias.;Transparencia en las condiciones del servicio.;";"Inseguridad o falta de protección frente a daños o mal uso.;";No;;;;;No;;;;;;;;;;;;;;;;;;;;;;;;;;No me llama la atención, gracias.;;;;;;;;;;;;;;;;;;;;;;;;Clara;Neutral - Es un buen concepto que requiere más desarrollo.;Un chat en la plataforma;5;[4, 6)
2025-05-20;12:59;Acepto.;46-55;Colombia;Bogotá D.C.;Femenino.;4 - (Medio Alto);Soy freelancer / independiente;Maestría (Estudios avanzados académicos o profesionales luego del posgrado).;Rara vez.;Buses intermunicipales;Por compromisos personales o familiares;Poseo licencia de conducción vigente o próxima a renovar.;No;;;;;;;Sí;Promueve la economía colaborativa;Posible uso de vehículos para fines no autorizados;No;;;;No;;;;;No;;;;;;;;;;;;;;;;;;;;;;;;;;¡Sí, me apuntaría en el presente o en el futuro!;"Por días.;";🔴Prioridad Alta🔴;🔴Prioridad Alta🔴;🔴Prioridad Alta🔴;🔴Prioridad Alta🔴;🔴Prioridad Alta🔴;🔴Prioridad Alta🔴;🔴Prioridad Alta🔴;🔴Prioridad Alta🔴;🔴Prioridad Alta🔴;🔴Prioridad Alta🔴;;"Entre $15.000 a $30.000 la hora.;";"Entre $100.000 a $150.000 el día.;";🔴Prioridad Alta🔴;🔴Prioridad Alta🔴;🔴Prioridad Alta🔴;🔴Prioridad Alta🔴;🔴Prioridad Alta🔴;🔴Prioridad Alta🔴;🔴Prioridad Alta🔴;🔴Prioridad Alta🔴;;Clara;Muy probable - Me gustaría inscribirme en la plataforma.;Por correo electrónico;12;[12, 14)
2025-05-20;14:05;Acepto.;26-35;Colombia;Gold Coast (Australia);Masculino.;4 - (Medio Alto);Soy empleado;Formación Técnica o Tecnológica.;Rara vez.;"Taxis;Buses municipales;SITP";"Por trabajo;Por compromisos personales o familiares;Por turismo";Poseo licencia de conducción vigente o próxima a renovar.;Sí;Diariamente.;Un único vehículo.;Ocasionalmente lo comparto con mi familia, amigos o conocidos.;Automóvil (carros, camionetas, entre otros);;;Sí;"Posibilidad de generar ingresos como propietario del vehículo;Diversidad de vehículos para rentar / arrendar;Promueve la economía colaborativa";"Posibles daños o mal uso del vehículo rentado;Posible uso de vehículos para fines no autorizados";No;;;;No;;;;;Sí;"A disposición personal.;";🔴Prioridad Alta🔴;🟡Prioridad Media🟡;🔴Prioridad Alta🔴;🔴Prioridad Alta🔴;🔴Prioridad Alta🔴;🟢Prioridad Baja🟢;🟡Prioridad Media🟡;🟢Prioridad Baja🟢;🔴Prioridad Alta🔴;🟡Prioridad Media🟡;🔴Prioridad Alta🔴;🟡Prioridad Media🟡;;"Reciba solicitudes y pueda aceptarlas o denegarlas.;Pueda configurar qué tipo de solicitudes quiero recibir, para luego aceptarlas o denegarlas.;";"Entre $30.000 a $50.000 la hora.;Entre $50.000 a $80.000 la hora.;";"Entre $150.000 a $200.000 el día.;Entre $200.000 a $250.000 el día.;Entre $250.000 a $350.000 el día.;Desde $350.000 en adelante.;";Por transacción bancaria inmediata, una vez aprobado el servicio por mí y el cliente;🟡Prioridad Media🟡;🔴Prioridad Alta🔴;🟡Prioridad Media🟡;🟡Prioridad Media🟡;🟢Prioridad Baja🟢;;"Aceptaría pagar una comisión del 10% al 14% por servicio.;Aceptaría pagar una comisión del 15% o más por servicio.;";¡Sí, me apuntaría en el presente o en el futuro!;"Por horas.;Por días.;Por semanas.;";🔴Prioridad Alta🔴;🟡Prioridad Media🟡;🔴Prioridad Alta🔴;🔴Prioridad Alta🔴;🟡Prioridad Media🟡;🔴Prioridad Alta🔴;🟡Prioridad Media🟡;🟡Prioridad Media🟡;🟢Prioridad Baja🟢;🔴Prioridad Alta🔴;;"Entre $30.000 a $50.000 la hora.;Entre $50.000 a $80.000 la hora.;Desde $80.000 en adelante.;";"Entre $150.000 a $200.000 el día.;Entre $200.000 a $250.000 el día.;Entre $250.000 a $350.000 el día.;Desde $350.000 en adelante.;";🟡Prioridad Media🟡;🟢Prioridad Baja🟢;🔴Prioridad Alta🔴;🔴Prioridad Alta🔴;🔴Prioridad Alta🔴;🟡Prioridad Media🟡;🟡Prioridad Media🟡;🔴Prioridad Alta🔴;;Clara;Probable - Me gustaría conocer más de la plataforma antes de entrar.;Por correo electrónico;14;[14, 16)
2025-05-20;19:58;Acepto.;56-65;Colombia;Villanueva (Casanare);Masculino.;3 - (Medio);"Soy empleado;Estoy jubilado / pensionado / retirado;Soy freelancer / independiente";Secundaria media (10° a 11°, o Vocacional, o Preparatoria).;Únicamente los fines de semana.;Buses municipales;Por trabajo;Poseo licencia de conducción vigente o próxima a renovar.;Sí;Diariamente.;Un único vehículo.;No, es un vehículo completamente propio.;Automóvil (carros, camionetas, entre otros);;;Sí;Posibilidad de generar ingresos como propietario del vehículo;Posibles daños o mal uso del vehículo rentado;Sí;"A través de una empresa o entidad presencial.;";"Buen margen de ganancias.;";"Inseguridad o falta de protección frente a daños o mal uso.;";Sí;Colombia;;"Acompañamiento y buen trato durante el proceso.;";Trato poco profesional o desinteresado;No;;;;;;;;;;;;;;;;;;;;;;;;;;No me llama la atención, gracias.;;;;;;;;;;;;;;;;;;;;;;;;Clara;Probable - Me gustaría conocer más de la plataforma antes de entrar.;Por llamada telefónica;19;[18, 20)
2025-05-20;35:29;Acepto.;16-17;Colombia;Facatativá (Cundinamarca);Femenino.;3 - (Medio);Soy estudiante de secundaria;Secundaria media (10° a 11°, o Vocacional, o Preparatoria).;Rara vez.;"Buses municipales;Taxis;Buses intermunicipales";Por compromisos personales o familiares;No poseo licencia, y tampoco estoy interesado en obtenerla en el momento.;No;;;;;;;No;"Posibilidad de generar ingresos como propietario del vehículo;Diversidad de vehículos para rentar / arrendar;Promueve la economía colaborativa;Aprovechamiento de vehículos particulares inactivos";"Posibles daños o mal uso del vehículo rentado;Desconfianza frente a clientes / personas desconocidas;Posible uso de vehículos para fines no autorizados;Falta de control en la entrega o devolución del vehículo";No;;;;No;;;;;Sí;"Por horas.;Solo los fines de semana.;";🔴Prioridad Alta🔴;🔴Prioridad Alta🔴;🔴Prioridad Alta🔴;🔴Prioridad Alta🔴;🔴Prioridad Alta🔴;🔴Prioridad Alta🔴;🔴Prioridad Alta🔴;🔴Prioridad Alta🔴;🔴Prioridad Alta🔴;🔴Prioridad Alta🔴;🔴Prioridad Alta🔴;🔴Prioridad Alta🔴;;"Reciba solicitudes y pueda aceptarlas o denegarlas.;Pueda configurar qué tipo de solicitudes quiero recibir, para luego aceptarlas o denegarlas.;Pueda confiar en la plataforma para que me consulten, o ellos mismos acepten y denieguen un servicio que me solicitan.;";"Entre $30.000 a $50.000 la hora.;";"Entre $200.000 a $250.000 el día.;";"En efectivo, antes de entregar el vehículo al cliente;Por transacción bancaria inmediata, una vez aprobado el servicio por mí y el cliente";🔴Prioridad Alta🔴;🔴Prioridad Alta🔴;🟡Prioridad Media🟡;🟡Prioridad Media🟡;🔴Prioridad Alta🔴;;"Aceptaría pagar una comisión del 4% al 9% por servicio.;";¡Sí, me apuntaría en el presente o en el futuro!;"Por exclusividad con el propietario.;";🔴Prioridad Alta🔴;🔴Prioridad Alta🔴;🔴Prioridad Alta🔴;🔴Prioridad Alta🔴;🔴Prioridad Alta🔴;🔴Prioridad Alta🔴;🔴Prioridad Alta🔴;🔴Prioridad Alta🔴;🔴Prioridad Alta🔴;🟡Prioridad Media🟡;;"Entre $30.000 a $50.000 la hora.;";"Entre $200.000 a $250.000 el día.;";🔴Prioridad Alta🔴;🔴Prioridad Alta🔴;🔴Prioridad Alta🔴;🔴Prioridad Alta🔴;🔴Prioridad Alta🔴;🔴Prioridad Alta🔴;🔴Prioridad Alta🔴;🔴Prioridad Alta🔴;;Clara;Probable - Me gustaría conocer más de la plataforma antes de entrar.;"Un chat en la plataforma;Por chat con asesor mediante Whatsapp";35;[34, 36)
2025-05-20;02:32;Acepto.;26-35;Colombia;Bogotá D.C.;Femenino.;4 - (Medio Alto);Soy empleado;Especialización o Diplomado de Posgrado (estudios posteriores con enfoque técnico o profesional).;Únicamente entre semana.;SITP;Por trabajo;No poseo licencia, pero estoy interesado en obtenerla pronto.;No;;;;;;;Sí;Mejor negociación en condiciones de arriendo;Posibles daños o mal uso del vehículo rentado;No;;;;No;;;;;No;;;;;;;;;;;;;;;;;;;;;;;;;;No me llama la atención, gracias.;;;;;;;;;;;;;;;;;;;;;;;;Clara;Neutral - Es un buen concepto que requiere más desarrollo.;Por llamada telefónica;2;[2, 4)
2025-05-20;11:11;Acepto.;18-25;Colombia;Tibasosa (Boyacá);Masculino.;2 - (Bajo - Medio);Soy estudiante en estudios superiores o universitario;Pregrado universitario (Grado o Licenciatura).;Únicamente entre semana.;"Buses municipales;Buses intermunicipales";"Por trabajo;Por estudio";Poseo licencia de conducción vigente o próxima a renovar.;Sí;Solo durante fines de semana.;Un único vehículo.;Sí, es un vehículo compartido con familiares, amigos o conocidos.;Motocicleta;;;Sí;"Mayor flexibilidad en horarios;Mejor negociación en condiciones de arriendo;Posibilidad de generar ingresos como propietario del vehículo";Posibles daños o mal uso del vehículo rentado;No;;;;No;;;;;Sí;"Por horas.;Por días (cualquier día).;";🔴Prioridad Alta🔴;🔴Prioridad Alta🔴;🟡Prioridad Media🟡;🔴Prioridad Alta🔴;🟡Prioridad Media🟡;🟡Prioridad Media🟡;🔴Prioridad Alta🔴;🔴Prioridad Alta🔴;🟡Prioridad Media🟡;🔴Prioridad Alta🔴;🔴Prioridad Alta🔴;🟡Prioridad Media🟡;;"Reciba solicitudes y pueda aceptarlas o denegarlas.;Pueda configurar qué tipo de solicitudes quiero recibir, para luego aceptarlas o denegarlas.;";"Entre $30.000 a $50.000 la hora.;";"Entre $150.000 a $200.000 el día.;";"En efectivo, antes de entregar el vehículo al cliente;Por transacción bancaria inmediata, una vez aprobado el servicio por mí y el cliente;Por transacción bancaria inmediata, al finalizar el servicio";🟡Prioridad Media🟡;🔴Prioridad Alta🔴;🟡Prioridad Media🟡;🔴Prioridad Alta🔴;🟡Prioridad Media🟡;;"Aceptaría pagar una comisión del 4% al 9% por servicio.;Preferiría pagar una suscripción mensual.;";¡Sí, me apuntaría en el presente o en el futuro!;"Por horas.;Por días.;Por meses.;";🔴Prioridad Alta🔴;🔴Prioridad Alta🔴;🔴Prioridad Alta🔴;🔴Prioridad Alta🔴;🟡Prioridad Media🟡;🔴Prioridad Alta🔴;🔴Prioridad Alta🔴;🟡Prioridad Media🟡;🔴Prioridad Alta🔴;🔴Prioridad Alta🔴;;"Entre $15.000 a $30.000 la hora.;";"Entre $100.000 a $150.000 el día.;";🟡Prioridad Media🟡;🔴Prioridad Alta🔴;🔴Prioridad Alta🔴;🟡Prioridad Media🟡;🟡Prioridad Media🟡;🔴Prioridad Alta🔴;🔴Prioridad Alta🔴;🔴Prioridad Alta🔴;;Clara;Muy probable - Me gustaría inscribirme en la plataforma.;"Un chat en la plataforma;Por chat con asesor mediante Whatsapp;Por llamada telefónica";11;[10, 12)
2025-05-20;16:48;Acepto.;36-45;Colombia;Barbosa (Santander);Femenino.;3 - (Medio);Soy empleado;Especialización o Diplomado de Posgrado (estudios posteriores con enfoque técnico o profesional).;Únicamente los fines de semana.;Taxis;Por turismo;Poseo licencia de conducción vigente o próxima a renovar.;Sí;Solo durante fines de semana.;Un único vehículo.;Sí, es un vehículo compartido con familiares, amigos o conocidos.;Automóvil (carros, camionetas, entre otros);;;Sí;Posibilidad de generar ingresos como propietario del vehículo;"Posibles daños o mal uso del vehículo rentado;Posible uso de vehículos para fines no autorizados";No;;;;No;;;;;Sí;"A disposición personal.;";🔴Prioridad Alta🔴;🔴Prioridad Alta🔴;🔴Prioridad Alta🔴;🔴Prioridad Alta🔴;🟡Prioridad Media🟡;🟡Prioridad Media🟡;🔴Prioridad Alta🔴;🟡Prioridad Media🟡;🟡Prioridad Media🟡;🔴Prioridad Alta🔴;🔴Prioridad Alta🔴;🟡Prioridad Media🟡;;"Pueda confiar en la plataforma para que me consulten, o ellos mismos acepten y denieguen un servicio que me solicitan.;";"Desde $80.000 en adelante.;";"Desde $350.000 en adelante.;";Por transacción bancaria inmediata, una vez aprobado el servicio por mí y el cliente;🟡Prioridad Media🟡;🔴Prioridad Alta🔴;🟡Prioridad Media🟡;🔴Prioridad Alta🔴;🟡Prioridad Media🟡;;"Preferiría pagar una suscripción mensual.;";¡Sí, me apuntaría en el presente o en el futuro!;"Por exclusividad con el propietario.;";🟡Prioridad Media🟡;🟡Prioridad Media🟡;🔴Prioridad Alta🔴;🔴Prioridad Alta🔴;🔴Prioridad Alta🔴;🟡Prioridad Media🟡;🔴Prioridad Alta🔴;🔴Prioridad Alta🔴;🟡Prioridad Media🟡;🟡Prioridad Media🟡;;"Desde $80.000 en adelante.;";"Desde $350.000 en adelante.;";🟡Prioridad Media🟡;🔴Prioridad Alta🔴;🟡Prioridad Media🟡;🔴Prioridad Alta🔴;🔴Prioridad Alta🔴;🔴Prioridad Alta🔴;🔴Prioridad Alta🔴;🔴Prioridad Alta🔴;;Clara;Probable - Me gustaría conocer más de la plataforma antes de entrar.;"Un chat en la plataforma;Por llamada telefónica;Por chat con asesor mediante Whatsapp";16;[16, 18)
2025-05-20;10:00;Acepto.;18-25;Colombia;Cajicá (Cundinamarca);Femenino.;4 - (Medio Alto);"Soy empleado;Soy estudiante en estudios superiores o universitario";Pregrado universitario (Grado o Licenciatura).;Diariamente.;"Buses intermunicipales;SITP";Por trabajo;No poseo licencia, pero estoy interesado en obtenerla pronto.;Sí;Solo durante fines de semana.;Un único vehículo.;Ocasionalmente lo comparto con mi familia, amigos o conocidos.;Automóvil (carros, camionetas, entre otros);;;No;"Posibilidad de generar ingresos como propietario del vehículo;Diversidad de vehículos para rentar / arrendar;Promueve la economía colaborativa";Desconfianza frente a clientes / personas desconocidas;No;;;;Sí;Colombia;Localiza;"Facilidad en el acceso al servicio.;Rapidez en los tiempos de respuesta.;";"Lentitud en tiempos de atención y respuesta;Dificultad al usar las tecnologías indicadas";Sí;"Por días (cualquier día).;";🔴Prioridad Alta🔴;🔴Prioridad Alta🔴;🔴Prioridad Alta🔴;🔴Prioridad Alta🔴;🔴Prioridad Alta🔴;🔴Prioridad Alta🔴;🔴Prioridad Alta🔴;🔴Prioridad Alta🔴;🔴Prioridad Alta🔴;🔴Prioridad Alta🔴;🔴Prioridad Alta🔴;🔴Prioridad Alta🔴;Que el vehículo reciba un uso correcto;"Pueda configurar qué tipo de solicitudes quiero recibir, para luego aceptarlas o denegarlas.;";"Entre $30.000 a $50.000 la hora.;";"Entre $150.000 a $200.000 el día.;";Por transacción bancaria inmediata, una vez aprobado el servicio por mí y el cliente;🟡Prioridad Media🟡;🔴Prioridad Alta🔴;🔴Prioridad Alta🔴;🔴Prioridad Alta🔴;🔴Prioridad Alta🔴;;"Aceptaría pagar una comisión del 4% al 9% por servicio.;";¡Sí, me apuntaría en el presente o en el futuro!;"Por semanas.;Por días.;";🔴Prioridad Alta🔴;🔴Prioridad Alta🔴;🔴Prioridad Alta🔴;🔴Prioridad Alta🔴;🔴Prioridad Alta🔴;🔴Prioridad Alta🔴;🔴Prioridad Alta🔴;🔴Prioridad Alta🔴;🔴Prioridad Alta🔴;🔴Prioridad Alta🔴;;"Entre $30.000 a $50.000 la hora.;";"Entre $150.000 a $200.000 el día.;";🔴Prioridad Alta🔴;🔴Prioridad Alta🔴;🔴Prioridad Alta🔴;🔴Prioridad Alta🔴;🔴Prioridad Alta🔴;🔴Prioridad Alta🔴;🔴Prioridad Alta🔴;🔴Prioridad Alta🔴;;Clara;Probable - Me gustaría conocer más de la plataforma antes de entrar.;Por chat con asesor mediante Whatsapp;10;[10, 12)
2025-05-20;10:56;Acepto.;46-55;Colombia;Bogotá D.C.;Masculino.;4 - (Medio Alto);Soy empleado;Formación Técnica o Tecnológica.;Únicamente entre semana.;Buses municipales;Por trabajo;Poseo licencia de conducción vigente o próxima a renovar.;Sí;Diariamente.;Un único vehículo.;Sí, es un vehículo compartido con familiares, amigos o conocidos.;Automóvil (carros, camionetas, entre otros);;;Sí;Mayor flexibilidad en horarios;Posibles daños o mal uso del vehículo rentado;No;;;;No;;;;;Sí;"Por horas.;";🔴Prioridad Alta🔴;🔴Prioridad Alta🔴;🔴Prioridad Alta🔴;🔴Prioridad Alta🔴;🔴Prioridad Alta🔴;🔴Prioridad Alta🔴;🔴Prioridad Alta🔴;🔴Prioridad Alta🔴;🔴Prioridad Alta🔴;🔴Prioridad Alta🔴;🔴Prioridad Alta🔴;🔴Prioridad Alta🔴;;"Reciba solicitudes y pueda aceptarlas o denegarlas.;";"Entre $15.000 a $30.000 la hora.;";"Entre $100.000 a $150.000 el día.;";Por transacción bancaria inmediata, al finalizar el servicio;🟡Prioridad Media🟡;🔴Prioridad Alta🔴;🔴Prioridad Alta🔴;🔴Prioridad Alta🔴;🔴Prioridad Alta🔴;;"Preferiría pagar una suscripción mensual.;";¡Sí, me apuntaría en el presente o en el futuro!;"Por meses.;";🔴Prioridad Alta🔴;🔴Prioridad Alta🔴;🔴Prioridad Alta🔴;🔴Prioridad Alta🔴;🔴Prioridad Alta🔴;🔴Prioridad Alta🔴;🔴Prioridad Alta🔴;🔴Prioridad Alta🔴;🔴Prioridad Alta🔴;🔴Prioridad Alta🔴;;"Entre $15.000 a $30.000 la hora.;";"Entre $150.000 a $200.000 el día.;";🔴Prioridad Alta🔴;🔴Prioridad Alta🔴;🔴Prioridad Alta🔴;🔴Prioridad Alta🔴;🔴Prioridad Alta🔴;🔴Prioridad Alta🔴;🔴Prioridad Alta🔴;🔴Prioridad Alta🔴;;Clara;Muy probable - Me gustaría inscribirme en la plataforma.;Por correo electrónico;10;[10, 12)
2025-05-21;06:50;Acepto.;18-25;Colombia;Yopal (Casanare);Femenino.;2 - (Bajo - Medio);Soy estudiante en estudios superiores o universitario;Secundaria media (10° a 11°, o Vocacional, o Preparatoria).;Rara vez.;Taxis;Por estudio;Poseo licencia de conducción vigente o próxima a renovar.;No;;;;;;;No;Mayor flexibilidad en horarios;Posibles daños o mal uso del vehículo rentado;No;;;;No;;;;;Sí;"Por horas.;";🔴Prioridad Alta🔴;🔴Prioridad Alta🔴;🔴Prioridad Alta🔴;🔴Prioridad Alta🔴;🔴Prioridad Alta🔴;🔴Prioridad Alta🔴;🔴Prioridad Alta🔴;🟡Prioridad Media🟡;🔴Prioridad Alta🔴;🔴Prioridad Alta🔴;🔴Prioridad Alta🔴;🔴Prioridad Alta🔴;;"Reciba solicitudes y pueda aceptarlas o denegarlas.;";"Entre $15.000 a $30.000 la hora.;";"No me encuentro interesado en rentar por días.;";En efectivo, antes de entregar el vehículo al cliente;🔴Prioridad Alta🔴;🔴Prioridad Alta🔴;🔴Prioridad Alta🔴;🔴Prioridad Alta🔴;🔴Prioridad Alta🔴;;"No estaría interesado en pagar comisión alguna.;";¡Sí, me apuntaría en el presente o en el futuro!;"Por horas.;";🔴Prioridad Alta🔴;🔴Prioridad Alta🔴;🔴Prioridad Alta🔴;🔴Prioridad Alta🔴;🔴Prioridad Alta🔴;🔴Prioridad Alta🔴;🔴Prioridad Alta🔴;🔴Prioridad Alta🔴;🔴Prioridad Alta🔴;🔴Prioridad Alta🔴;;"Entre $15.000 a $30.000 la hora.;";"No me encuentro interesado en rentar por días.;";🔴Prioridad Alta🔴;🔴Prioridad Alta🔴;🔴Prioridad Alta🔴;🔴Prioridad Alta🔴;🔴Prioridad Alta🔴;🔴Prioridad Alta🔴;🔴Prioridad Alta🔴;🔴Prioridad Alta🔴;;Clara;Neutral - Es un buen concepto que requiere más desarrollo.;"Un chat en la plataforma;Por chat con asesor mediante Whatsapp";6;[6, 8)
2025-05-21;03:21;Acepto.;18-25;Colombia;Rusia;Masculino.;2 - (Bajo - Medio);Soy estudiante en estudios superiores o universitario;Pregrado universitario (Grado o Licenciatura).;Diariamente.;"Taxis;SITP;Buses municipales";Por estudio;No poseo licencia, pero estoy interesado en obtenerla pronto.;No;;;;;;;No;Aprovechamiento de vehículos particulares inactivos;Posibles daños o mal uso del vehículo rentado;No;;;;No;;;;;No;;;;;;;;;;;;;;;;;;;;;;;;;;No me llama la atención, gracias.;;;;;;;;;;;;;;;;;;;;;;;;Confusa;Muy improbable - No me encuentro interesado o no hay una mercado de interés.;Por chat con asesor mediante Whatsapp;3;[2, 4)
2025-05-21;04:04;Acepto.;56-65;Colombia;Rusia;Masculino.;6 - (Muy Alto);"Soy empleado;Soy estudiante en estudios superiores o universitario";Pregrado universitario (Grado o Licenciatura).;Únicamente los fines de semana.;Buses intermunicipales;Por estudio;No poseo licencia, y tampoco estoy interesado en obtenerla en el momento.;No;;;;;;;Sí;"Promueve la economía colaborativa;Experiencia de negocio más personalizada";"Posible uso de vehículos para fines no autorizados;Falta de regulación por parte de entidades oficiales";Sí;"A través de una plataforma web.;";"Buena gestión por parte de la entidad sobre el vehículo.;Seguridad en el proceso de entrega y devolución en el vehículo.;";"Logística y administración complejas y confusas.;Baja visibilidad de mi(s) vehículo(s) para los clientes potenciales.;";No;;;;;Sí;"Por días (cualquier día).;";🟡Prioridad Media🟡;🟡Prioridad Media🟡;🔴Prioridad Alta🔴;🟡Prioridad Media🟡;🟡Prioridad Media🟡;🟡Prioridad Media🟡;🟡Prioridad Media🟡;🟡Prioridad Media🟡;🔴Prioridad Alta🔴;🟡Prioridad Media🟡;🔴Prioridad Alta🔴;🟡Prioridad Media🟡;;"Reciba solicitudes y pueda aceptarlas o denegarlas.;Pueda configurar qué tipo de solicitudes quiero recibir, para luego aceptarlas o denegarlas.;Pueda confiar en la plataforma para que me consulten, o ellos mismos acepten y denieguen un servicio que me solicitan.;";"Entre $15.000 a $30.000 la hora.;";"Entre $100.000 a $150.000 el día.;";En efectivo, cuando el cliente devuelve el vehículo;🔴Prioridad Alta🔴;🟡Prioridad Media🟡;🟢Prioridad Baja🟢;🟡Prioridad Media🟡;🔴Prioridad Alta🔴;;"Preferiría pagar una suscripción mensual.;Aceptaría pagar una comisión del 4% al 9% por servicio.;";¡Sí, me apuntaría en el presente o en el futuro!;"Por días.;Por semanas.;";🔴Prioridad Alta🔴;🟡Prioridad Media🟡;🟡Prioridad Media🟡;🔴Prioridad Alta🔴;🟡Prioridad Media🟡;🟡Prioridad Media🟡;🟡Prioridad Media🟡;🟡Prioridad Media🟡;🟡Prioridad Media🟡;🔴Prioridad Alta🔴;;"Entre $30.000 a $50.000 la hora.;Entre $50.000 a $80.000 la hora.;";"Entre $150.000 a $200.000 el día.;Entre $200.000 a $250.000 el día.;";🟡Prioridad Media🟡;🔴Prioridad Alta🔴;🟡Prioridad Media🟡;🔴Prioridad Alta🔴;🟡Prioridad Media🟡;🔴Prioridad Alta🔴;🟡Prioridad Media🟡;🔴Prioridad Alta🔴;;Clara;Improbable - Es un buen concepto con difícil ejecución.;Por llamada telefónica;4;[4, 6)
2025-05-21;09:07;Acepto.;26-35;Colombia;Funza (Cundinamarca);Femenino.;2 - (Bajo - Medio);"Soy empleado;Soy estudiante en estudios superiores o universitario";Formación Técnica o Tecnológica.;Rara vez.;;Por trabajo;No poseo licencia, y tampoco estoy interesado en obtenerla en el momento.;Sí;Diariamente.;Un único vehículo.;No, es un vehículo completamente propio.;Otro: Bicicleta convencional;;;Sí;"Mayor flexibilidad en horarios;Mejor negociación en condiciones de arriendo;Posibilidad de generar ingresos como propietario del vehículo;Diversidad de vehículos para rentar / arrendar;Experiencia de negocio más personalizada;Promueve la economía colaborativa;Aprovechamiento de vehículos particulares inactivos";"Posibles daños o mal uso del vehículo rentado;Desconfianza frente a clientes / personas desconocidas";No;;;;No;;;;;Sí;"Solo durante semana (lunes a viernes).;";🔴Prioridad Alta🔴;🔴Prioridad Alta🔴;🔴Prioridad Alta🔴;🔴Prioridad Alta🔴;🔴Prioridad Alta🔴;🔴Prioridad Alta🔴;🔴Prioridad Alta🔴;🔴Prioridad Alta🔴;🔴Prioridad Alta🔴;🔴Prioridad Alta🔴;🔴Prioridad Alta🔴;🔴Prioridad Alta🔴;Elementos de Seguridad Vial y Protección personal por parte del arrendador;"Reciba solicitudes y pueda aceptarlas o denegarlas.;Pueda configurar qué tipo de solicitudes quiero recibir, para luego aceptarlas o denegarlas.;Pueda confiar en la plataforma para que me consulten, o ellos mismos acepten y denieguen un servicio que me solicitan.;";"Entre $30.000 a $50.000 la hora.;";"Entre $100.000 a $150.000 el día.;Entre $150.000 a $200.000 el día.;Entre $200.000 a $250.000 el día.;";"Por transacción bancaria inmediata, una vez aprobado el servicio por mí y el cliente;En efectivo, antes de entregar el vehículo al cliente;En efectivo, cuando el cliente devuelve el vehículo;Por transacción bancaria inmediata, al finalizar el servicio";🔴Prioridad Alta🔴;🔴Prioridad Alta🔴;🔴Prioridad Alta🔴;🔴Prioridad Alta🔴;🔴Prioridad Alta🔴;Revisar 40B;"Preferiría pagar una suscripción mensual.;";¡Sí, me apuntaría en el presente o en el futuro!;"Por días.;Por semanas.;";🔴Prioridad Alta🔴;🔴Prioridad Alta🔴;🔴Prioridad Alta🔴;🔴Prioridad Alta🔴;🔴Prioridad Alta🔴;🔴Prioridad Alta🔴;🔴Prioridad Alta🔴;🔴Prioridad Alta🔴;🔴Prioridad Alta🔴;🔴Prioridad Alta🔴;Revisar 49G;"Entre $15.000 a $30.000 la hora.;Entre $30.000 a $50.000 la hora.;";"Entre $100.000 a $150.000 el día.;Entre $150.000 a $200.000 el día.;Entre $200.000 a $250.000 el día.;";🔴Prioridad Alta🔴;🔴Prioridad Alta🔴;🔴Prioridad Alta🔴;🔴Prioridad Alta🔴;🔴Prioridad Alta🔴;🔴Prioridad Alta🔴;🔴Prioridad Alta🔴;🔴Prioridad Alta🔴;Revisar 49H;Clara;Muy probable - Me gustaría inscribirme en la plataforma.;"Un chat en la plataforma;Por correo electrónico;Por llamada telefónica;Por chat con asesor mediante Whatsapp;Con un chatbot (Sea por plataforma, Whatsapp, u otro medio.)";9;[8, 10)
2025-05-21;41:45;Acepto.;18-25;Colombia;Tunja (Boyacá);Femenino.;3 - (Medio);Soy estudiante en estudios superiores o universitario;Formación Técnica o Tecnológica.;Rara vez.;Buses municipales;Por compromisos personales o familiares;No poseo licencia, pero estoy interesado en obtenerla pronto.;No;;;;;;;Sí;"Mayor flexibilidad en horarios;Experiencia de negocio más personalizada;Mejor negociación en condiciones de arriendo;Diversidad de vehículos para rentar / arrendar";"Posibles daños o mal uso del vehículo rentado;Posible uso de vehículos para fines no autorizados";No;;;;No;;;;;No;;;;;;;;;;;;;;;;;;;;;;;;;;No me llama la atención, gracias.;;;;;;;;;;;;;;;;;;;;;;;;Clara;Neutral - Es un buen concepto que requiere más desarrollo.;Por chat con asesor mediante Whatsapp;41;[40, 42)
2025-05-21;03:06;Acepto.;18-25;Colombia;Tunja (Boyacá);Masculino.;6 - (Muy Alto);Soy estudiante en estudios superiores o universitario;Secundaria media (10° a 11°, o Vocacional, o Preparatoria).;Únicamente entre semana.;"Buses municipales;Buses intermunicipales";"Por estudio;Por trabajo";Poseo licencia de conducción vigente o próxima a renovar.;Sí;Solo entre semana laboral.;Varios vehículos.;;;"Sí, comparto mi vehículo personal con familiares, amigos o conocidos.;No, son vehículos completamente propios.;";"Moticicleta;Automóvil (carros, camionetas, entre otros);";Sí;"Mayor flexibilidad en horarios;Mejor negociación en condiciones de arriendo";"Desconfianza frente a clientes / personas desconocidas;Posible uso de vehículos para fines no autorizados";Sí;"A través de una empresa o entidad presencial.;";"Control sobre las decisiones tomadas sobre el vehículo.;Buena gestión por parte de la entidad sobre el vehículo.;";"Logística y administración complejas y confusas.;Inseguridad o falta de protección frente a daños o mal uso.;";Sí;Colombia;;"Transparencia en la información brindada.;Eficacia en la solución de problemas y dudas.;";"Trato poco profesional o desinteresado;Falta de información en el servicio o vehículo a recibir";Sí;"Solo los fines de semana.;Por días (cualquier día).;";🟡Prioridad Media🟡;🔴Prioridad Alta🔴;🟡Prioridad Media🟡;🟡Prioridad Media🟡;🔴Prioridad Alta🔴;🔴Prioridad Alta🔴;🟡Prioridad Media🟡;🟡Prioridad Media🟡;🟡Prioridad Media🟡;🟡Prioridad Media🟡;🔴Prioridad Alta🔴;🟡Prioridad Media🟡;;"Reciba solicitudes y pueda aceptarlas o denegarlas.;Pueda confiar en la plataforma para que me consulten, o ellos mismos acepten y denieguen un servicio que me solicitan.;";"Entre $15.000 a $30.000 la hora.;";"Entre $100.000 a $150.000 el día.;";"En efectivo, cuando el cliente devuelve el vehículo;Por transacción bancaria inmediata, al finalizar el servicio";🟡Prioridad Media🟡;🟢Prioridad Baja🟢;🟡Prioridad Media🟡;🟢Prioridad Baja🟢;🟢Prioridad Baja🟢;;"Aceptaría pagar una comisión del 4% al 9% por servicio.;Aceptaría pagar una comisión del 10% al 14% por servicio.;";¡Sí, me apuntaría en el presente o en el futuro!;"Por días.;Por semanas.;";🟢Prioridad Baja🟢;🟢Prioridad Baja🟢;🟡Prioridad Media🟡;🟡Prioridad Media🟡;🟢Prioridad Baja🟢;🟢Prioridad Baja🟢;🟢Prioridad Baja🟢;🟡Prioridad Media🟡;🟡Prioridad Media🟡;🟡Prioridad Media🟡;;"Entre $15.000 a $30.000 la hora.;";"Entre $100.000 a $150.000 el día.;";🟡Prioridad Media🟡;🟢Prioridad Baja🟢;🟡Prioridad Media🟡;🟡Prioridad Media🟡;🟢Prioridad Baja🟢;🟡Prioridad Media🟡;🟢Prioridad Baja🟢;🟡Prioridad Media🟡;;Clara;Muy probable - Me gustaría inscribirme en la plataforma.;"Un chat en la plataforma;Por llamada telefónica";3;[2, 4)
2025-05-21;01:31;Acepto.;18-25;Colombia;Tunja (Boyacá);Masculino.;4 - (Medio Alto);Soy estudiante en estudios superiores o universitario;Pregrado universitario (Grado o Licenciatura).;Diariamente.;"Taxis;Buses municipales";Por estudio;Poseo licencia de conducción vigente o próxima a renovar.;Sí;Solo entre semana laboral.;Un único vehículo.;Ocasionalmente lo comparto con mi familia, amigos o conocidos.;Automóvil (carros, camionetas, entre otros);;;Sí;"Diversidad de vehículos para rentar / arrendar;Posibilidad de generar ingresos como propietario del vehículo";"Posible uso de vehículos para fines no autorizados;Desconfianza frente a clientes / personas desconocidas";Sí;"A través de una empresa o entidad presencial.;A través de una plataforma web.;";"Buena gestión por parte de la entidad sobre el vehículo.;Acompañamiento en los trámites y documentación.;";"Decisiones arbitrarias por parte de la entidad sobre el vehículo propio.;Logística y administración complejas y confusas.;";No;;;;;No;;;;;;;;;;;;;;;;;;;;;;;;;;No me llama la atención, gracias.;;;;;;;;;;;;;;;;;;;;;;;;Confusa;Muy probable - Me gustaría inscribirme en la plataforma.;Un chat en la plataforma;1;[0, 2)
2025-05-21;02:03;Acepto.;18-25;Colombia;Yopal (Casanare);Masculino.;1 - (Bajo);Soy estudiante en estudios superiores o universitario;Pregrado universitario (Grado o Licenciatura).;Rara vez.;Taxis;Por estudio;Poseo licencia de conducción vigente o próxima a renovar.;Sí;Diariamente.;Un único vehículo.;Sí, es un vehículo compartido con familiares, amigos o conocidos.;Motocicleta;;;No;Mayor flexibilidad en horarios;Posibles daños o mal uso del vehículo rentado;No;;;;No;;;;;No;;;;;;;;;;;;;;;;;;;;;;;;;;No me llama la atención, gracias.;;;;;;;;;;;;;;;;;;;;;;;;Clara;Improbable - Es un buen concepto con difícil ejecución.;Por correo electrónico;2;[2, 4)
2025-05-21;10:07;Acepto.;26-35;Colombia;Bogotá D.C.;Femenino.;2 - (Bajo - Medio);Soy empleado;Especialización o Diplomado de Posgrado (estudios posteriores con enfoque técnico o profesional).;Diariamente.;"Buses municipales;SITP";"Por trabajo;Por compromisos personales o familiares;Por turismo";No poseo licencia, pero estoy interesado en obtenerla pronto.;No;;;;;;;Sí;"Promueve la economía colaborativa;Aprovechamiento de vehículos particulares inactivos";"Posibles daños o mal uso del vehículo rentado;Posible uso de vehículos para fines no autorizados;Falta de control en la entrega o devolución del vehículo";No;;;;No;;;;;Sí;"Por días (cualquier día).;";🔴Prioridad Alta🔴;🔴Prioridad Alta🔴;🔴Prioridad Alta🔴;🔴Prioridad Alta🔴;🟡Prioridad Media🟡;🟡Prioridad Media🟡;🟡Prioridad Media🟡;🔴Prioridad Alta🔴;🟡Prioridad Media🟡;🟡Prioridad Media🟡;🟡Prioridad Media🟡;🟡Prioridad Media🟡;;"Pueda configurar qué tipo de solicitudes quiero recibir, para luego aceptarlas o denegarlas.;";"No me encuentro interesado en rentar por horas.;";"Entre $150.000 a $200.000 el día.;";"En efectivo, antes de entregar el vehículo al cliente;Por transacción bancaria inmediata, una vez aprobado el servicio por mí y el cliente;Un respaldo con un pagaré automatizado por transferencia bancaria al finalizar el servicio por medio de Flex Drive";🔴Prioridad Alta🔴;🔴Prioridad Alta🔴;🟡Prioridad Media🟡;🟡Prioridad Media🟡;🟡Prioridad Media🟡;;"Preferiría pagar una suscripción mensual.;";¡Sí, me apuntaría en el presente o en el futuro!;"Por días.;";🟡Prioridad Media🟡;🟡Prioridad Media🟡;🔴Prioridad Alta🔴;🔴Prioridad Alta🔴;🟡Prioridad Media🟡;🔴Prioridad Alta🔴;🔴Prioridad Alta🔴;🔴Prioridad Alta🔴;🟡Prioridad Media🟡;🔴Prioridad Alta🔴;;"No me encuentro interesado en rentar por horas.;";"Entre $100.000 a $150.000 el día.;";🟡Prioridad Media🟡;🟡Prioridad Media🟡;🔴Prioridad Alta🔴;🔴Prioridad Alta🔴;🔴Prioridad Alta🔴;🔴Prioridad Alta🔴;🟡Prioridad Media🟡;🟡Prioridad Media🟡;;Clara;Neutral - Es un buen concepto que requiere más desarrollo.;"Un chat en la plataforma;Por chat con asesor mediante Whatsapp";10;[10, 12)
2025-05-22;15:24;Acepto.;18-25;Colombia;Sogamoso (Boyacá);Masculino.;2 - (Bajo - Medio);Soy estudiante en estudios superiores o universitario;Pregrado universitario (Grado o Licenciatura).;Únicamente los fines de semana.;"Buses intermunicipales;Buses municipales";Por estudio;Poseo licencia de conducción vigente o próxima a renovar.;No;;;;;;;Sí;"Posibilidad de generar ingresos como propietario del vehículo;Diversidad de vehículos para rentar / arrendar;Promueve la economía colaborativa";"Posibles daños o mal uso del vehículo rentado;Posible uso de vehículos para fines no autorizados;Falta de regulación por parte de entidades oficiales;Falta de control en la entrega o devolución del vehículo";No;;;;No;;;;;Sí;"Por días (cualquier día).;";🔴Prioridad Alta🔴;🟡Prioridad Media🟡;🔴Prioridad Alta🔴;🔴Prioridad Alta🔴;🟡Prioridad Media🟡;🔴Prioridad Alta🔴;🟡Prioridad Media🟡;🔴Prioridad Alta🔴;🟡Prioridad Media🟡;🟢Prioridad Baja🟢;🔴Prioridad Alta🔴;🔴Prioridad Alta🔴;;"Reciba solicitudes y pueda aceptarlas o denegarlas.;Pueda configurar qué tipo de solicitudes quiero recibir, para luego aceptarlas o denegarlas.;Pueda confiar en la plataforma para que me consulten, o ellos mismos acepten y denieguen un servicio que me solicitan.;";"No me encuentro interesado en rentar por horas.;";"Entre $100.000 a $150.000 el día.;";Por transacción bancaria inmediata, una vez aprobado el servicio por mí y el cliente;🔴Prioridad Alta🔴;🔴Prioridad Alta🔴;🔴Prioridad Alta🔴;🔴Prioridad Alta🔴;🔴Prioridad Alta🔴;;"Aceptaría pagar una comisión del 4% al 9% por servicio.;";¡Sí, me apuntaría en el presente o en el futuro!;"Por días.;";🔴Prioridad Alta🔴;🔴Prioridad Alta🔴;🔴Prioridad Alta🔴;🔴Prioridad Alta🔴;🟡Prioridad Media🟡;🟡Prioridad Media🟡;🟡Prioridad Media🟡;🔴Prioridad Alta🔴;🟡Prioridad Media🟡;🔴Prioridad Alta🔴;;"No me encuentro interesado en rentar por horas.;";"Entre $100.000 a $150.000 el día.;";🔴Prioridad Alta🔴;🔴Prioridad Alta🔴;🔴Prioridad Alta🔴;🔴Prioridad Alta🔴;🔴Prioridad Alta🔴;🟡Prioridad Media🟡;🔴Prioridad Alta🔴;🔴Prioridad Alta🔴;;Clara;Neutral - Es un buen concepto que requiere más desarrollo.;Un chat en la plataforma;15;[14, 16)
2025-05-22;11:59;Acepto.;36-45;Colombia;Tunja (Boyacá);Femenino.;3 - (Medio);Soy freelancer / independiente;Formación Técnica o Tecnológica.;Rara vez.;"Taxis;Buses municipales";Por trabajo;Poseo licencia de conducción vigente o próxima a renovar.;Sí;Diariamente.;Un único vehículo.;No, es un vehículo completamente propio.;Automóvil (carros, camionetas, entre otros);;;No;Mayor flexibilidad en horarios;Posibles daños o mal uso del vehículo rentado;No;;;;No;;;;;No;;;;;;;;;;;;;;;;;;;;;;;;;;No me llama la atención, gracias.;;;;;;;;;;;;;;;;;;;;;;;;Clara;Neutral - Es un buen concepto que requiere más desarrollo.;Por chat con asesor mediante Whatsapp;11;[10, 12)
2025-05-22;10:46;Acepto.;18-25;Colombia;Tunja (Boyacá);Masculino.;2 - (Bajo - Medio);Soy estudiante en estudios superiores o universitario;Formación Técnica o Tecnológica.;Únicamente entre semana.;"Taxis;Buses municipales";Por estudio;No poseo licencia, pero estoy interesado en obtenerla pronto.;No;;;;;;;No;"Posibilidad de generar ingresos como propietario del vehículo;Diversidad de vehículos para rentar / arrendar;Aprovechamiento de vehículos particulares inactivos";"Posibles daños o mal uso del vehículo rentado;Desconfianza frente a clientes / personas desconocidas;Posible uso de vehículos para fines no autorizados";No;;;;No;;;;;No;;;;;;;;;;;;;;;;;;;;;;;;;;No me llama la atención, gracias.;;;;;;;;;;;;;;;;;;;;;;;;Clara;Neutral - Es un buen concepto que requiere más desarrollo.;"Un chat en la plataforma;Por llamada telefónica;Por chat con asesor mediante Whatsapp";10;[10, 12)
2025-05-22;05:49;Acepto.;18-25;Colombia;Tunja (Boyacá);Masculino.;4 - (Medio Alto);Soy estudiante en estudios superiores o universitario;Pregrado universitario (Grado o Licenciatura).;Únicamente los fines de semana.;Taxis;Por compromisos personales o familiares;No poseo licencia, y tampoco estoy interesado en obtenerla en el momento.;Sí;Solo durante fines de semana.;Varios vehículos.;;;"Sí, comparto mi vehículo personal con familiares, amigos o conocidos.;";"Moticicleta;Automóvil (carros, camionetas, entre otros);Autobús;";Sí;;"Posibles daños o mal uso del vehículo rentado;Desconfianza frente a clientes / personas desconocidas;Posible uso de vehículos para fines no autorizados";No;;;;No;;;;;No;;;;;;;;;;;;;;;;;;;;;;;;;;No me llama la atención, gracias.;;;;;;;;;;;;;;;;;;;;;;;;Clara;Muy improbable - No me encuentro interesado o no hay una mercado de interés.;Con un chatbot (Sea por plataforma, Whatsapp, u otro medio.);5;[4, 6)
2025-05-22;05:59;Acepto.;18-25;Colombia;Sogamoso (Boyacá);Masculino.;2 - (Bajo - Medio);Soy estudiante en estudios superiores o universitario;Pregrado universitario (Grado o Licenciatura).;Únicamente entre semana.;"Buses municipales;Taxis;Buses intermunicipales";"Por estudio;Por compromisos personales o familiares";No poseo licencia, pero estoy interesado en obtenerla pronto.;No;;;;;;;Sí;"Aprovechamiento de vehículos particulares inactivos;Promueve la economía colaborativa";"Posibles daños o mal uso del vehículo rentado;Posible uso de vehículos para fines no autorizados;Falta de regulación por parte de entidades oficiales";No;;;;No;;;;;No;;;;;;;;;;;;;;;;;;;;;;;;;;No me llama la atención, gracias.;;;;;;;;;;;;;;;;;;;;;;;;Clara;Improbable - Es un buen concepto con difícil ejecución.;Con un chatbot (Sea por plataforma, Whatsapp, u otro medio.);5;[4, 6)
2025-05-22;07:05;Acepto.;18-25;Colombia;Tunja (Boyacá);Masculino.;3 - (Medio);Soy estudiante en estudios superiores o universitario;Pregrado universitario (Grado o Licenciatura).;Únicamente entre semana.;"Taxis;Buses municipales";Por estudio;Poseo licencia de conducción vigente o próxima a renovar.;No;;;;;;;No;Mayor flexibilidad en horarios;Posibles daños o mal uso del vehículo rentado;No;;;;No;;;;;Sí;"Por días (cualquier día).;";🔴Prioridad Alta🔴;🟢Prioridad Baja🟢;🔴Prioridad Alta🔴;🔴Prioridad Alta🔴;🔴Prioridad Alta🔴;🔴Prioridad Alta🔴;🔴Prioridad Alta🔴;🔴Prioridad Alta🔴;🟡Prioridad Media🟡;🟡Prioridad Media🟡;🟡Prioridad Media🟡;🟡Prioridad Media🟡;;"Reciba solicitudes y pueda aceptarlas o denegarlas.;Pueda configurar qué tipo de solicitudes quiero recibir, para luego aceptarlas o denegarlas.;Pueda confiar en la plataforma para que me consulten, o ellos mismos acepten y denieguen un servicio que me solicitan.;";"No me encuentro interesado en rentar por horas.;";"No me encuentro interesado en rentar por días.;";"En efectivo, antes de entregar el vehículo al cliente;Por transacción bancaria inmediata, una vez aprobado el servicio por mí y el cliente";🟡Prioridad Media🟡;🟡Prioridad Media🟡;🟡Prioridad Media🟡;🟡Prioridad Media🟡;🔴Prioridad Alta🔴;;"Preferiría pagar una suscripción mensual.;";No me llama la atención, gracias.;;;;;;;;;;;;;;;;;;;;;;;;Clara;Neutral - Es un buen concepto que requiere más desarrollo.;Por correo electrónico;7;[6, 8)
2025-05-22;17:05;Acepto.;18-25;Colombia;Tunja (Boyacá);Masculino.;3 - (Medio);Soy estudiante en estudios superiores o universitario;Pregrado universitario (Grado o Licenciatura).;Únicamente entre semana.;"Taxis;Buses municipales;Buses intermunicipales";Por estudio;Poseo licencia de conducción vigente o próxima a renovar.;Sí;Muy rara vez.;Un único vehículo.;Sí, es un vehículo compartido con familiares, amigos o conocidos.;Automóvil (carros, camionetas, entre otros);;;Sí;Posibilidad de generar ingresos como propietario del vehículo;"Posibles daños o mal uso del vehículo rentado;Desconfianza frente a clientes / personas desconocidas;Falta de control en la entrega o devolución del vehículo";No;;;;No;;;;;Sí;"Solo los fines de semana.;A disposición personal.;";🔴Prioridad Alta🔴;🔴Prioridad Alta🔴;🔴Prioridad Alta🔴;🔴Prioridad Alta🔴;🟡Prioridad Media🟡;🟡Prioridad Media🟡;🟡Prioridad Media🟡;🔴Prioridad Alta🔴;🔴Prioridad Alta🔴;🟢Prioridad Baja🟢;🔴Prioridad Alta🔴;🔴Prioridad Alta🔴;Que el vehículo reciba un uso correcto;"Reciba solicitudes y pueda aceptarlas o denegarlas.;Pueda confiar en la plataforma para que me consulten, o ellos mismos acepten y denieguen un servicio que me solicitan.;";"Desde $80.000 en adelante.;Entre $50.000 a $80.000 la hora.;";"Entre $200.000 a $250.000 el día.;Entre $150.000 a $200.000 el día.;";"En efectivo, antes de entregar el vehículo al cliente;Un respaldo con un pagaré automatizado por transferencia bancaria al finalizar el servicio por medio de Flex Drive";🟢Prioridad Baja🟢;🔴Prioridad Alta🔴;🟢Prioridad Baja🟢;🔴Prioridad Alta🔴;🔴Prioridad Alta🔴;Revisar 34B;"Aceptaría pagar una comisión del 4% al 9% por servicio.;";¡Sí, me apuntaría en el presente o en el futuro!;"Por días.;";🟢Prioridad Baja🟢;🟡Prioridad Media🟡;🔴Prioridad Alta🔴;🔴Prioridad Alta🔴;🔴Prioridad Alta🔴;🔴Prioridad Alta🔴;🔴Prioridad Alta🔴;🟡Prioridad Media🟡;🟡Prioridad Media🟡;🟡Prioridad Media🟡;;"Entre $30.000 a $50.000 la hora.;Entre $15.000 a $30.000 la hora.;";"Entre $150.000 a $200.000 el día.;Entre $200.000 a $250.000 el día.;";🔴Prioridad Alta🔴;🟡Prioridad Media🟡;🟡Prioridad Media🟡;🟡Prioridad Media🟡;🟡Prioridad Media🟡;🔴Prioridad Alta🔴;🔴Prioridad Alta🔴;🔴Prioridad Alta🔴;;Clara;Muy probable - Me gustaría inscribirme en la plataforma.;"Un chat en la plataforma;Por correo electrónico;Por llamada telefónica;Por chat con asesor mediante Whatsapp";17;[16, 18)
2025-05-22;09:15;Acepto.;18-25;Colombia;Paz De Río (Boyacá);Femenino.;3 - (Medio);"Soy estudiante en estudios superiores o universitario;Estoy desempleado";Pregrado universitario (Grado o Licenciatura).;Rara vez.;Buses municipales;Por compromisos personales o familiares;No poseo licencia, pero estoy interesado en obtenerla pronto.;No;;;;;;;No;Mayor flexibilidad en horarios;Posibles daños o mal uso del vehículo rentado;No;;;;No;;;;;Sí;"A disposición personal.;";🔴Prioridad Alta🔴;🔴Prioridad Alta🔴;🔴Prioridad Alta🔴;🔴Prioridad Alta🔴;🔴Prioridad Alta🔴;🔴Prioridad Alta🔴;🔴Prioridad Alta🔴;🔴Prioridad Alta🔴;🔴Prioridad Alta🔴;🔴Prioridad Alta🔴;🔴Prioridad Alta🔴;🔴Prioridad Alta🔴;;"Reciba solicitudes y pueda aceptarlas o denegarlas.;";"No me encuentro interesado en rentar por horas.;";"No me encuentro interesado en rentar por días.;";En efectivo, antes de entregar el vehículo al cliente;🔴Prioridad Alta🔴;🔴Prioridad Alta🔴;🔴Prioridad Alta🔴;🔴Prioridad Alta🔴;🔴Prioridad Alta🔴;;"No estaría interesado en pagar comisión alguna.;";¡Sí, me apuntaría en el presente o en el futuro!;"Por exclusividad con el propietario.;";🔴Prioridad Alta🔴;🔴Prioridad Alta🔴;🔴Prioridad Alta🔴;🔴Prioridad Alta🔴;🔴Prioridad Alta🔴;🔴Prioridad Alta🔴;🔴Prioridad Alta🔴;🔴Prioridad Alta🔴;🔴Prioridad Alta🔴;🔴Prioridad Alta🔴;;"No me encuentro interesado en rentar por horas.;";"No me encuentro interesado en rentar por días.;";🔴Prioridad Alta🔴;🔴Prioridad Alta🔴;🔴Prioridad Alta🔴;🔴Prioridad Alta🔴;🔴Prioridad Alta🔴;🔴Prioridad Alta🔴;🔴Prioridad Alta🔴;🔴Prioridad Alta🔴;;Clara;Probable - Me gustaría conocer más de la plataforma antes de entrar.;Por chat con asesor mediante Whatsapp;9;[8, 10)
2025-05-22;02:11;Acepto.;18-25;Colombia;Tunja (Boyacá);Femenino.;4 - (Medio Alto);Soy estudiante en estudios superiores o universitario;Formación Técnica o Tecnológica.;Únicamente entre semana.;Buses municipales;Por compromisos personales o familiares;Poseo licencia de conducción vigente o próxima a renovar.;Sí;Diariamente.;Un único vehículo.;Ocasionalmente lo comparto con mi familia, amigos o conocidos.;Bicicleta eléctrica;;;Sí;Posibilidad de generar ingresos como propietario del vehículo;Desconfianza frente a clientes / personas desconocidas;Sí;"A través de una empresa o entidad presencial.;";"Control sobre las decisiones tomadas sobre el vehículo.;";"Decisiones arbitrarias por parte de la entidad sobre el vehículo propio.;";Sí;En el exterior;Jkk;"Transparencia en la información brindada.;";Lentitud en tiempos de atención y respuesta;Sí;"Solo los fines de semana.;";🟢Prioridad Baja🟢;🟢Prioridad Baja🟢;🟡Prioridad Media🟡;🟢Prioridad Baja🟢;🟡Prioridad Media🟡;🔴Prioridad Alta🔴;🟡Prioridad Media🟡;🟡Prioridad Media🟡;🟢Prioridad Baja🟢;🟡Prioridad Media🟡;🟢Prioridad Baja🟢;🟡Prioridad Media🟡;;"Pueda configurar qué tipo de solicitudes quiero recibir, para luego aceptarlas o denegarlas.;Reciba solicitudes y pueda aceptarlas o denegarlas.;";"Entre $30.000 a $50.000 la hora.;";"Entre $200.000 a $250.000 el día.;";Por transacción bancaria inmediata, al finalizar el servicio;🟢Prioridad Baja🟢;🟡Prioridad Media🟡;🟢Prioridad Baja🟢;🟡Prioridad Media🟡;🟢Prioridad Baja🟢;;"Aceptaría pagar una comisión del 10% al 14% por servicio.;";No me llama la atención, gracias.;;;;;;;;;;;;;;;;;;;;;;;;Clara;Improbable - Es un buen concepto con difícil ejecución.;Por chat con asesor mediante Whatsapp;2;[2, 4)
2025-05-22;07:27;Acepto.;18-25;Colombia;Sogamoso (Boyacá);Masculino.;3 - (Medio);Soy estudiante en estudios superiores o universitario;Pregrado universitario (Grado o Licenciatura).;Únicamente entre semana.;"Taxis;Buses municipales";Por estudio;Poseo licencia de conducción vigente o próxima a renovar.;No;;;;;;;No;Posibilidad de generar ingresos como propietario del vehículo;Posibles daños o mal uso del vehículo rentado;No;;;;No;;;;;No;;;;;;;;;;;;;;;;;;;;;;;;;;No me llama la atención, gracias.;;;;;;;;;;;;;;;;;;;;;;;;Clara;Probable - Me gustaría conocer más de la plataforma antes de entrar.;"Por chat con asesor mediante Whatsapp;Por llamada telefónica";7;[6, 8)
2025-05-22;08:18;Acepto.;46-55;Colombia;Paz De Río (Boyacá);Masculino.;2 - (Bajo - Medio);Estoy desempleado;Formación Técnica o Tecnológica.;Rara vez.;Taxis;Por trabajo;Poseo licencia de conducción vigente o próxima a renovar.;Sí;Muy rara vez.;Un único vehículo.;Ocasionalmente lo comparto con mi familia, amigos o conocidos.;Motocicleta;;;No;;;No;;;;No;;;;;No;;;;;;;;;;;;;;;;;;;;;;;;;;No me llama la atención, gracias.;;;;;;;;;;;;;;;;;;;;;;;;Clara;Muy improbable - No me encuentro interesado o no hay una mercado de interés.;Por llamada telefónica;8;[8, 10)
2025-05-22;06:05;Acepto.;18-25;Colombia;Tunja (Boyacá);Masculino.;3 - (Medio);Soy estudiante en estudios superiores o universitario;Pregrado universitario (Grado o Licenciatura).;Diariamente.;Buses municipales;Por estudio;No poseo licencia, pero estoy interesado en obtenerla pronto.;No;;;;;;;Sí;Mejor negociación en condiciones de arriendo;Falta de control en la entrega o devolución del vehículo;No;;;;No;;;;;Sí;"Por días (cualquier día).;";🟡Prioridad Media🟡;🟢Prioridad Baja🟢;🟢Prioridad Baja🟢;🟢Prioridad Baja🟢;🟢Prioridad Baja🟢;🟢Prioridad Baja🟢;🟢Prioridad Baja🟢;🟢Prioridad Baja🟢;🟢Prioridad Baja🟢;🟢Prioridad Baja🟢;🟢Prioridad Baja🟢;🟢Prioridad Baja🟢;;"Reciba solicitudes y pueda aceptarlas o denegarlas.;Pueda configurar qué tipo de solicitudes quiero recibir, para luego aceptarlas o denegarlas.;Pueda confiar en la plataforma para que me consulten, o ellos mismos acepten y denieguen un servicio que me solicitan.;";"Entre $30.000 a $50.000 la hora.;";"Entre $150.000 a $200.000 el día.;";"En efectivo, antes de entregar el vehículo al cliente;Un respaldo con un pagaré automatizado por transferencia bancaria al finalizar el servicio por medio de Flex Drive";🟢Prioridad Baja🟢;🟢Prioridad Baja🟢;🔴Prioridad Alta🔴;🟢Prioridad Baja🟢;🟢Prioridad Baja🟢;;"Preferiría pagar una suscripción mensual.;Aceptaría pagar una comisión del 4% al 9% por servicio.;";¡Sí, me apuntaría en el presente o en el futuro!;"Por días.;";🟢Prioridad Baja🟢;🟢Prioridad Baja🟢;🟢Prioridad Baja🟢;🟢Prioridad Baja🟢;🟢Prioridad Baja🟢;🟢Prioridad Baja🟢;🟢Prioridad Baja🟢;🟢Prioridad Baja🟢;🟢Prioridad Baja🟢;🟢Prioridad Baja🟢;;"Entre $15.000 a $30.000 la hora.;";"Entre $100.000 a $150.000 el día.;";🟢Prioridad Baja🟢;🟢Prioridad Baja🟢;🟢Prioridad Baja🟢;🟢Prioridad Baja🟢;🟢Prioridad Baja🟢;🟢Prioridad Baja🟢;🟢Prioridad Baja🟢;🟢Prioridad Baja🟢;;Clara;Muy probable - Me gustaría inscribirme en la plataforma.;Un chat en la plataforma;6;[6, 8)
2025-05-22;07:20;Acepto.;18-25;Colombia;Tunja (Boyacá);Femenino.;3 - (Medio);Soy estudiante en estudios superiores o universitario;Pregrado universitario (Grado o Licenciatura).;Diariamente.;"Buses municipales;Taxis";"Por estudio;Por compromisos personales o familiares";No poseo licencia, y tampoco estoy interesado en obtenerla en el momento.;No;;;;;;;Sí;"Mayor flexibilidad en horarios;Mejor negociación en condiciones de arriendo;Aprovechamiento de vehículos particulares inactivos";"Falta de regulación por parte de entidades oficiales;Falta de control en la entrega o devolución del vehículo;Posibles daños o mal uso del vehículo rentado";Sí;"A través de una plataforma web.;A través de una empresa o entidad presencial.;";"Control sobre las decisiones tomadas sobre el vehículo.;Acompañamiento en los trámites y documentación.;Ampliación de red de clientes y/o interesados.;";"Decisiones arbitrarias por parte de la entidad sobre el vehículo propio.;Inseguridad o falta de protección frente a daños o mal uso.;Baja visibilidad de mi(s) vehículo(s) para los clientes potenciales.;";Sí;Tanto en Colombia como en el exterior;;"Rapidez en los tiempos de respuesta.;Acompañamiento y buen trato durante el proceso.;Eficacia en la solución de problemas y dudas.;Flexibilidad para adaptarse a mis necesidades.;";"Dificultad para solicitar o acceder al servicio;Lentitud en tiempos de atención y respuesta;Información confusa sobre los contratos";Sí;"Solo los fines de semana.;Solo durante semana (lunes a viernes).;A disposición personal.;";🔴Prioridad Alta🔴;🔴Prioridad Alta🔴;🔴Prioridad Alta🔴;🔴Prioridad Alta🔴;🔴Prioridad Alta🔴;🔴Prioridad Alta🔴;🔴Prioridad Alta🔴;🔴Prioridad Alta🔴;🔴Prioridad Alta🔴;🔴Prioridad Alta🔴;🔴Prioridad Alta🔴;🔴Prioridad Alta🔴;;"Pueda configurar qué tipo de solicitudes quiero recibir, para luego aceptarlas o denegarlas.;Pueda confiar en la plataforma para que me consulten, o ellos mismos acepten y denieguen un servicio que me solicitan.;";"Entre $50.000 a $80.000 la hora.;";"Entre $200.000 a $250.000 el día.;Entre $250.000 a $350.000 el día.;Entre $100.000 a $150.000 el día.;";"En efectivo, cuando el cliente devuelve el vehículo;Por transacción bancaria inmediata, al finalizar el servicio;Por transacción bancaria inmediata, una vez aprobado el servicio por mí y el cliente";🔴Prioridad Alta🔴;🔴Prioridad Alta🔴;🔴Prioridad Alta🔴;🔴Prioridad Alta🔴;🔴Prioridad Alta🔴;;"No estaría interesado en pagar comisión alguna.;Preferiría pagar una suscripción mensual.;Aceptaría pagar una comisión del 4% al 9% por servicio.;";¡Sí, me apuntaría en el presente o en el futuro!;"Por días.;Por horas.;";🔴Prioridad Alta🔴;🔴Prioridad Alta🔴;🔴Prioridad Alta🔴;🔴Prioridad Alta🔴;🔴Prioridad Alta🔴;🔴Prioridad Alta🔴;🔴Prioridad Alta🔴;🔴Prioridad Alta🔴;🔴Prioridad Alta🔴;🔴Prioridad Alta🔴;;"No me encuentro interesado en rentar por horas.;Entre $15.000 a $30.000 la hora.;Entre $30.000 a $50.000 la hora.;Entre $50.000 a $80.000 la hora.;";"No me encuentro interesado en rentar por días.;Entre $100.000 a $150.000 el día.;Entre $200.000 a $250.000 el día.;Desde $350.000 en adelante.;";🔴Prioridad Alta🔴;🔴Prioridad Alta🔴;🔴Prioridad Alta🔴;🔴Prioridad Alta🔴;🔴Prioridad Alta🔴;🔴Prioridad Alta🔴;🔴Prioridad Alta🔴;🔴Prioridad Alta🔴;;Clara;Improbable - Es un buen concepto con difícil ejecución.;Un chat en la plataforma;7;[6, 8)
2025-05-22;07:41;Acepto.;16-17;Colombia;Tunja (Boyacá);Femenino.;3 - (Medio);Soy estudiante en estudios superiores o universitario;Pregrado universitario (Grado o Licenciatura).;Diariamente.;Buses municipales;Por estudio;No poseo licencia, pero estoy interesado en obtenerla pronto.;No;;;;;;;No;Mayor flexibilidad en horarios;"Posibles daños o mal uso del vehículo rentado;Desconfianza frente a clientes / personas desconocidas;Falta de regulación por parte de entidades oficiales";No;;;;No;;;;;No;;;;;;;;;;;;;;;;;;;;;;;;;;¡Sí, me apuntaría en el presente o en el futuro!;"Por días.;Por semanas.;";🔴Prioridad Alta🔴;🟡Prioridad Media🟡;🟡Prioridad Media🟡;🔴Prioridad Alta🔴;🔴Prioridad Alta🔴;🔴Prioridad Alta🔴;🔴Prioridad Alta🔴;🔴Prioridad Alta🔴;🔴Prioridad Alta🔴;🔴Prioridad Alta🔴;;"Entre $30.000 a $50.000 la hora.;";"Entre $100.000 a $150.000 el día.;";🔴Prioridad Alta🔴;🔴Prioridad Alta🔴;🔴Prioridad Alta🔴;🔴Prioridad Alta🔴;🔴Prioridad Alta🔴;🔴Prioridad Alta🔴;🔴Prioridad Alta🔴;🔴Prioridad Alta🔴;;Clara;Muy probable - Me gustaría inscribirme en la plataforma.;"Un chat en la plataforma;Por llamada telefónica";7;[6, 8)
2025-05-22;09:25;Acepto.;18-25;Colombia;Nobsa (Boyacá);Femenino.;2 - (Bajo - Medio);Soy estudiante en estudios superiores o universitario;Pregrado universitario (Grado o Licenciatura).;Únicamente entre semana.;"Buses municipales;Buses intermunicipales";Por estudio;No poseo licencia, y tampoco estoy interesado en obtenerla en el momento.;No;;;;;;;No;;"Posibles daños o mal uso del vehículo rentado;Desconfianza frente a clientes / personas desconocidas";No;;;;No;;;;;Sí;"Por días (cualquier día).;";🔴Prioridad Alta🔴;🔴Prioridad Alta🔴;🔴Prioridad Alta🔴;🔴Prioridad Alta🔴;🔴Prioridad Alta🔴;🔴Prioridad Alta🔴;🟡Prioridad Media🟡;🔴Prioridad Alta🔴;🔴Prioridad Alta🔴;🔴Prioridad Alta🔴;🔴Prioridad Alta🔴;🔴Prioridad Alta🔴;;"Reciba solicitudes y pueda aceptarlas o denegarlas.;";"No me encuentro interesado en rentar por horas.;";"Entre $100.000 a $150.000 el día.;";En efectivo, antes de entregar el vehículo al cliente;🟡Prioridad Media🟡;🔴Prioridad Alta🔴;🟢Prioridad Baja🟢;🔴Prioridad Alta🔴;🟡Prioridad Media🟡;;"Aceptaría pagar una comisión del 4% al 9% por servicio.;";¡Sí, me apuntaría en el presente o en el futuro!;"Por días.;";🔴Prioridad Alta🔴;🟡Prioridad Media🟡;🔴Prioridad Alta🔴;🔴Prioridad Alta🔴;🔴Prioridad Alta🔴;🔴Prioridad Alta🔴;🔴Prioridad Alta🔴;🔴Prioridad Alta🔴;🔴Prioridad Alta🔴;🔴Prioridad Alta🔴;;"No me encuentro interesado en rentar por horas.;";"Entre $100.000 a $150.000 el día.;";🔴Prioridad Alta🔴;🟡Prioridad Media🟡;🟡Prioridad Media🟡;🔴Prioridad Alta🔴;🔴Prioridad Alta🔴;🔴Prioridad Alta🔴;🔴Prioridad Alta🔴;🔴Prioridad Alta🔴;;Clara;Neutral - Es un buen concepto que requiere más desarrollo.;Un chat en la plataforma;9;[8, 10)
2025-05-22;04:25;Acepto.;18-25;Colombia;Tunja (Boyacá);Masculino.;3 - (Medio);Soy estudiante en estudios superiores o universitario;Secundaria media (10° a 11°, o Vocacional, o Preparatoria).;Únicamente entre semana.;Buses municipales;"Por estudio;Por compromisos personales o familiares";Poseo licencia de conducción vigente o próxima a renovar.;No;;;;;;;Sí;"Posibilidad de generar ingresos como propietario del vehículo;Diversidad de vehículos para rentar / arrendar";"Desconfianza frente a clientes / personas desconocidas;Posibles daños o mal uso del vehículo rentado;Posible uso de vehículos para fines no autorizados;Falta de control en la entrega o devolución del vehículo";No;;;;No;;;;;Sí;"Por horas.;";🔴Prioridad Alta🔴;🔴Prioridad Alta🔴;🔴Prioridad Alta🔴;🔴Prioridad Alta🔴;🔴Prioridad Alta🔴;🔴Prioridad Alta🔴;🟡Prioridad Media🟡;🟡Prioridad Media🟡;🟡Prioridad Media🟡;🔴Prioridad Alta🔴;🔴Prioridad Alta🔴;🟡Prioridad Media🟡;;"Reciba solicitudes y pueda aceptarlas o denegarlas.;Pueda confiar en la plataforma para que me consulten, o ellos mismos acepten y denieguen un servicio que me solicitan.;";"Entre $50.000 a $80.000 la hora.;";"Entre $200.000 a $250.000 el día.;";"Por transacción bancaria inmediata, al finalizar el servicio;En efectivo, antes de entregar el vehículo al cliente;Por transacción bancaria inmediata, una vez aprobado el servicio por mí y el cliente;En efectivo, cuando el cliente devuelve el vehículo";🟡Prioridad Media🟡;🔴Prioridad Alta🔴;🔴Prioridad Alta🔴;🔴Prioridad Alta🔴;🟡Prioridad Media🟡;;"Preferiría pagar una suscripción mensual.;Aceptaría pagar una comisión del 4% al 9% por servicio.;";No me llama la atención, gracias.;;;;;;;;;;;;;;;;;;;;;;;;Clara;Probable - Me gustaría conocer más de la plataforma antes de entrar.;"Un chat en la plataforma;Por correo electrónico;Por llamada telefónica;Por chat con asesor mediante Whatsapp";4;[4, 6)
2025-05-22;10:26;Acepto.;18-25;Colombia;Sogamoso (Boyacá);Femenino.;3 - (Medio);Soy estudiante en estudios superiores o universitario;Pregrado universitario (Grado o Licenciatura).;Rara vez.;Taxis;Por estudio;Poseo licencia de conducción vigente o próxima a renovar.;Sí;Diariamente.;Un único vehículo.;Ocasionalmente lo comparto con mi familia, amigos o conocidos.;Automóvil (carros, camionetas, entre otros);;;No;"Mejor negociación en condiciones de arriendo;Posibilidad de generar ingresos como propietario del vehículo";;No;;;;No;;;;;No;;;;;;;;;;;;;;;;;;;;;;;;;;No me llama la atención, gracias.;;;;;;;;;;;;;;;;;;;;;;;;Clara;Probable - Me gustaría conocer más de la plataforma antes de entrar.;"Un chat en la plataforma;Con un chatbot (Sea por plataforma, Whatsapp, u otro medio.)";10;[10, 12)
2025-05-22;06:50;Acepto.;18-25;Colombia;Tunja (Boyacá);Masculino.;5 - (Alto);"Soy estudiante en estudios superiores o universitario;Soy empleado";Pregrado universitario (Grado o Licenciatura).;Rara vez.;"Buses municipales;Buses intermunicipales";Por compromisos personales o familiares;No poseo licencia, y tampoco estoy interesado en obtenerla en el momento.;Sí;Muy rara vez.;Un único vehículo.;Sí, es un vehículo compartido con familiares, amigos o conocidos.;Automóvil (carros, camionetas, entre otros);;;No;"Mejor negociación en condiciones de arriendo;Diversidad de vehículos para rentar / arrendar;Promueve la economía colaborativa;Mayor flexibilidad en horarios";"Desconfianza frente a clientes / personas desconocidas;Falta de regulación por parte de entidades oficiales;Posible uso de vehículos para fines no autorizados;Falta de control en la entrega o devolución del vehículo";No;;;;No;;;;;No;;;;;;;;;;;;;;;;;;;;;;;;;;No me llama la atención, gracias.;;;;;;;;;;;;;;;;;;;;;;;;Clara;Neutral - Es un buen concepto que requiere más desarrollo.;"Un chat en la plataforma;Por llamada telefónica;Con un chatbot (Sea por plataforma, Whatsapp, u otro medio.)";6;[6, 8)
2025-05-22;07:25;Acepto.;18-25;Colombia;Tunja (Boyacá);Masculino.;3 - (Medio);Soy estudiante en estudios superiores o universitario;Secundaria media (10° a 11°, o Vocacional, o Preparatoria).;Rara vez.;"Taxis;Buses municipales";"Por estudio;Por trabajo";Poseo licencia de conducción vigente o próxima a renovar.;Sí;Diariamente.;Un único vehículo.;Sí, es un vehículo compartido con familiares, amigos o conocidos.;Motocicleta;;;Sí;Posibilidad de generar ingresos como propietario del vehículo;"Posibles daños o mal uso del vehículo rentado;Desconfianza frente a clientes / personas desconocidas;Falta de regulación por parte de entidades oficiales";Sí;"De forma independiente.;";"Control sobre las decisiones tomadas sobre el vehículo.;";"Comunicación deficiente con el operador logístico.;";No;;;;;Sí;"A disposición personal.;";🔴Prioridad Alta🔴;🟡Prioridad Media🟡;🟡Prioridad Media🟡;🟡Prioridad Media🟡;🟡Prioridad Media🟡;🟡Prioridad Media🟡;🟡Prioridad Media🟡;🟡Prioridad Media🟡;🟡Prioridad Media🟡;🟡Prioridad Media🟡;🟡Prioridad Media🟡;🟡Prioridad Media🟡;;"Reciba solicitudes y pueda aceptarlas o denegarlas.;Pueda configurar qué tipo de solicitudes quiero recibir, para luego aceptarlas o denegarlas.;Pueda confiar en la plataforma para que me consulten, o ellos mismos acepten y denieguen un servicio que me solicitan.;";"Entre $15.000 a $30.000 la hora.;";"Entre $100.000 a $150.000 el día.;";En efectivo, antes de entregar el vehículo al cliente;🔴Prioridad Alta🔴;🔴Prioridad Alta🔴;🔴Prioridad Alta🔴;🔴Prioridad Alta🔴;🟡Prioridad Media🟡;;"No estaría interesado en pagar comisión alguna.;";¡Sí, me apuntaría en el presente o en el futuro!;"Por exclusividad con el propietario.;";🔴Prioridad Alta🔴;🔴Prioridad Alta🔴;🔴Prioridad Alta🔴;🔴Prioridad Alta🔴;🔴Prioridad Alta🔴;🔴Prioridad Alta🔴;🔴Prioridad Alta🔴;🟡Prioridad Media🟡;🟡Prioridad Media🟡;🟡Prioridad Media🟡;;"Entre $15.000 a $30.000 la hora.;";"Entre $100.000 a $150.000 el día.;";🟡Prioridad Media🟡;🟡Prioridad Media🟡;🟡Prioridad Media🟡;🟡Prioridad Media🟡;🟡Prioridad Media🟡;🟡Prioridad Media🟡;🟡Prioridad Media🟡;🟡Prioridad Media🟡;;Clara;Muy probable - Me gustaría inscribirme en la plataforma.;"Un chat en la plataforma;Por correo electrónico;Por llamada telefónica;Con un chatbot (Sea por plataforma, Whatsapp, u otro medio.);Por chat con asesor mediante Whatsapp";7;[6, 8)
2025-05-22;10:48;Acepto.;18-25;Colombia;Tunja (Boyacá);Masculino.;4 - (Medio Alto);Soy estudiante en estudios superiores o universitario;Pregrado universitario (Grado o Licenciatura).;Rara vez.;Buses municipales;"Por compromisos personales o familiares;Por estudio";No poseo licencia, pero estoy interesado en obtenerla pronto.;No;;;;;;;Sí;"Mejor negociación en condiciones de arriendo;Promueve la economía colaborativa";"Posibles daños o mal uso del vehículo rentado;Desconfianza frente a clientes / personas desconocidas;Falta de control en la entrega o devolución del vehículo;Posible uso de vehículos para fines no autorizados;Falta de regulación por parte de entidades oficiales";No;;;;No;;;;;Sí;"Por horas.;";🔴Prioridad Alta🔴;🔴Prioridad Alta🔴;🔴Prioridad Alta🔴;🔴Prioridad Alta🔴;🔴Prioridad Alta🔴;🔴Prioridad Alta🔴;🔴Prioridad Alta🔴;🔴Prioridad Alta🔴;🔴Prioridad Alta🔴;🔴Prioridad Alta🔴;🔴Prioridad Alta🔴;🔴Prioridad Alta🔴;;"Reciba solicitudes y pueda aceptarlas o denegarlas.;Pueda confiar en la plataforma para que me consulten, o ellos mismos acepten y denieguen un servicio que me solicitan.;Pueda configurar qué tipo de solicitudes quiero recibir, para luego aceptarlas o denegarlas.;";"Entre $50.000 a $80.000 la hora.;";"Entre $150.000 a $200.000 el día.;";Por transacción bancaria inmediata, una vez aprobado el servicio por mí y el cliente;🔴Prioridad Alta🔴;🔴Prioridad Alta🔴;🔴Prioridad Alta🔴;🔴Prioridad Alta🔴;🔴Prioridad Alta🔴;;"Preferiría pagar una suscripción mensual.;";¡Sí, me apuntaría en el presente o en el futuro!;"Por horas.;";🔴Prioridad Alta🔴;🔴Prioridad Alta🔴;🔴Prioridad Alta🔴;🔴Prioridad Alta🔴;🔴Prioridad Alta🔴;🔴Prioridad Alta🔴;🔴Prioridad Alta🔴;🔴Prioridad Alta🔴;🔴Prioridad Alta🔴;🔴Prioridad Alta🔴;;"Entre $50.000 a $80.000 la hora.;";"Entre $150.000 a $200.000 el día.;";🔴Prioridad Alta🔴;🔴Prioridad Alta🔴;🔴Prioridad Alta🔴;🔴Prioridad Alta🔴;🔴Prioridad Alta🔴;🔴Prioridad Alta🔴;🔴Prioridad Alta🔴;🔴Prioridad Alta🔴;;Clara;Probable - Me gustaría conocer más de la plataforma antes de entrar.;Un chat en la plataforma;10;[10, 12)
2025-05-22;05:31;Acepto.;18-25;Colombia;Tunja (Boyacá);Masculino.;3 - (Medio);Soy estudiante en estudios superiores o universitario;Pregrado universitario (Grado o Licenciatura).;Únicamente los fines de semana.;Buses intermunicipales;Por estudio;No poseo licencia, pero estoy interesado en obtenerla pronto.;No;;;;;;;No;"Mayor flexibilidad en horarios;Diversidad de vehículos para rentar / arrendar";"Posibles daños o mal uso del vehículo rentado;Posible uso de vehículos para fines no autorizados";No;;;;No;;;;;No;;;;;;;;;;;;;;;;;;;;;;;;;;¡Sí, me apuntaría en el presente o en el futuro!;"Por horas.;";🔴Prioridad Alta🔴;🔴Prioridad Alta🔴;🔴Prioridad Alta🔴;🔴Prioridad Alta🔴;🔴Prioridad Alta🔴;🔴Prioridad Alta🔴;🔴Prioridad Alta🔴;🔴Prioridad Alta🔴;🔴Prioridad Alta🔴;🔴Prioridad Alta🔴;;"Entre $15.000 a $30.000 la hora.;";"Entre $100.000 a $150.000 el día.;";🟢Prioridad Baja🟢;🟡Prioridad Media🟡;🔴Prioridad Alta🔴;🔴Prioridad Alta🔴;🔴Prioridad Alta🔴;🟢Prioridad Baja🟢;🔴Prioridad Alta🔴;🔴Prioridad Alta🔴;;Clara;Probable - Me gustaría conocer más de la plataforma antes de entrar.;Un chat en la plataforma;5;[4, 6)
2025-05-22;07:01;Acepto.;18-25;Colombia;Tasco (Boyacá);Femenino.;2 - (Bajo - Medio);Soy estudiante en estudios superiores o universitario;Formación Técnica o Tecnológica.;Diariamente.;Buses municipales;Por estudio;No poseo licencia, pero estoy interesado en obtenerla pronto.;No;;;;;;;No;;;No;;;;No;;;;;Sí;"Solo durante semana (lunes a viernes).;";🔴Prioridad Alta🔴;🔴Prioridad Alta🔴;🔴Prioridad Alta🔴;🔴Prioridad Alta🔴;🔴Prioridad Alta🔴;🔴Prioridad Alta🔴;🔴Prioridad Alta🔴;🔴Prioridad Alta🔴;🔴Prioridad Alta🔴;🔴Prioridad Alta🔴;🔴Prioridad Alta🔴;🔴Prioridad Alta🔴;;"Reciba solicitudes y pueda aceptarlas o denegarlas.;";"No me encuentro interesado en rentar por horas.;";"No me encuentro interesado en rentar por días.;";En efectivo, antes de entregar el vehículo al cliente;🔴Prioridad Alta🔴;🔴Prioridad Alta🔴;🔴Prioridad Alta🔴;🔴Prioridad Alta🔴;🔴Prioridad Alta🔴;;"Preferiría pagar una suscripción mensual.;";¡Sí, me apuntaría en el presente o en el futuro!;"Por semanas.;";🔴Prioridad Alta🔴;🔴Prioridad Alta🔴;🔴Prioridad Alta🔴;🔴Prioridad Alta🔴;🔴Prioridad Alta🔴;🔴Prioridad Alta🔴;🔴Prioridad Alta🔴;🔴Prioridad Alta🔴;🔴Prioridad Alta🔴;🔴Prioridad Alta🔴;;"No me encuentro interesado en rentar por horas.;";"No me encuentro interesado en rentar por días.;";🔴Prioridad Alta🔴;🔴Prioridad Alta🔴;🔴Prioridad Alta🔴;🔴Prioridad Alta🔴;🔴Prioridad Alta🔴;🔴Prioridad Alta🔴;🔴Prioridad Alta🔴;🔴Prioridad Alta🔴;;Clara;Muy probable - Me gustaría inscribirme en la plataforma.;Un chat en la plataforma;7;[6, 8)
2025-05-22;05:16;Acepto.;18-25;Colombia;Duitama (Boyacá);Femenino.;3 - (Medio);Soy estudiante en estudios superiores o universitario;Pregrado universitario (Grado o Licenciatura).;Únicamente los fines de semana.;"Buses intermunicipales;Buses municipales;Taxis";Por estudio;Poseo licencia de conducción vigente o próxima a renovar.;Sí;Solo durante fines de semana.;Un único vehículo.;Sí, es un vehículo compartido con familiares, amigos o conocidos.;Automóvil (carros, camionetas, entre otros);;;Sí;"Diversidad de vehículos para rentar / arrendar;Posibilidad de generar ingresos como propietario del vehículo";"Posibles daños o mal uso del vehículo rentado;Desconfianza frente a clientes / personas desconocidas";No;;;;No;;;;;No;;;;;;;;;;;;;;;;;;;;;;;;;;No me llama la atención, gracias.;;;;;;;;;;;;;;;;;;;;;;;;Clara;Neutral - Es un buen concepto que requiere más desarrollo.;"Un chat en la plataforma;Por llamada telefónica;Por chat con asesor mediante Whatsapp";5;[4, 6)
2025-05-22;22:46;Acepto.;18-25;Colombia;Tunja (Boyacá);Masculino.;2 - (Bajo - Medio);Soy estudiante en estudios superiores o universitario;Pregrado universitario (Grado o Licenciatura).;Únicamente los fines de semana.;"Taxis;Buses municipales;Buses intermunicipales";"Por estudio;Por compromisos personales o familiares";No poseo licencia, pero estoy interesado en obtenerla pronto.;No;;;;;;;No;;;No;;;;No;;;;;Sí;"Por días (cualquier día).;A disposición personal.;";🔴Prioridad Alta🔴;🟡Prioridad Media🟡;🔴Prioridad Alta🔴;🔴Prioridad Alta🔴;🟡Prioridad Media🟡;🟡Prioridad Media🟡;🟡Prioridad Media🟡;🟡Prioridad Media🟡;🔴Prioridad Alta🔴;🔴Prioridad Alta🔴;🔴Prioridad Alta🔴;🟡Prioridad Media🟡;;"Pueda confiar en la plataforma para que me consulten, o ellos mismos acepten y denieguen un servicio que me solicitan.;";"Entre $30.000 a $50.000 la hora.;";"Entre $100.000 a $150.000 el día.;";Por transacción bancaria inmediata, una vez aprobado el servicio por mí y el cliente;🔴Prioridad Alta🔴;🟡Prioridad Media🟡;🔴Prioridad Alta🔴;🟡Prioridad Media🟡;🔴Prioridad Alta🔴;;"Aceptaría pagar una comisión del 10% al 14% por servicio.;";¡Sí, me apuntaría en el presente o en el futuro!;"Por días.;";🔴Prioridad Alta🔴;🔴Prioridad Alta🔴;🟡Prioridad Media🟡;🔴Prioridad Alta🔴;🟡Prioridad Media🟡;🟡Prioridad Media🟡;🔴Prioridad Alta🔴;🟡Prioridad Media🟡;🟡Prioridad Media🟡;🟡Prioridad Media🟡;;"Entre $15.000 a $30.000 la hora.;";"Entre $100.000 a $150.000 el día.;";🟡Prioridad Media🟡;🟡Prioridad Media🟡;🔴Prioridad Alta🔴;🔴Prioridad Alta🔴;🔴Prioridad Alta🔴;🟡Prioridad Media🟡;🟡Prioridad Media🟡;🔴Prioridad Alta🔴;;Clara;Probable - Me gustaría conocer más de la plataforma antes de entrar.;"Por chat con asesor mediante Whatsapp;Un chat en la plataforma";22;[22, 24)
2025-05-22;08:08;Acepto.;18-25;Colombia;Tunja (Boyacá);Masculino.;3 - (Medio);Soy estudiante en estudios superiores o universitario;Pregrado universitario (Grado o Licenciatura).;Diariamente.;"Taxis;Buses municipales;Buses intermunicipales";"Por estudio;Por trabajo";Poseo licencia de conducción vigente o próxima a renovar.;No;;;;;;;Sí;;;No;;;;No;;;;;Sí;"Por días (cualquier día).;";🔴Prioridad Alta🔴;🔴Prioridad Alta🔴;🔴Prioridad Alta🔴;🔴Prioridad Alta🔴;🟡Prioridad Media🟡;🟢Prioridad Baja🟢;🟡Prioridad Media🟡;🟡Prioridad Media🟡;🟡Prioridad Media🟡;🔴Prioridad Alta🔴;🔴Prioridad Alta🔴;🔴Prioridad Alta🔴;;"Reciba solicitudes y pueda aceptarlas o denegarlas.;";"Entre $30.000 a $50.000 la hora.;";"Entre $100.000 a $150.000 el día.;";En efectivo, antes de entregar el vehículo al cliente;🔴Prioridad Alta🔴;🔴Prioridad Alta🔴;🟡Prioridad Media🟡;🟢Prioridad Baja🟢;🔴Prioridad Alta🔴;;"Preferiría pagar una suscripción mensual.;";¡Sí, me apuntaría en el presente o en el futuro!;"Por horas.;";🔴Prioridad Alta🔴;🔴Prioridad Alta🔴;🔴Prioridad Alta🔴;🔴Prioridad Alta🔴;🔴Prioridad Alta🔴;🔴Prioridad Alta🔴;🔴Prioridad Alta🔴;🔴Prioridad Alta🔴;🔴Prioridad Alta🔴;🔴Prioridad Alta🔴;;"Entre $30.000 a $50.000 la hora.;";"Entre $150.000 a $200.000 el día.;";🔴Prioridad Alta🔴;🟡Prioridad Media🟡;🔴Prioridad Alta🔴;🟡Prioridad Media🟡;🔴Prioridad Alta🔴;🔴Prioridad Alta🔴;🔴Prioridad Alta🔴;🔴Prioridad Alta🔴;;Clara;Muy probable - Me gustaría inscribirme en la plataforma.;Por correo electrónico;8;[8, 10)
2025-05-22;03:39;Acepto.;18-25;Colombia;Sogamoso (Boyacá);Femenino.;3 - (Medio);Soy estudiante en estudios superiores o universitario;Especialización o Diplomado de Posgrado (estudios posteriores con enfoque técnico o profesional).;Rara vez.;Taxis;Por trabajo;Poseo licencia de conducción vigente o próxima a renovar.;Sí;Diariamente.;Un único vehículo.;Ocasionalmente lo comparto con mi familia, amigos o conocidos.;Automóvil (carros, camionetas, entre otros);;;No;;Falta de control en la entrega o devolución del vehículo;No;;;;No;;;;;No;;;;;;;;;;;;;;;;;;;;;;;;;;No me llama la atención, gracias.;;;;;;;;;;;;;;;;;;;;;;;;Clara;Neutral - Es un buen concepto que requiere más desarrollo.;"Un chat en la plataforma;Con un chatbot (Sea por plataforma, Whatsapp, u otro medio.)";3;[2, 4)
2025-05-22;11:10;Acepto.;18-25;Colombia;Tunja (Boyacá);Masculino.;3 - (Medio);Soy estudiante en estudios superiores o universitario;Pregrado universitario (Grado o Licenciatura).;Rara vez.;Buses intermunicipales;Por estudio;Poseo licencia de conducción vigente o próxima a renovar.;No;;;;;;;No;Posibilidad de generar ingresos como propietario del vehículo;"Posibles daños o mal uso del vehículo rentado;Falta de control en la entrega o devolución del vehículo;Desconfianza frente a clientes / personas desconocidas";No;;;;No;;;;;No;;;;;;;;;;;;;;;;;;;;;;;;;;¡Sí, me apuntaría en el presente o en el futuro!;"Por semanas.;";🔴Prioridad Alta🔴;🔴Prioridad Alta🔴;🔴Prioridad Alta🔴;🟡Prioridad Media🟡;🔴Prioridad Alta🔴;🔴Prioridad Alta🔴;🟢Prioridad Baja🟢;🔴Prioridad Alta🔴;🟡Prioridad Media🟡;🔴Prioridad Alta🔴;Revisar 49F;"Entre $15.000 a $30.000 la hora.;";"Entre $150.000 a $200.000 el día.;";🔴Prioridad Alta🔴;🟡Prioridad Media🟡;🔴Prioridad Alta🔴;🔴Prioridad Alta🔴;🔴Prioridad Alta🔴;🔴Prioridad Alta🔴;🔴Prioridad Alta🔴;🔴Prioridad Alta🔴;;Clara;Probable - Me gustaría conocer más de la plataforma antes de entrar.;"Por chat con asesor mediante Whatsapp;Con un chatbot (Sea por plataforma, Whatsapp, u otro medio.)";11;[10, 12)
2025-05-22;07:16;Acepto.;26-35;Colombia;Guateque (Boyacá);Femenino.;2 - (Bajo - Medio);Soy freelancer / independiente;Formación Técnica o Tecnológica.;Rara vez.;"Buses municipales;Buses intermunicipales";"Por trabajo;Por estudio;Por compromisos personales o familiares";No poseo licencia, pero estoy interesado en obtenerla pronto.;No;;;;;;;Sí;"Aprovechamiento de vehículos particulares inactivos;Mayor flexibilidad en horarios;Diversidad de vehículos para rentar / arrendar";"Posibles daños o mal uso del vehículo rentado;Falta de regulación por parte de entidades oficiales;Posible uso de vehículos para fines no autorizados";No;;;;No;;;;;Sí;"Por días (cualquier día).;";🔴Prioridad Alta🔴;🔴Prioridad Alta🔴;🔴Prioridad Alta🔴;🔴Prioridad Alta🔴;🔴Prioridad Alta🔴;🔴Prioridad Alta🔴;🔴Prioridad Alta🔴;🔴Prioridad Alta🔴;🔴Prioridad Alta🔴;🔴Prioridad Alta🔴;🔴Prioridad Alta🔴;🔴Prioridad Alta🔴;;"Reciba solicitudes y pueda aceptarlas o denegarlas.;Pueda configurar qué tipo de solicitudes quiero recibir, para luego aceptarlas o denegarlas.;Pueda confiar en la plataforma para que me consulten, o ellos mismos acepten y denieguen un servicio que me solicitan.;";"No me encuentro interesado en rentar por horas.;";"Entre $100.000 a $150.000 el día.;Entre $250.000 a $350.000 el día.;";En efectivo, antes de entregar el vehículo al cliente;🔴Prioridad Alta🔴;🔴Prioridad Alta🔴;🔴Prioridad Alta🔴;🔴Prioridad Alta🔴;🔴Prioridad Alta🔴;;"Preferiría pagar una suscripción mensual.;Aceptaría pagar una comisión del 10% al 14% por servicio.;";¡Sí, me apuntaría en el presente o en el futuro!;"Por días.;";🔴Prioridad Alta🔴;🔴Prioridad Alta🔴;🔴Prioridad Alta🔴;🔴Prioridad Alta🔴;🔴Prioridad Alta🔴;🔴Prioridad Alta🔴;🔴Prioridad Alta🔴;🔴Prioridad Alta🔴;🔴Prioridad Alta🔴;🔴Prioridad Alta🔴;;"No me encuentro interesado en rentar por horas.;";"Entre $250.000 a $350.000 el día.;";🔴Prioridad Alta🔴;🔴Prioridad Alta🔴;🔴Prioridad Alta🔴;🔴Prioridad Alta🔴;🔴Prioridad Alta🔴;🔴Prioridad Alta🔴;🔴Prioridad Alta🔴;🔴Prioridad Alta🔴;;Clara;Muy probable - Me gustaría inscribirme en la plataforma.;"Un chat en la plataforma;Por llamada telefónica";7;[6, 8)
2025-05-22;18:10;Acepto.;18-25;Colombia;Sogamoso (Boyacá);Masculino.;2 - (Bajo - Medio);"Soy estudiante en estudios superiores o universitario;Estoy desempleado";Formación Técnica o Tecnológica.;Diariamente.;Buses municipales;Por estudio;No poseo licencia, y tampoco estoy interesado en obtenerla en el momento.;No;;;;;;;Sí;;"Posibles daños o mal uso del vehículo rentado;Desconfianza frente a clientes / personas desconocidas;Falta de regulación por parte de entidades oficiales;Posible uso de vehículos para fines no autorizados;Falta de control en la entrega o devolución del vehículo";No;;;;No;;;;;No;;;;;;;;;;;;;;;;;;;;;;;;;;No me llama la atención, gracias.;;;;;;;;;;;;;;;;;;;;;;;;Clara;Neutral - Es un buen concepto que requiere más desarrollo.;"Un chat en la plataforma;Por chat con asesor mediante Whatsapp;Por llamada telefónica";18;[18, 20)
2025-05-22;39:00;Acepto.;18-25;Colombia;Tunja (Boyacá);Femenino.;2 - (Bajo - Medio);Soy estudiante en estudios superiores o universitario;Pregrado universitario (Grado o Licenciatura).;Diariamente.;"Taxis;Buses municipales;Buses intermunicipales";"Por estudio;Por compromisos personales o familiares";No poseo licencia, pero estoy interesado en obtenerla pronto.;No;;;;;;;Sí;"Mayor flexibilidad en horarios;Mejor negociación en condiciones de arriendo;Posibilidad de generar ingresos como propietario del vehículo;Aprovechamiento de vehículos particulares inactivos";"Posibles daños o mal uso del vehículo rentado;Desconfianza frente a clientes / personas desconocidas;Posible uso de vehículos para fines no autorizados";No;;;;No;;;;;No;;;;;;;;;;;;;;;;;;;;;;;;;;¡Sí, me apuntaría en el presente o en el futuro!;"Por días.;";🟡Prioridad Media🟡;🟢Prioridad Baja🟢;🔴Prioridad Alta🔴;🔴Prioridad Alta🔴;🟡Prioridad Media🟡;🟡Prioridad Media🟡;🔴Prioridad Alta🔴;🔴Prioridad Alta🔴;🔴Prioridad Alta🔴;🟡Prioridad Media🟡;;"Entre $15.000 a $30.000 la hora.;";"Entre $150.000 a $200.000 el día.;Entre $100.000 a $150.000 el día.;";🟡Prioridad Media🟡;🟡Prioridad Media🟡;🟡Prioridad Media🟡;🔴Prioridad Alta🔴;🔴Prioridad Alta🔴;🔴Prioridad Alta🔴;🔴Prioridad Alta🔴;🔴Prioridad Alta🔴;;Clara;Probable - Me gustaría conocer más de la plataforma antes de entrar.;"Un chat en la plataforma;Por llamada telefónica;Por chat con asesor mediante Whatsapp;Con un chatbot (Sea por plataforma, Whatsapp, u otro medio.)";39;[38, 40)
2025-05-22;09:42;Acepto.;18-25;Colombia;La Capilla (Boyacá);Masculino.;3 - (Medio);Soy empleado;Pregrado universitario (Grado o Licenciatura).;Rara vez.;"Buses intermunicipales;Taxis;SITP";Por turismo;No poseo licencia, pero estoy interesado en obtenerla pronto.;Sí;Diariamente.;Un único vehículo.;No, es un vehículo completamente propio.;Motocicleta;;;No;Mejor negociación en condiciones de arriendo;Desconfianza frente a clientes / personas desconocidas;No;;;;No;;;;;No;;;;;;;;;;;;;;;;;;;;;;;;;;¡Sí, me apuntaría en el presente o en el futuro!;"Por horas.;";🟡Prioridad Media🟡;🟡Prioridad Media🟡;🟡Prioridad Media🟡;🟡Prioridad Media🟡;🟡Prioridad Media🟡;🔴Prioridad Alta🔴;🟡Prioridad Media🟡;🟡Prioridad Media🟡;🟡Prioridad Media🟡;🟡Prioridad Media🟡;;"Desde $80.000 en adelante.;";"Desde $350.000 en adelante.;";🟡Prioridad Media🟡;🔴Prioridad Alta🔴;🔴Prioridad Alta🔴;🔴Prioridad Alta🔴;🔴Prioridad Alta🔴;🔴Prioridad Alta🔴;🔴Prioridad Alta🔴;🔴Prioridad Alta🔴;;Clara;Muy probable - Me gustaría inscribirme en la plataforma.;"Un chat en la plataforma;Por llamada telefónica;Por correo electrónico;Por chat con asesor mediante Whatsapp;Con un chatbot (Sea por plataforma, Whatsapp, u otro medio.)";9;[8, 10)
2025-05-22;04:40;Acepto.;18-25;Colombia;Tunja (Boyacá);Masculino.;3 - (Medio);Soy estudiante en estudios superiores o universitario;Formación Técnica o Tecnológica.;Diariamente.;"Buses municipales;Buses intermunicipales;Taxis";"Por estudio;Por compromisos personales o familiares";No poseo licencia, pero estoy interesado en obtenerla pronto.;No;;;;;;;No;;"Posibles daños o mal uso del vehículo rentado;Posible uso de vehículos para fines no autorizados";No;;;;No;;;;;No;;;;;;;;;;;;;;;;;;;;;;;;;;No me llama la atención, gracias.;;;;;;;;;;;;;;;;;;;;;;;;Clara;Neutral - Es un buen concepto que requiere más desarrollo.;"Un chat en la plataforma;Por llamada telefónica;Por chat con asesor mediante Whatsapp";4;[4, 6)
2025-05-22;14:14;Acepto.;18-25;Colombia;Tunja (Boyacá);Femenino.;2 - (Bajo - Medio);Soy estudiante en estudios superiores o universitario;Pregrado universitario (Grado o Licenciatura).;Únicamente entre semana.;"SITP;Taxis";Por estudio;No poseo licencia, pero estoy interesado en obtenerla pronto.;No;;;;;;;No;"Posibilidad de generar ingresos como propietario del vehículo;Promueve la economía colaborativa;Aprovechamiento de vehículos particulares inactivos";"Posibles daños o mal uso del vehículo rentado;Desconfianza frente a clientes / personas desconocidas;Falta de regulación por parte de entidades oficiales;Posible uso de vehículos para fines no autorizados;Falta de control en la entrega o devolución del vehículo";No;;;;No;;;;;Sí;"Por horas.;Por días (cualquier día).;";🔴Prioridad Alta🔴;🟡Prioridad Media🟡;🔴Prioridad Alta🔴;🔴Prioridad Alta🔴;🟡Prioridad Media🟡;🟢Prioridad Baja🟢;🟡Prioridad Media🟡;🟡Prioridad Media🟡;🔴Prioridad Alta🔴;🟡Prioridad Media🟡;🔴Prioridad Alta🔴;🔴Prioridad Alta🔴;;"Reciba solicitudes y pueda aceptarlas o denegarlas.;Pueda configurar qué tipo de solicitudes quiero recibir, para luego aceptarlas o denegarlas.;Pueda confiar en la plataforma para que me consulten, o ellos mismos acepten y denieguen un servicio que me solicitan.;";"Entre $15.000 a $30.000 la hora.;Entre $30.000 a $50.000 la hora.;";"Entre $150.000 a $200.000 el día.;Entre $200.000 a $250.000 el día.;";"En efectivo, cuando el cliente devuelve el vehículo;Por transacción bancaria inmediata, al finalizar el servicio;Por transacción bancaria inmediata, una vez aprobado el servicio por mí y el cliente";🟡Prioridad Media🟡;🔴Prioridad Alta🔴;🔴Prioridad Alta🔴;🟡Prioridad Media🟡;🟡Prioridad Media🟡;;"Aceptaría pagar una comisión del 4% al 9% por servicio.;No estaría interesado en pagar comisión alguna.;";¡Sí, me apuntaría en el presente o en el futuro!;"Por días.;Por horas.;Por semanas.;Por exclusividad con el propietario.;";🔴Prioridad Alta🔴;🟡Prioridad Media🟡;🔴Prioridad Alta🔴;🔴Prioridad Alta🔴;🔴Prioridad Alta🔴;🔴Prioridad Alta🔴;🟡Prioridad Media🟡;🔴Prioridad Alta🔴;🔴Prioridad Alta🔴;🔴Prioridad Alta🔴;;"Entre $30.000 a $50.000 la hora.;";"Entre $150.000 a $200.000 el día.;";🔴Prioridad Alta🔴;🔴Prioridad Alta🔴;🟡Prioridad Media🟡;🔴Prioridad Alta🔴;🟡Prioridad Media🟡;🟢Prioridad Baja🟢;🔴Prioridad Alta🔴;🔴Prioridad Alta🔴;;Clara;Muy probable - Me gustaría inscribirme en la plataforma.;"Un chat en la plataforma;Por chat con asesor mediante Whatsapp";14;[14, 16)
2025-05-22;11:18;Acepto.;18-25;Colombia;Bogotá D.C.;Masculino.;4 - (Medio Alto);Soy estudiante en estudios superiores o universitario;Pregrado universitario (Grado o Licenciatura).;Únicamente entre semana.;"Taxis;Buses municipales;Buses intermunicipales";Por estudio;Poseo licencia de conducción vigente o próxima a renovar.;Sí;Muy rara vez.;Un único vehículo.;Sí, es un vehículo compartido con familiares, amigos o conocidos.;Automóvil (carros, camionetas, entre otros);;;Sí;"Mejor negociación en condiciones de arriendo;Posibilidad de generar ingresos como propietario del vehículo";"Posibles daños o mal uso del vehículo rentado;Desconfianza frente a clientes / personas desconocidas";No;;;;No;;;;;No;;;;;;;;;;;;;;;;;;;;;;;;;;¡Sí, me apuntaría en el presente o en el futuro!;"Por días.;";🔴Prioridad Alta🔴;🟡Prioridad Media🟡;🔴Prioridad Alta🔴;🔴Prioridad Alta🔴;🔴Prioridad Alta🔴;🔴Prioridad Alta🔴;🔴Prioridad Alta🔴;🟡Prioridad Media🟡;🟡Prioridad Media🟡;🔴Prioridad Alta🔴;;"Entre $30.000 a $50.000 la hora.;Entre $50.000 a $80.000 la hora.;";"Entre $150.000 a $200.000 el día.;Entre $200.000 a $250.000 el día.;";🟡Prioridad Media🟡;🟡Prioridad Media🟡;🔴Prioridad Alta🔴;🔴Prioridad Alta🔴;🔴Prioridad Alta🔴;🔴Prioridad Alta🔴;🟡Prioridad Media🟡;🔴Prioridad Alta🔴;;Clara;Muy probable - Me gustaría inscribirme en la plataforma.;"Un chat en la plataforma;Por llamada telefónica;Por chat con asesor mediante Whatsapp";11;[10, 12)
2025-05-22;05:15;Acepto.;18-25;Colombia;Tunja (Boyacá);Masculino.;5 - (Alto);Soy estudiante en estudios superiores o universitario;Pregrado universitario (Grado o Licenciatura).;Diariamente.;Buses municipales;Por compromisos personales o familiares;Poseo licencia de conducción vigente o próxima a renovar.;Sí;Solo entre semana laboral.;Un único vehículo.;Sí, es un vehículo compartido con familiares, amigos o conocidos.;Automóvil (carros, camionetas, entre otros);;;Sí;Mejor negociación en condiciones de arriendo;Desconfianza frente a clientes / personas desconocidas;No;;;;Sí;Tanto en Colombia como en el exterior;;"Facilidad en el acceso al servicio.;Rapidez en los tiempos de respuesta.;Transparencia en la información brindada.;Acompañamiento y buen trato durante el proceso.;";"Dificultad para solicitar o acceder al servicio;Lentitud en tiempos de atención y respuesta";No;;;;;;;;;;;;;;;;;;;;;;;;;;No me llama la atención, gracias.;;;;;;;;;;;;;;;;;;;;;;;;Clara;Probable - Me gustaría conocer más de la plataforma antes de entrar.;"Un chat en la plataforma;Por llamada telefónica";5;[4, 6)
2025-05-22;20:56;Acepto.;18-25;Colombia;Paz De Río (Boyacá);Femenino.;2 - (Bajo - Medio);"Soy estudiante en estudios superiores o universitario;Soy empleado";Formación Técnica o Tecnológica.;Únicamente los fines de semana.;"Buses municipales;Buses intermunicipales";Por compromisos personales o familiares;No poseo licencia, pero estoy interesado en obtenerla pronto.;No;;;;;;;No;;;No;;;;No;;;;;Sí;"A disposición personal.;";🔴Prioridad Alta🔴;🔴Prioridad Alta🔴;🔴Prioridad Alta🔴;🔴Prioridad Alta🔴;🔴Prioridad Alta🔴;🔴Prioridad Alta🔴;🔴Prioridad Alta🔴;🔴Prioridad Alta🔴;🔴Prioridad Alta🔴;🔴Prioridad Alta🔴;🔴Prioridad Alta🔴;🔴Prioridad Alta🔴;;"Reciba solicitudes y pueda aceptarlas o denegarlas.;";"No me encuentro interesado en rentar por horas.;";"No me encuentro interesado en rentar por días.;";En efectivo, antes de entregar el vehículo al cliente;🔴Prioridad Alta🔴;🔴Prioridad Alta🔴;🔴Prioridad Alta🔴;🔴Prioridad Alta🔴;🔴Prioridad Alta🔴;;"Preferiría pagar una suscripción mensual.;";¡Sí, me apuntaría en el presente o en el futuro!;"Por días.;";🔴Prioridad Alta🔴;🔴Prioridad Alta🔴;🔴Prioridad Alta🔴;🔴Prioridad Alta🔴;🔴Prioridad Alta🔴;🔴Prioridad Alta🔴;🔴Prioridad Alta🔴;🔴Prioridad Alta🔴;🔴Prioridad Alta🔴;🔴Prioridad Alta🔴;;"No me encuentro interesado en rentar por horas.;";"No me encuentro interesado en rentar por días.;";🔴Prioridad Alta🔴;🔴Prioridad Alta🔴;🔴Prioridad Alta🔴;🔴Prioridad Alta🔴;🔴Prioridad Alta🔴;🔴Prioridad Alta🔴;🔴Prioridad Alta🔴;🔴Prioridad Alta🔴;;Clara;Probable - Me gustaría conocer más de la plataforma antes de entrar.;Un chat en la plataforma;20;[20, 22)
2025-05-22;10:57;Acepto.;18-25;Colombia;Tunja (Boyacá);Masculino.;5 - (Alto);Soy estudiante en estudios superiores o universitario;Pregrado universitario (Grado o Licenciatura).;Diariamente.;"Taxis;Buses municipales";"Por estudio;Por compromisos personales o familiares";Poseo licencia de conducción vigente o próxima a renovar.;No;;;;;;;No;;;No;;;;No;;;;;Sí;"Por días (cualquier día).;";🔴Prioridad Alta🔴;🟡Prioridad Media🟡;🟡Prioridad Media🟡;🔴Prioridad Alta🔴;🔴Prioridad Alta🔴;🟡Prioridad Media🟡;🟡Prioridad Media🟡;🟡Prioridad Media🟡;🟡Prioridad Media🟡;🔴Prioridad Alta🔴;🔴Prioridad Alta🔴;🔴Prioridad Alta🔴;;"Reciba solicitudes y pueda aceptarlas o denegarlas.;Pueda configurar qué tipo de solicitudes quiero recibir, para luego aceptarlas o denegarlas.;Pueda confiar en la plataforma para que me consulten, o ellos mismos acepten y denieguen un servicio que me solicitan.;";"Entre $30.000 a $50.000 la hora.;";"Entre $100.000 a $150.000 el día.;Entre $150.000 a $200.000 el día.;";Por transacción bancaria inmediata, una vez aprobado el servicio por mí y el cliente;🔴Prioridad Alta🔴;🔴Prioridad Alta🔴;🔴Prioridad Alta🔴;🔴Prioridad Alta🔴;🔴Prioridad Alta🔴;;"No estaría interesado en pagar comisión alguna.;";¡Sí, me apuntaría en el presente o en el futuro!;"Por horas.;";🔴Prioridad Alta🔴;🔴Prioridad Alta🔴;🔴Prioridad Alta🔴;🔴Prioridad Alta🔴;🔴Prioridad Alta🔴;🔴Prioridad Alta🔴;🔴Prioridad Alta🔴;🔴Prioridad Alta🔴;🔴Prioridad Alta🔴;🔴Prioridad Alta🔴;;"Entre $15.000 a $30.000 la hora.;";"Entre $150.000 a $200.000 el día.;";🔴Prioridad Alta🔴;🔴Prioridad Alta🔴;🔴Prioridad Alta🔴;🔴Prioridad Alta🔴;🔴Prioridad Alta🔴;🔴Prioridad Alta🔴;🔴Prioridad Alta🔴;🔴Prioridad Alta🔴;;Clara;Probable - Me gustaría conocer más de la plataforma antes de entrar.;Por chat con asesor mediante Whatsapp;10;[10, 12)
2025-05-22;03:40;Acepto.;18-25;Colombia;Tunja (Boyacá);Femenino.;3 - (Medio);"Soy estudiante en estudios superiores o universitario;Estoy desempleado";Pregrado universitario (Grado o Licenciatura).;Únicamente entre semana.;Buses municipales;"Por estudio;Por compromisos personales o familiares";Poseo licencia de conducción vigente o próxima a renovar.;No;;;;;;;Sí;"Mayor flexibilidad en horarios;Mejor negociación en condiciones de arriendo;Aprovechamiento de vehículos particulares inactivos";"Posibles daños o mal uso del vehículo rentado;Desconfianza frente a clientes / personas desconocidas;Falta de regulación por parte de entidades oficiales";No;;;;No;;;;;No;;;;;;;;;;;;;;;;;;;;;;;;;;No me llama la atención, gracias.;;;;;;;;;;;;;;;;;;;;;;;;Clara;Neutral - Es un buen concepto que requiere más desarrollo.;"Por llamada telefónica;Por chat con asesor mediante Whatsapp";3;[2, 4)
2025-05-22;06:53;Acepto.;18-25;Colombia;Tunja (Boyacá);Masculino.;1 - (Bajo);Soy estudiante en estudios superiores o universitario;Pregrado universitario (Grado o Licenciatura).;Diariamente.;"Taxis;Buses municipales;Buses intermunicipales";"Por estudio;Por trabajo;Por compromisos personales o familiares";Poseo licencia de conducción vigente o próxima a renovar.;No;;;;;;;Sí;"Mayor flexibilidad en horarios;Aprovechamiento de vehículos particulares inactivos;Promueve la economía colaborativa";"Posibles daños o mal uso del vehículo rentado;Desconfianza frente a clientes / personas desconocidas;Falta de regulación por parte de entidades oficiales;Posible uso de vehículos para fines no autorizados";No;;;;No;;;;;No;;;;;;;;;;;;;;;;;;;;;;;;;;No me llama la atención, gracias.;;;;;;;;;;;;;;;;;;;;;;;;Clara;Neutral - Es un buen concepto que requiere más desarrollo.;Con un chatbot (Sea por plataforma, Whatsapp, u otro medio.);6;[6, 8)
2025-05-22;03:15;Acepto.;18-25;Colombia;Tunja (Boyacá);Femenino.;4 - (Medio Alto);Soy estudiante en estudios superiores o universitario;Secundaria media (10° a 11°, o Vocacional, o Preparatoria).;Diariamente.;Buses municipales;"Por trabajo;Por estudio";Poseo licencia de conducción vigente o próxima a renovar.;Sí;Diariamente.;Un único vehículo.;Sí, es un vehículo compartido con familiares, amigos o conocidos.;Autobús;;;Sí;Diversidad de vehículos para rentar / arrendar;Posible uso de vehículos para fines no autorizados;Sí;"A través de una plataforma web.;";"Buen margen de ganancias.;";"Comunicación deficiente con el operador logístico.;";Sí;Colombia;;"Facilidad en el acceso al servicio.;";Costos elevados en comparación con lo esperado;Sí;"Por horas.;";🟢Prioridad Baja🟢;🟢Prioridad Baja🟢;🟢Prioridad Baja🟢;🟢Prioridad Baja🟢;🟢Prioridad Baja🟢;🟢Prioridad Baja🟢;🟢Prioridad Baja🟢;🟢Prioridad Baja🟢;🟢Prioridad Baja🟢;🟡Prioridad Media🟡;🟡Prioridad Media🟡;🟢Prioridad Baja🟢;;"Reciba solicitudes y pueda aceptarlas o denegarlas.;";"Entre $15.000 a $30.000 la hora.;";"Entre $200.000 a $250.000 el día.;";En efectivo, cuando el cliente devuelve el vehículo;🟢Prioridad Baja🟢;🟢Prioridad Baja🟢;🟢Prioridad Baja🟢;🟢Prioridad Baja🟢;🟢Prioridad Baja🟢;;"Aceptaría pagar una comisión del 4% al 9% por servicio.;";¡Sí, me apuntaría en el presente o en el futuro!;"Por semanas.;";🟢Prioridad Baja🟢;🟢Prioridad Baja🟢;🟢Prioridad Baja🟢;🟢Prioridad Baja🟢;🟢Prioridad Baja🟢;🟢Prioridad Baja🟢;🟢Prioridad Baja🟢;🟢Prioridad Baja🟢;🟢Prioridad Baja🟢;🟢Prioridad Baja🟢;;"Desde $80.000 en adelante.;";"Entre $200.000 a $250.000 el día.;";🟢Prioridad Baja🟢;🟢Prioridad Baja🟢;🟢Prioridad Baja🟢;🟢Prioridad Baja🟢;🟢Prioridad Baja🟢;🟢Prioridad Baja🟢;🟢Prioridad Baja🟢;🟢Prioridad Baja🟢;;Clara;Improbable - Es un buen concepto con difícil ejecución.;Por correo electrónico;3;[2, 4)
2025-05-22;03:39;Acepto.;18-25;Colombia;Bogotá D.C.;Masculino.;4 - (Medio Alto);Soy estudiante en estudios superiores o universitario;Pregrado universitario (Grado o Licenciatura).;Diariamente.;"Buses municipales;SITP";Por estudio;Poseo licencia de conducción vigente o próxima a renovar.;No;;;;;;;No;Posibilidad de generar ingresos como propietario del vehículo;Desconfianza frente a clientes / personas desconocidas;No;;;;No;;;;;No;;;;;;;;;;;;;;;;;;;;;;;;;;No me llama la atención, gracias.;;;;;;;;;;;;;;;;;;;;;;;;Clara;Neutral - Es un buen concepto que requiere más desarrollo.;Por chat con asesor mediante Whatsapp;3;[2, 4)
2025-05-22;14:03;Acepto.;18-25;Colombia;Bogotá D.C.;Masculino.;3 - (Medio);Soy estudiante en estudios superiores o universitario;Pregrado universitario (Grado o Licenciatura).;Diariamente.;SITP;Por estudio;Poseo licencia de conducción vigente o próxima a renovar.;No;;;;;;;No;"Promueve la economía colaborativa;Aprovechamiento de vehículos particulares inactivos";"Posibles daños o mal uso del vehículo rentado;Posible uso de vehículos para fines no autorizados";No;;;;No;;;;;Sí;"Solo los fines de semana.;";🔴Prioridad Alta🔴;🔴Prioridad Alta🔴;🟡Prioridad Media🟡;🔴Prioridad Alta🔴;🔴Prioridad Alta🔴;🟢Prioridad Baja🟢;🟡Prioridad Media🟡;🟡Prioridad Media🟡;🟡Prioridad Media🟡;🔴Prioridad Alta🔴;🔴Prioridad Alta🔴;🟡Prioridad Media🟡;Apoyo legal por infracciones realizadas por el arrendador;"Reciba solicitudes y pueda aceptarlas o denegarlas.;";"Entre $15.000 a $30.000 la hora.;";"Entre $100.000 a $150.000 el día.;";"Un respaldo con un pagaré automatizado por transferencia bancaria al finalizar el servicio por medio de Flex Drive;Por transacción bancaria inmediata, una vez aprobado el servicio por mí y el cliente;En efectivo, antes de entregar el vehículo al cliente";🟡Prioridad Media🟡;🔴Prioridad Alta🔴;🟢Prioridad Baja🟢;🟡Prioridad Media🟡;🟡Prioridad Media🟡;;"Preferiría pagar una suscripción mensual.;Aceptaría pagar una comisión del 10% al 14% por servicio.;";No me llama la atención, gracias.;;;;;;;;;;;;;;;;;;;;;;;;Clara;Muy probable - Me gustaría inscribirme en la plataforma.;"Un chat en la plataforma;Por chat con asesor mediante Whatsapp";14;[14, 16)
2025-05-22;13:33;Acepto.;26-35;Colombia;Tibasosa (Boyacá);Femenino.;3 - (Medio);Soy empleado;Pregrado universitario (Grado o Licenciatura).;Rara vez.;"Taxis;SITP";Por trabajo;Poseo licencia de conducción vigente o próxima a renovar.;Sí;Diariamente.;Un único vehículo.;No, es un vehículo completamente propio.;Automóvil (carros, camionetas, entre otros);;;Sí;"Posibilidad de generar ingresos como propietario del vehículo;Experiencia de negocio más personalizada;Promueve la economía colaborativa";"Posibles daños o mal uso del vehículo rentado;Desconfianza frente a clientes / personas desconocidas;Falta de regulación por parte de entidades oficiales;Posible uso de vehículos para fines no autorizados;Falta de control en la entrega o devolución del vehículo";No;;;;No;;;;;Sí;"Solo los fines de semana.;";🔴Prioridad Alta🔴;🔴Prioridad Alta🔴;🔴Prioridad Alta🔴;🔴Prioridad Alta🔴;🔴Prioridad Alta🔴;🟡Prioridad Media🟡;🟡Prioridad Media🟡;🔴Prioridad Alta🔴;🔴Prioridad Alta🔴;🔴Prioridad Alta🔴;🔴Prioridad Alta🔴;🔴Prioridad Alta🔴;;"Reciba solicitudes y pueda aceptarlas o denegarlas.;";"Desde $80.000 en adelante.;";"Entre $100.000 a $150.000 el día.;";"En efectivo, antes de entregar el vehículo al cliente;Por transacción bancaria inmediata, una vez aprobado el servicio por mí y el cliente";🔴Prioridad Alta🔴;🔴Prioridad Alta🔴;🟡Prioridad Media🟡;🔴Prioridad Alta🔴;🔴Prioridad Alta🔴;;"Preferiría pagar una suscripción mensual.;";¡Sí, me apuntaría en el presente o en el futuro!;"Por días.;Por horas.;";🔴Prioridad Alta🔴;🔴Prioridad Alta🔴;🔴Prioridad Alta🔴;🔴Prioridad Alta🔴;🔴Prioridad Alta🔴;🔴Prioridad Alta🔴;🔴Prioridad Alta🔴;🔴Prioridad Alta🔴;🔴Prioridad Alta🔴;🔴Prioridad Alta🔴;;"Entre $30.000 a $50.000 la hora.;";"Entre $200.000 a $250.000 el día.;";🔴Prioridad Alta🔴;🔴Prioridad Alta🔴;🔴Prioridad Alta🔴;🔴Prioridad Alta🔴;🔴Prioridad Alta🔴;🔴Prioridad Alta🔴;🔴Prioridad Alta🔴;🔴Prioridad Alta🔴;;Clara;Muy probable - Me gustaría inscribirme en la plataforma.;"Por llamada telefónica;Por chat con asesor mediante Whatsapp";13;[12, 14)
2025-05-22;80:25;Acepto.;26-35;Colombia;Bogotá D.C.;Femenino.;2 - (Bajo - Medio);Soy empleado;Especialización o Diplomado de Posgrado (estudios posteriores con enfoque técnico o profesional).;Diariamente.;SITP;Por trabajo;No poseo licencia, pero estoy interesado en obtenerla pronto.;No;;;;;;;No;"Mayor flexibilidad en horarios;Diversidad de vehículos para rentar / arrendar;Promueve la economía colaborativa;Aprovechamiento de vehículos particulares inactivos";"Posibles daños o mal uso del vehículo rentado;Posible uso de vehículos para fines no autorizados;Falta de control en la entrega o devolución del vehículo";No;;;;No;;;;;No;;;;;;;;;;;;;;;;;;;;;;;;;;¡Sí, me apuntaría en el presente o en el futuro!;"Por días.;Por exclusividad con el propietario.;";🔴Prioridad Alta🔴;🔴Prioridad Alta🔴;🔴Prioridad Alta🔴;🔴Prioridad Alta🔴;🔴Prioridad Alta🔴;🔴Prioridad Alta🔴;🔴Prioridad Alta🔴;🔴Prioridad Alta🔴;🔴Prioridad Alta🔴;🔴Prioridad Alta🔴;;"Entre $15.000 a $30.000 la hora.;";"Entre $100.000 a $150.000 el día.;";🔴Prioridad Alta🔴;🔴Prioridad Alta🔴;🔴Prioridad Alta🔴;🔴Prioridad Alta🔴;🔴Prioridad Alta🔴;🔴Prioridad Alta🔴;🔴Prioridad Alta🔴;🔴Prioridad Alta🔴;;Clara;Probable - Me gustaría conocer más de la plataforma antes de entrar.;"Un chat en la plataforma;Por correo electrónico;Por llamada telefónica;Por chat con asesor mediante Whatsapp";80;
2025-05-22;11:40;Acepto.;18-25;Colombia;Tunja (Boyacá);Femenino.;3 - (Medio);"Soy estudiante en estudios superiores o universitario;Soy freelancer / independiente";Secundaria media (10° a 11°, o Vocacional, o Preparatoria).;Rara vez.;"Taxis;Buses municipales";"Por estudio;Por trabajo;Por compromisos personales o familiares";No poseo licencia, pero estoy interesado en obtenerla pronto.;No;;;;;;;Sí;"Mejor negociación en condiciones de arriendo;Posibilidad de generar ingresos como propietario del vehículo;Diversidad de vehículos para rentar / arrendar;Experiencia de negocio más personalizada;Promueve la economía colaborativa;Aprovechamiento de vehículos particulares inactivos";"Posibles daños o mal uso del vehículo rentado;Desconfianza frente a clientes / personas desconocidas;Posible uso de vehículos para fines no autorizados;Falta de control en la entrega o devolución del vehículo";No;;;;No;;;;;Sí;"Por horas.;Por días (cualquier día).;Solo los fines de semana.;Solo durante semana (lunes a viernes).;A disposición personal.;";🔴Prioridad Alta🔴;🔴Prioridad Alta🔴;🔴Prioridad Alta🔴;🔴Prioridad Alta🔴;🔴Prioridad Alta🔴;🟡Prioridad Media🟡;🟡Prioridad Media🟡;🔴Prioridad Alta🔴;🟢Prioridad Baja🟢;🔴Prioridad Alta🔴;🔴Prioridad Alta🔴;🟡Prioridad Media🟡;;"Reciba solicitudes y pueda aceptarlas o denegarlas.;Pueda configurar qué tipo de solicitudes quiero recibir, para luego aceptarlas o denegarlas.;Pueda confiar en la plataforma para que me consulten, o ellos mismos acepten y denieguen un servicio que me solicitan.;";"Entre $15.000 a $30.000 la hora.;";"Entre $100.000 a $150.000 el día.;";"En efectivo, antes de entregar el vehículo al cliente;En efectivo, cuando el cliente devuelve el vehículo;Por transacción bancaria inmediata, una vez aprobado el servicio por mí y el cliente;Por transacción bancaria inmediata, al finalizar el servicio;Un respaldo con un pagaré automatizado por transferencia bancaria al finalizar el servicio por medio de Flex Drive";🔴Prioridad Alta🔴;🔴Prioridad Alta🔴;🟡Prioridad Media🟡;🔴Prioridad Alta🔴;🟡Prioridad Media🟡;;"No estaría interesado en pagar comisión alguna.;";¡Sí, me apuntaría en el presente o en el futuro!;"Por horas.;Por días.;Por semanas.;Por meses.;Por exclusividad con el propietario.;";🔴Prioridad Alta🔴;🔴Prioridad Alta🔴;🔴Prioridad Alta🔴;🔴Prioridad Alta🔴;🔴Prioridad Alta🔴;🔴Prioridad Alta🔴;🔴Prioridad Alta🔴;🔴Prioridad Alta🔴;🔴Prioridad Alta🔴;🔴Prioridad Alta🔴;;"Entre $15.000 a $30.000 la hora.;";"Entre $100.000 a $150.000 el día.;";🔴Prioridad Alta🔴;🔴Prioridad Alta🔴;🔴Prioridad Alta🔴;🔴Prioridad Alta🔴;🔴Prioridad Alta🔴;🔴Prioridad Alta🔴;🔴Prioridad Alta🔴;🔴Prioridad Alta🔴;;Clara;Probable - Me gustaría conocer más de la plataforma antes de entrar.;"Un chat en la plataforma;Por llamada telefónica;Por chat con asesor mediante Whatsapp;Con un chatbot (Sea por plataforma, Whatsapp, u otro medio.)";11;[10, 12)
2025-05-22;05:43;Acepto.;18-25;Colombia;Bogotá D.C.;Femenino.;5 - (Alto);Soy estudiante en estudios superiores o universitario;Pregrado universitario (Grado o Licenciatura).;Únicamente entre semana.;SITP;Por estudio;Poseo licencia de conducción vigente o próxima a renovar.;Sí;Muy rara vez.;Un único vehículo.;Sí, es un vehículo compartido con familiares, amigos o conocidos.;Automóvil (carros, camionetas, entre otros);;;No;"Promueve la economía colaborativa;Diversidad de vehículos para rentar / arrendar;Posibilidad de generar ingresos como propietario del vehículo;Aprovechamiento de vehículos particulares inactivos";"Desconfianza frente a clientes / personas desconocidas;Posibles daños o mal uso del vehículo rentado;Posible uso de vehículos para fines no autorizados;Falta de control en la entrega o devolución del vehículo";No;;;;No;;;;;No;;;;;;;;;;;;;;;;;;;;;;;;;;No me llama la atención, gracias.;;;;;;;;;;;;;;;;;;;;;;;;Confusa;Neutral - Es un buen concepto que requiere más desarrollo.;"Un chat en la plataforma;Por chat con asesor mediante Whatsapp";5;[4, 6)
2025-05-22;06:53;Acepto.;18-25;Colombia;Bogotá D.C.;Femenino.;5 - (Alto);Soy estudiante en estudios superiores o universitario;Pregrado universitario (Grado o Licenciatura).;Únicamente entre semana.;"Taxis;SITP";Por estudio;Poseo licencia de conducción vigente o próxima a renovar.;No;;;;;;;No;"Mejor negociación en condiciones de arriendo;Posibilidad de generar ingresos como propietario del vehículo;Promueve la economía colaborativa";"Desconfianza frente a clientes / personas desconocidas;Falta de regulación por parte de entidades oficiales;Posible uso de vehículos para fines no autorizados;Falta de control en la entrega o devolución del vehículo";No;;;;No;;;;;Sí;"A disposición personal.;Por días (cualquier día).;";🔴Prioridad Alta🔴;🟡Prioridad Media🟡;🔴Prioridad Alta🔴;🔴Prioridad Alta🔴;🟡Prioridad Media🟡;🟢Prioridad Baja🟢;🟡Prioridad Media🟡;🟡Prioridad Media🟡;🟢Prioridad Baja🟢;🟡Prioridad Media🟡;🟡Prioridad Media🟡;🟡Prioridad Media🟡;Que el vehículo reciba un uso correcto;"Reciba solicitudes y pueda aceptarlas o denegarlas.;Pueda configurar qué tipo de solicitudes quiero recibir, para luego aceptarlas o denegarlas.;Pueda confiar en la plataforma para que me consulten, o ellos mismos acepten y denieguen un servicio que me solicitan.;";"Entre $30.000 a $50.000 la hora.;";"Entre $150.000 a $200.000 el día.;";"Por transacción bancaria inmediata, una vez aprobado el servicio por mí y el cliente;Un respaldo con un pagaré automatizado por transferencia bancaria al finalizar el servicio por medio de Flex Drive";🔴Prioridad Alta🔴;🔴Prioridad Alta🔴;🟢Prioridad Baja🟢;🟡Prioridad Media🟡;🟡Prioridad Media🟡;;"Aceptaría pagar una comisión del 4% al 9% por servicio.;";¡Sí, me apuntaría en el presente o en el futuro!;"Por exclusividad con el propietario.;";🔴Prioridad Alta🔴;🔴Prioridad Alta🔴;🔴Prioridad Alta🔴;🔴Prioridad Alta🔴;🟡Prioridad Media🟡;🟡Prioridad Media🟡;🟡Prioridad Media🟡;🟡Prioridad Media🟡;🟡Prioridad Media🟡;🟢Prioridad Baja🟢;;"Entre $15.000 a $30.000 la hora.;Entre $30.000 a $50.000 la hora.;";"Entre $150.000 a $200.000 el día.;";🟡Prioridad Media🟡;🟡Prioridad Media🟡;🟡Prioridad Media🟡;🟡Prioridad Media🟡;🟡Prioridad Media🟡;🔴Prioridad Alta🔴;🔴Prioridad Alta🔴;🔴Prioridad Alta🔴;;Clara;Muy probable - Me gustaría inscribirme en la plataforma.;"Un chat en la plataforma;Por chat con asesor mediante Whatsapp";6;[6, 8)
2025-05-22;07:56;Acepto.;18-25;Colombia;Tunja (Boyacá);Masculino.;5 - (Alto);Soy estudiante en estudios superiores o universitario;Pregrado universitario (Grado o Licenciatura).;Diariamente.;Buses municipales;"Por trabajo;Por estudio;Por compromisos personales o familiares";Poseo licencia de conducción vigente o próxima a renovar.;No;;;;;;;Sí;"Mayor flexibilidad en horarios;Mejor negociación en condiciones de arriendo;Posibilidad de generar ingresos como propietario del vehículo;Aprovechamiento de vehículos particulares inactivos";"Desconfianza frente a clientes / personas desconocidas;Posible uso de vehículos para fines no autorizados";No;;;;Sí;Tanto en Colombia como en el exterior;Uber;"Facilidad en el acceso al servicio.;Rapidez en los tiempos de respuesta.;Acompañamiento y buen trato durante el proceso.;Seguridad durante los procesos del servicio.;";;No;;;;;;;;;;;;;;;;;;;;;;;;;;¡Sí, me apuntaría en el presente o en el futuro!;"Por horas.;";🔴Prioridad Alta🔴;🔴Prioridad Alta🔴;🔴Prioridad Alta🔴;🔴Prioridad Alta🔴;🟡Prioridad Media🟡;🔴Prioridad Alta🔴;🔴Prioridad Alta🔴;🔴Prioridad Alta🔴;🔴Prioridad Alta🔴;🔴Prioridad Alta🔴;;"Entre $15.000 a $30.000 la hora.;";"Entre $100.000 a $150.000 el día.;";🔴Prioridad Alta🔴;🔴Prioridad Alta🔴;🔴Prioridad Alta🔴;🟡Prioridad Media🟡;🔴Prioridad Alta🔴;🔴Prioridad Alta🔴;🔴Prioridad Alta🔴;🔴Prioridad Alta🔴;;Confusa;Probable - Me gustaría conocer más de la plataforma antes de entrar.;"Un chat en la plataforma;Por llamada telefónica;Por chat con asesor mediante Whatsapp";7;[6, 8)
2025-05-22;06:23;Acepto.;18-25;Colombia;Tunja (Boyacá);Masculino.;5 - (Alto);Soy estudiante en estudios superiores o universitario;Pregrado universitario (Grado o Licenciatura).;Únicamente entre semana.;"Buses municipales;Buses intermunicipales";Por estudio;Poseo licencia de conducción vigente o próxima a renovar.;Sí;Solo durante fines de semana.;Varios vehículos.;;;"Sí, comparto mi vehículo personal con familiares, amigos o conocidos.;";"Automóvil (carros, camionetas, entre otros);Moticicleta;";No;Posibilidad de generar ingresos como propietario del vehículo;Posibles daños o mal uso del vehículo rentado;No;;;;No;;;;;Sí;"A disposición personal.;";🔴Prioridad Alta🔴;🔴Prioridad Alta🔴;🟡Prioridad Media🟡;🔴Prioridad Alta🔴;🟡Prioridad Media🟡;🟡Prioridad Media🟡;🟡Prioridad Media🟡;🟡Prioridad Media🟡;🟡Prioridad Media🟡;🟡Prioridad Media🟡;🔴Prioridad Alta🔴;🟡Prioridad Media🟡;;"Pueda configurar qué tipo de solicitudes quiero recibir, para luego aceptarlas o denegarlas.;";"Entre $15.000 a $30.000 la hora.;";"Entre $150.000 a $200.000 el día.;Entre $100.000 a $150.000 el día.;";Por transacción bancaria inmediata, una vez aprobado el servicio por mí y el cliente;🟢Prioridad Baja🟢;🔴Prioridad Alta🔴;🟡Prioridad Media🟡;🔴Prioridad Alta🔴;🟡Prioridad Media🟡;;"Aceptaría pagar una comisión del 4% al 9% por servicio.;";¡Sí, me apuntaría en el presente o en el futuro!;"Por días.;Por horas.;";🔴Prioridad Alta🔴;🔴Prioridad Alta🔴;🔴Prioridad Alta🔴;🟡Prioridad Media🟡;🟡Prioridad Media🟡;🟡Prioridad Media🟡;🟡Prioridad Media🟡;🟡Prioridad Media🟡;🟡Prioridad Media🟡;🟡Prioridad Media🟡;;"Entre $15.000 a $30.000 la hora.;Entre $30.000 a $50.000 la hora.;";"Entre $100.000 a $150.000 el día.;Entre $150.000 a $200.000 el día.;";🔴Prioridad Alta🔴;🟡Prioridad Media🟡;🟡Prioridad Media🟡;🟡Prioridad Media🟡;🟡Prioridad Media🟡;🟡Prioridad Media🟡;🟡Prioridad Media🟡;🟡Prioridad Media🟡;;Clara;Probable - Me gustaría conocer más de la plataforma antes de entrar.;"Por llamada telefónica;Por chat con asesor mediante Whatsapp";6;[6, 8)
2025-05-22;10:18;Acepto.;18-25;Colombia;Cúcuta (Norte De Santander);Femenino.;1 - (Bajo);Soy estudiante en estudios superiores o universitario;Secundaria media (10° a 11°, o Vocacional, o Preparatoria).;Únicamente entre semana.;"Buses intermunicipales;Buses municipales";Por estudio;No poseo licencia, y tampoco estoy interesado en obtenerla en el momento.;No;;;;;;;Sí;Posibilidad de generar ingresos como propietario del vehículo;"Posible uso de vehículos para fines no autorizados;Posibles daños o mal uso del vehículo rentado";No;;;;No;;;;;Sí;"A disposición personal.;";🔴Prioridad Alta🔴;🔴Prioridad Alta🔴;🔴Prioridad Alta🔴;🔴Prioridad Alta🔴;🔴Prioridad Alta🔴;🔴Prioridad Alta🔴;🔴Prioridad Alta🔴;🔴Prioridad Alta🔴;🔴Prioridad Alta🔴;🔴Prioridad Alta🔴;🔴Prioridad Alta🔴;🔴Prioridad Alta🔴;;"Reciba solicitudes y pueda aceptarlas o denegarlas.;";"Entre $50.000 a $80.000 la hora.;";"Entre $200.000 a $250.000 el día.;";En efectivo, antes de entregar el vehículo al cliente;🟡Prioridad Media🟡;🔴Prioridad Alta🔴;🔴Prioridad Alta🔴;🔴Prioridad Alta🔴;🔴Prioridad Alta🔴;;"Preferiría pagar una suscripción mensual.;";¡Sí, me apuntaría en el presente o en el futuro!;"Por semanas.;";🔴Prioridad Alta🔴;🔴Prioridad Alta🔴;🔴Prioridad Alta🔴;🔴Prioridad Alta🔴;🔴Prioridad Alta🔴;🔴Prioridad Alta🔴;🔴Prioridad Alta🔴;🔴Prioridad Alta🔴;🔴Prioridad Alta🔴;🔴Prioridad Alta🔴;;"Entre $30.000 a $50.000 la hora.;Entre $50.000 a $80.000 la hora.;";"Entre $200.000 a $250.000 el día.;Entre $150.000 a $200.000 el día.;";🔴Prioridad Alta🔴;🔴Prioridad Alta🔴;🔴Prioridad Alta🔴;🔴Prioridad Alta🔴;🔴Prioridad Alta🔴;🔴Prioridad Alta🔴;🔴Prioridad Alta🔴;🔴Prioridad Alta🔴;;Clara;Neutral - Es un buen concepto que requiere más desarrollo.;"Un chat en la plataforma;Por llamada telefónica";10;[10, 12)
2025-05-22;04:43;Acepto.;26-35;Colombia;Bogotá D.C.;Femenino.;3 - (Medio);"Soy estudiante de secundaria;Soy empleado";Formación Técnica o Tecnológica.;Diariamente.;"Taxis;Buses municipales;Buses intermunicipales;SITP";"Por trabajo;Por compromisos personales o familiares";Poseo licencia de conducción vigente o próxima a renovar.;Sí;Muy rara vez.;Un único vehículo.;Sí, es un vehículo compartido con familiares, amigos o conocidos.;Motocicleta;;;No;"Mayor flexibilidad en horarios;Promueve la economía colaborativa";"Desconfianza frente a clientes / personas desconocidas;Posibles daños o mal uso del vehículo rentado;Posible uso de vehículos para fines no autorizados;Falta de control en la entrega o devolución del vehículo";No;;;;No;;;;;No;;;;;;;;;;;;;;;;;;;;;;;;;;No me llama la atención, gracias.;;;;;;;;;;;;;;;;;;;;;;;;Clara;Probable - Me gustaría conocer más de la plataforma antes de entrar.;Por chat con asesor mediante Whatsapp;4;[4, 6)
2025-05-22;15:20;Acepto.;18-25;Colombia;Bogotá D.C.;Femenino.;2 - (Bajo - Medio);Soy empleado;Pregrado universitario (Grado o Licenciatura).;Únicamente entre semana.;SITP;Por trabajo;No poseo licencia, pero estoy interesado en obtenerla pronto.;No;;;;;;;Sí;"Diversidad de vehículos para rentar / arrendar;Posibilidad de generar ingresos como propietario del vehículo;Promueve la economía colaborativa";"Desconfianza frente a clientes / personas desconocidas;Posibles daños o mal uso del vehículo rentado;Falta de control en la entrega o devolución del vehículo";No;;;;No;;;;;No;;;;;;;;;;;;;;;;;;;;;;;;;;¡Sí, me apuntaría en el presente o en el futuro!;"Por horas.;";🔴Prioridad Alta🔴;🟡Prioridad Media🟡;🟡Prioridad Media🟡;🔴Prioridad Alta🔴;🟡Prioridad Media🟡;🔴Prioridad Alta🔴;🟡Prioridad Media🟡;🟡Prioridad Media🟡;🔴Prioridad Alta🔴;🟡Prioridad Media🟡;;"Entre $15.000 a $30.000 la hora.;";"Entre $100.000 a $150.000 el día.;";🔴Prioridad Alta🔴;🟢Prioridad Baja🟢;🟡Prioridad Media🟡;🔴Prioridad Alta🔴;🔴Prioridad Alta🔴;🟡Prioridad Media🟡;🔴Prioridad Alta🔴;🟡Prioridad Media🟡;;Clara;Probable - Me gustaría conocer más de la plataforma antes de entrar.;"Un chat en la plataforma;Por llamada telefónica";15;[14, 16)
2025-05-22;04:20;Acepto.;18-25;Colombia;Tunja (Boyacá);Masculino.;3 - (Medio);Soy estudiante en estudios superiores o universitario;Pregrado universitario (Grado o Licenciatura).;Rara vez.;Taxis;Por estudio;Poseo licencia de conducción vigente o próxima a renovar.;No;;;;;;;No;;;No;;;;No;;;;;No;;;;;;;;;;;;;;;;;;;;;;;;;;¡Sí, me apuntaría en el presente o en el futuro!;"Por días.;Por horas.;";🔴Prioridad Alta🔴;🟡Prioridad Media🟡;🔴Prioridad Alta🔴;🔴Prioridad Alta🔴;🟡Prioridad Media🟡;🔴Prioridad Alta🔴;🔴Prioridad Alta🔴;🔴Prioridad Alta🔴;🟡Prioridad Media🟡;🔴Prioridad Alta🔴;;"Entre $15.000 a $30.000 la hora.;Entre $30.000 a $50.000 la hora.;";"Entre $150.000 a $200.000 el día.;";🔴Prioridad Alta🔴;🔴Prioridad Alta🔴;🔴Prioridad Alta🔴;🟡Prioridad Media🟡;🔴Prioridad Alta🔴;🟡Prioridad Media🟡;🔴Prioridad Alta🔴;🟡Prioridad Media🟡;;Clara;Probable - Me gustaría conocer más de la plataforma antes de entrar.;"Por llamada telefónica;Un chat en la plataforma;Por chat con asesor mediante Whatsapp";4;[4, 6)
2025-05-22;08:33;Acepto.;18-25;Colombia;Tunja (Boyacá);Masculino.;4 - (Medio Alto);"Soy estudiante en estudios superiores o universitario;Soy freelancer / independiente;Soy empresario";Pregrado universitario (Grado o Licenciatura).;Únicamente entre semana.;"Taxis;Buses intermunicipales;Buses municipales";"Por estudio;Por compromisos personales o familiares;Por trabajo;Por turismo";Poseo licencia de conducción vigente o próxima a renovar.;No;;;;;;;Sí;"Mayor flexibilidad en horarios;Diversidad de vehículos para rentar / arrendar;Posibilidad de generar ingresos como propietario del vehículo;Experiencia de negocio más personalizada";"Posibles daños o mal uso del vehículo rentado;Desconfianza frente a clientes / personas desconocidas;Posible uso de vehículos para fines no autorizados";Sí;"A través de una empresa o entidad presencial.;A través de una plataforma web.;";"Buen margen de ganancias.;Control sobre las decisiones tomadas sobre el vehículo.;Buena gestión por parte de la entidad sobre el vehículo.;Acompañamiento en los trámites y documentación.;Ampliación de red de clientes y/o interesados.;";"Decisiones arbitrarias por parte de la entidad sobre el vehículo propio.;Inseguridad o falta de protección frente a daños o mal uso.;Poca atención o soporte al usuario desde la plataforma o la entidad.;Logística y administración complejas y confusas.;";Sí;Tanto en Colombia como en el exterior;Localiza;"Rapidez en los tiempos de respuesta.;Transparencia en la información brindada.;Flexibilidad para adaptarse a mis necesidades.;Eficacia en la solución de problemas y dudas.;";"Lentitud en tiempos de atención y respuesta;Información confusa sobre los contratos;Costos elevados en comparación con lo esperado";Sí;"Por días (cualquier día).;";🟢Prioridad Baja🟢;🟢Prioridad Baja🟢;🟢Prioridad Baja🟢;🟢Prioridad Baja🟢;🟢Prioridad Baja🟢;🟢Prioridad Baja🟢;🟡Prioridad Media🟡;🟢Prioridad Baja🟢;🟡Prioridad Media🟡;🟢Prioridad Baja🟢;🟢Prioridad Baja🟢;🟢Prioridad Baja🟢;;"Pueda confiar en la plataforma para que me consulten, o ellos mismos acepten y denieguen un servicio que me solicitan.;";"Entre $30.000 a $50.000 la hora.;Entre $15.000 a $30.000 la hora.;";"Entre $150.000 a $200.000 el día.;";En efectivo, antes de entregar el vehículo al cliente;🟢Prioridad Baja🟢;🟢Prioridad Baja🟢;🟢Prioridad Baja🟢;🟢Prioridad Baja🟢;🟢Prioridad Baja🟢;;"Preferiría pagar una suscripción mensual.;";¡Sí, me apuntaría en el presente o en el futuro!;"Por días.;";🟢Prioridad Baja🟢;🟢Prioridad Baja🟢;🟢Prioridad Baja🟢;🟢Prioridad Baja🟢;🟢Prioridad Baja🟢;🟢Prioridad Baja🟢;🟢Prioridad Baja🟢;🟢Prioridad Baja🟢;🟢Prioridad Baja🟢;🟢Prioridad Baja🟢;"Revisar 45A;Revisar 45G";"Entre $15.000 a $30.000 la hora.;";"Entre $100.000 a $150.000 el día.;";🟢Prioridad Baja🟢;🟢Prioridad Baja🟢;🟢Prioridad Baja🟢;🟢Prioridad Baja🟢;🟢Prioridad Baja🟢;🟢Prioridad Baja🟢;🟢Prioridad Baja🟢;🟢Prioridad Baja🟢;;Clara;Muy probable - Me gustaría inscribirme en la plataforma.;Por correo electrónico;8;[8, 10)
2025-05-22;07:34;Acepto.;18-25;Colombia;Paz De Río (Boyacá);Masculino.;1 - (Bajo);Soy estudiante en estudios superiores o universitario;Formación Técnica o Tecnológica.;Únicamente entre semana.;Buses municipales;Por estudio;Poseo licencia de conducción vigente o próxima a renovar.;No;;;;;;;No;Aprovechamiento de vehículos particulares inactivos;Posible uso de vehículos para fines no autorizados;No;;;;Sí;Colombia;;"Acompañamiento y buen trato durante el proceso.;";;No;;;;;;;;;;;;;;;;;;;;;;;;;;No me llama la atención, gracias.;;;;;;;;;;;;;;;;;;;;;;;;Clara;Neutral - Es un buen concepto que requiere más desarrollo.;Por chat con asesor mediante Whatsapp;7;[6, 8)
2025-05-22;08:33;Acepto.;26-35;Colombia;Puerto Boyacá (Boyacá);Femenino.;3 - (Medio);Soy freelancer / independiente;Formación Técnica o Tecnológica.;Rara vez.;Taxis;"Por compromisos personales o familiares;Por turismo";Poseo licencia de conducción vigente o próxima a renovar.;Sí;Diariamente.;Un único vehículo.;Sí, es un vehículo compartido con familiares, amigos o conocidos.;Automóvil (carros, camionetas, entre otros);;;Sí;"Mayor flexibilidad en horarios;Promueve la economía colaborativa;Posibilidad de generar ingresos como propietario del vehículo;Experiencia de negocio más personalizada";"Posibles daños o mal uso del vehículo rentado;Desconfianza frente a clientes / personas desconocidas;Posible uso de vehículos para fines no autorizados";No;;;;No;;;;;No;;;;;;;;;;;;;;;;;;;;;;;;;;¡Sí, me apuntaría en el presente o en el futuro!;"Por días.;Por horas.;";🔴Prioridad Alta🔴;🔴Prioridad Alta🔴;🔴Prioridad Alta🔴;🟡Prioridad Media🟡;🟡Prioridad Media🟡;🟡Prioridad Media🟡;🔴Prioridad Alta🔴;🔴Prioridad Alta🔴;🔴Prioridad Alta🔴;🟡Prioridad Media🟡;;"Entre $15.000 a $30.000 la hora.;";"Entre $100.000 a $150.000 el día.;";🔴Prioridad Alta🔴;🟡Prioridad Media🟡;🔴Prioridad Alta🔴;🔴Prioridad Alta🔴;🔴Prioridad Alta🔴;🟡Prioridad Media🟡;🔴Prioridad Alta🔴;🔴Prioridad Alta🔴;;Clara;Probable - Me gustaría conocer más de la plataforma antes de entrar.;"Por llamada telefónica;Por chat con asesor mediante Whatsapp";8;[8, 10)
2025-05-22;239:44;Acepto.;18-25;Colombia;Tunja (Boyacá);Femenino.;4 - (Medio Alto);Soy estudiante en estudios superiores o universitario;Secundaria media (10° a 11°, o Vocacional, o Preparatoria).;Rara vez.;"Taxis;Buses municipales;Buses intermunicipales;SITP";"Por estudio;Por compromisos personales o familiares";No poseo licencia, y tampoco estoy interesado en obtenerla en el momento.;No;;;;;;;No;Posibilidad de generar ingresos como propietario del vehículo;Posibles daños o mal uso del vehículo rentado;No;;;;No;;;;;No;;;;;;;;;;;;;;;;;;;;;;;;;;No me llama la atención, gracias.;;;;;;;;;;;;;;;;;;;;;;;;Confusa;Improbable - Es un buen concepto con difícil ejecución.;Un chat en la plataforma;239;
2025-05-22;09:10;Acepto.;18-25;Colombia;Tunja (Boyacá);Femenino.;2 - (Bajo - Medio);Soy empleado;Formación Técnica o Tecnológica.;Diariamente.;Buses municipales;Por trabajo;No poseo licencia, pero estoy interesado en obtenerla pronto.;No;;;;;;;Sí;"Mayor flexibilidad en horarios;Diversidad de vehículos para rentar / arrendar;Promueve la economía colaborativa";"Desconfianza frente a clientes / personas desconocidas;Posible uso de vehículos para fines no autorizados;Falta de control en la entrega o devolución del vehículo";No;;;;No;;;;;No;;;;;;;;;;;;;;;;;;;;;;;;;;No me llama la atención, gracias.;;;;;;;;;;;;;;;;;;;;;;;;Clara;Neutral - Es un buen concepto que requiere más desarrollo.;Un chat en la plataforma;9;[8, 10)
2025-05-22;08:41;Acepto.;18-25;Colombia;Tunja (Boyacá);Masculino.;3 - (Medio);"Soy estudiante en estudios superiores o universitario;Soy empleado";Pregrado universitario (Grado o Licenciatura).;Únicamente los fines de semana.;"Taxis;Buses municipales;Buses intermunicipales";"Por trabajo;Por estudio";Poseo licencia de conducción vigente o próxima a renovar.;No;;;;;;;No;"Mayor flexibilidad en horarios;Posibilidad de generar ingresos como propietario del vehículo;Diversidad de vehículos para rentar / arrendar;Aprovechamiento de vehículos particulares inactivos";"Posibles daños o mal uso del vehículo rentado;Desconfianza frente a clientes / personas desconocidas;Falta de control en la entrega o devolución del vehículo";No;;;;No;;;;;No;;;;;;;;;;;;;;;;;;;;;;;;;;¡Sí, me apuntaría en el presente o en el futuro!;"Por semanas.;";🔴Prioridad Alta🔴;🔴Prioridad Alta🔴;🔴Prioridad Alta🔴;🟢Prioridad Baja🟢;🟡Prioridad Media🟡;🔴Prioridad Alta🔴;🟡Prioridad Media🟡;🟡Prioridad Media🟡;🟡Prioridad Media🟡;🟡Prioridad Media🟡;;"No me encuentro interesado en rentar por horas.;";"No me encuentro interesado en rentar por días.;";🟡Prioridad Media🟡;🔴Prioridad Alta🔴;🔴Prioridad Alta🔴;🔴Prioridad Alta🔴;🟡Prioridad Media🟡;🟡Prioridad Media🟡;🟡Prioridad Media🟡;🔴Prioridad Alta🔴;;Clara;Neutral - Es un buen concepto que requiere más desarrollo.;"Un chat en la plataforma;Por llamada telefónica;Por chat con asesor mediante Whatsapp";8;[8, 10)
2025-05-22;02:48;Acepto.;18-25;Colombia;Tunja (Boyacá);Masculino.;3 - (Medio);"Soy estudiante de secundaria;Soy estudiante en estudios superiores o universitario";Secundaria básica (6° a 9°).;Rara vez.;"Taxis;Buses municipales";"Por estudio;Por compromisos personales o familiares";No poseo licencia, pero estoy interesado en obtenerla pronto.;No;;;;;;;No;"Diversidad de vehículos para rentar / arrendar;Posibilidad de generar ingresos como propietario del vehículo;Mejor negociación en condiciones de arriendo";"Posible uso de vehículos para fines no autorizados;Falta de regulación por parte de entidades oficiales";No;;;;No;;;;;No;;;;;;;;;;;;;;;;;;;;;;;;;;No me llama la atención, gracias.;;;;;;;;;;;;;;;;;;;;;;;;Confusa;Probable - Me gustaría conocer más de la plataforma antes de entrar.;Un chat en la plataforma;2;[2, 4)
2025-05-22;10:52;Acepto.;26-35;Colombia;Bogotá D.C.;Masculino.;4 - (Medio Alto);Soy freelancer / independiente;Pregrado universitario (Grado o Licenciatura).;Rara vez.;Otro: Plataformas digitales de transporte (servicios privados);Otro: Por pico y placa o relacionados;Poseo licencia de conducción vigente o próxima a renovar.;Sí;Solo durante fines de semana.;Un único vehículo.;Ocasionalmente lo comparto con mi familia, amigos o conocidos.;Automóvil (carros, camionetas, entre otros);;;No;"Promueve la economía colaborativa;Diversidad de vehículos para rentar / arrendar;Posibilidad de generar ingresos como propietario del vehículo";"Posibles daños o mal uso del vehículo rentado;Desconfianza frente a clientes / personas desconocidas;Posible uso de vehículos para fines no autorizados";No;;;;No;;;;;No;;;;;;;;;;;;;;;;;;;;;;;;;;No me llama la atención, gracias.;;;;;;;;;;;;;;;;;;;;;;;;Clara;Improbable - Es un buen concepto con difícil ejecución.;"Un chat en la plataforma;Por llamada telefónica";10;[10, 12)
2025-05-22;43:38;Acepto.;26-35;Colombia;Bogotá D.C.;Femenino.;3 - (Medio);Soy empleado;Pregrado universitario (Grado o Licenciatura).;Diariamente.;Buses municipales;Por trabajo;No poseo licencia, pero estoy interesado en obtenerla pronto.;No;;;;;;;Sí;"Mejor negociación en condiciones de arriendo;Posibilidad de generar ingresos como propietario del vehículo;Promueve la economía colaborativa";"Falta de regulación por parte de entidades oficiales;Falta de control en la entrega o devolución del vehículo;Posibles daños o mal uso del vehículo rentado";No;;;;No;;;;;Sí;"Por días (cualquier día).;";🔴Prioridad Alta🔴;🔴Prioridad Alta🔴;🔴Prioridad Alta🔴;🔴Prioridad Alta🔴;🟡Prioridad Media🟡;🔴Prioridad Alta🔴;🔴Prioridad Alta🔴;🟡Prioridad Media🟡;🔴Prioridad Alta🔴;🔴Prioridad Alta🔴;🔴Prioridad Alta🔴;🔴Prioridad Alta🔴;;"Reciba solicitudes y pueda aceptarlas o denegarlas.;Pueda configurar qué tipo de solicitudes quiero recibir, para luego aceptarlas o denegarlas.;Pueda confiar en la plataforma para que me consulten, o ellos mismos acepten y denieguen un servicio que me solicitan.;";"Entre $15.000 a $30.000 la hora.;";"Entre $100.000 a $150.000 el día.;";Un respaldo con un pagaré automatizado por transferencia bancaria al finalizar el servicio por medio de Flex Drive;🔴Prioridad Alta🔴;🔴Prioridad Alta🔴;🔴Prioridad Alta🔴;🔴Prioridad Alta🔴;🔴Prioridad Alta🔴;;"Preferiría pagar una suscripción mensual.;";¡Sí, me apuntaría en el presente o en el futuro!;"Por días.;";🔴Prioridad Alta🔴;🔴Prioridad Alta🔴;🔴Prioridad Alta🔴;🔴Prioridad Alta🔴;🔴Prioridad Alta🔴;🔴Prioridad Alta🔴;🔴Prioridad Alta🔴;🔴Prioridad Alta🔴;🟡Prioridad Media🟡;🟡Prioridad Media🟡;;"Entre $15.000 a $30.000 la hora.;";"Entre $100.000 a $150.000 el día.;";🔴Prioridad Alta🔴;🔴Prioridad Alta🔴;🔴Prioridad Alta🔴;🔴Prioridad Alta🔴;🔴Prioridad Alta🔴;🔴Prioridad Alta🔴;🔴Prioridad Alta🔴;🔴Prioridad Alta🔴;;Clara;Probable - Me gustaría conocer más de la plataforma antes de entrar.;"Un chat en la plataforma;Por llamada telefónica;Por chat con asesor mediante Whatsapp";43;[42, 44)
2025-05-22;11:39;Acepto.;26-35;Colombia;Boyacá (Boyacá);Masculino.;3 - (Medio);Soy estudiante en estudios superiores o universitario;Especialización o Diplomado de Posgrado (estudios posteriores con enfoque técnico o profesional).;Rara vez.;"Buses intermunicipales;SITP";Por trabajo;No poseo licencia, pero estoy interesado en obtenerla pronto.;Sí;Solo entre semana laboral.;Un único vehículo.;Sí, es un vehículo compartido con familiares, amigos o conocidos.;Scooter;;;Sí;Mayor flexibilidad en horarios;Falta de regulación por parte de entidades oficiales;Sí;"A través de una plataforma web.;";"Buena gestión por parte de la entidad sobre el vehículo.;";"Comunicación deficiente con el operador logístico.;";Sí;Colombia;;"Rapidez en los tiempos de respuesta.;";Información confusa sobre los contratos;Sí;"Por días (cualquier día).;";🟡Prioridad Media🟡;🟡Prioridad Media🟡;🟢Prioridad Baja🟢;🟡Prioridad Media🟡;🟢Prioridad Baja🟢;🟡Prioridad Media🟡;🟢Prioridad Baja🟢;🟡Prioridad Media🟡;🟢Prioridad Baja🟢;🟡Prioridad Media🟡;🟢Prioridad Baja🟢;🟡Prioridad Media🟡;Incentivos económicos para el propietario;"Reciba solicitudes y pueda aceptarlas o denegarlas.;";"Entre $15.000 a $30.000 la hora.;";"Entre $100.000 a $150.000 el día.;";En efectivo, cuando el cliente devuelve el vehículo;🟡Prioridad Media🟡;🟢Prioridad Baja🟢;🟡Prioridad Media🟡;🟢Prioridad Baja🟢;🟡Prioridad Media🟡;El clima;"No estaría interesado en pagar comisión alguna.;";¡Sí, me apuntaría en el presente o en el futuro!;"Por días.;";🟢Prioridad Baja🟢;🟢Prioridad Baja🟢;🟢Prioridad Baja🟢;🟢Prioridad Baja🟢;🟢Prioridad Baja🟢;🟢Prioridad Baja🟢;🟢Prioridad Baja🟢;🟢Prioridad Baja🟢;🟢Prioridad Baja🟢;🟢Prioridad Baja🟢;;"Entre $15.000 a $30.000 la hora.;";"Entre $150.000 a $200.000 el día.;";🟢Prioridad Baja🟢;🟢Prioridad Baja🟢;🟢Prioridad Baja🟢;🟢Prioridad Baja🟢;🟢Prioridad Baja🟢;🟢Prioridad Baja🟢;🟢Prioridad Baja🟢;🟢Prioridad Baja🟢;;Clara;Muy probable - Me gustaría inscribirme en la plataforma.;Un chat en la plataforma;11;[10, 12)
2025-05-23;06:16;Acepto.;26-35;Colombia;Socha (Boyacá);Femenino.;2 - (Bajo - Medio);Soy empleado;Secundaria media (10° a 11°, o Vocacional, o Preparatoria).;Rara vez.;Otro: Servicios (informales);Por trabajo;Poseo licencia de conducción vigente o próxima a renovar.;Sí;Diariamente.;Un único vehículo.;No, es un vehículo completamente propio.;Motocicleta;;;No;Aprovechamiento de vehículos particulares inactivos;"Posibles daños o mal uso del vehículo rentado;Posible uso de vehículos para fines no autorizados";No;;;;No;;;;;No;;;;;;;;;;;;;;;;;;;;;;;;;;No me llama la atención, gracias.;;;;;;;;;;;;;;;;;;;;;;;;Clara;Improbable - Es un buen concepto con difícil ejecución.;"Por llamada telefónica;Por chat con asesor mediante Whatsapp";6;[6, 8)
2025-05-23;05:09;Acepto.;26-35;Colombia;Bogotá D.C.;Femenino.;4 - (Medio Alto);Soy empleado;Especialización o Diplomado de Posgrado (estudios posteriores con enfoque técnico o profesional).;Únicamente entre semana.;SITP;Por trabajo;Poseo licencia de conducción vigente o próxima a renovar.;No;;;;;;;No;"Posibilidad de generar ingresos como propietario del vehículo;Promueve la economía colaborativa;Aprovechamiento de vehículos particulares inactivos";"Posibles daños o mal uso del vehículo rentado;Falta de regulación por parte de entidades oficiales";No;;;;No;;;;;No;;;;;;;;;;;;;;;;;;;;;;;;;;No me llama la atención, gracias.;;;;;;;;;;;;;;;;;;;;;;;;Clara;Neutral - Es un buen concepto que requiere más desarrollo.;Por llamada telefónica;5;[4, 6)
2025-05-23;06:11;Acepto.;46-55;Colombia;Samacá (Boyacá);Masculino.;3 - (Medio);Soy empleado;Pregrado universitario (Grado o Licenciatura).;Rara vez.;"Taxis;Buses intermunicipales";"Por compromisos personales o familiares;Por turismo";Poseo licencia de conducción vigente o próxima a renovar.;Sí;Solo durante fines de semana.;Un único vehículo.;Ocasionalmente lo comparto con mi familia, amigos o conocidos.;Automóvil (carros, camionetas, entre otros);;;Sí;Diversidad de vehículos para rentar / arrendar;"Posibles daños o mal uso del vehículo rentado;Desconfianza frente a clientes / personas desconocidas;Falta de regulación por parte de entidades oficiales;Posible uso de vehículos para fines no autorizados;Falta de control en la entrega o devolución del vehículo";Sí;"A través de una empresa o entidad presencial.;";;"Comunicación deficiente con el operador logístico.;Decisiones arbitrarias por parte de la entidad sobre el vehículo propio.;Inseguridad o falta de protección frente a daños o mal uso.;Logística y administración complejas y confusas.;";Sí;En el exterior;Avis;"Facilidad en el acceso al servicio.;Rapidez en los tiempos de respuesta.;Transparencia en la información brindada.;Acompañamiento y buen trato durante el proceso.;Flexibilidad para adaptarse a mis necesidades.;Tecnología fácil de utilizar (a través de plataformas digitales, aplicaciones o códigos personales / QRs).).;";Costos elevados en comparación con lo esperado;No;;;;;;;;;;;;;;;;;;;;;;;;;;No me llama la atención, gracias.;;;;;;;;;;;;;;;;;;;;;;;;Clara;Muy improbable - No me encuentro interesado o no hay una mercado de interés.;RESPUESTA INVÁLIDA - INDIFERENTE;6;[6, 8)
2025-05-23;09:53;Acepto.;46-55;Colombia;Samacá (Boyacá);Femenino.;3 - (Medio);Soy empleado;Especialización o Diplomado de Posgrado (estudios posteriores con enfoque técnico o profesional).;Rara vez.;Buses intermunicipales;Por trabajo;Poseo licencia de conducción vigente o próxima a renovar.;Sí;Diariamente.;Un único vehículo.;No, es un vehículo completamente propio.;Automóvil (carros, camionetas, entre otros);;;No;Posibilidad de generar ingresos como propietario del vehículo;Posibles daños o mal uso del vehículo rentado;No;;;;Sí;En el exterior;Avis;"Facilidad en el acceso al servicio.;";Costos elevados en comparación con lo esperado;No;;;;;;;;;;;;;;;;;;;;;;;;;;¡Sí, me apuntaría en el presente o en el futuro!;"Por días.;";🔴Prioridad Alta🔴;🔴Prioridad Alta🔴;🔴Prioridad Alta🔴;🔴Prioridad Alta🔴;🔴Prioridad Alta🔴;🔴Prioridad Alta🔴;🔴Prioridad Alta🔴;🟡Prioridad Media🟡;🟡Prioridad Media🟡;🔴Prioridad Alta🔴;;"No me encuentro interesado en rentar por horas.;";"Entre $100.000 a $150.000 el día.;";🟡Prioridad Media🟡;🔴Prioridad Alta🔴;🔴Prioridad Alta🔴;🔴Prioridad Alta🔴;🟡Prioridad Media🟡;🔴Prioridad Alta🔴;🔴Prioridad Alta🔴;🔴Prioridad Alta🔴;Revisar 49H;Clara;Probable - Me gustaría conocer más de la plataforma antes de entrar.;Un chat en la plataforma;9;[8, 10)
2025-05-23;08:01;Acepto.;18-25;Colombia;Paz De Río (Boyacá);Masculino.;2 - (Bajo - Medio);Estoy desempleado;Pregrado universitario (Grado o Licenciatura).;Diariamente.;Buses municipales;"Por trabajo;Por estudio;Por compromisos personales o familiares";No poseo licencia, pero estoy interesado en obtenerla pronto.;No;;;;;;;No;"Promueve la economía colaborativa;Diversidad de vehículos para rentar / arrendar;Posibilidad de generar ingresos como propietario del vehículo;Mejor negociación en condiciones de arriendo";"Desconfianza frente a clientes / personas desconocidas;Posibles daños o mal uso del vehículo rentado;Falta de regulación por parte de entidades oficiales";No;;;;No;;;;;Sí;"Por días (cualquier día).;";🔴Prioridad Alta🔴;🔴Prioridad Alta🔴;🔴Prioridad Alta🔴;🔴Prioridad Alta🔴;🔴Prioridad Alta🔴;🔴Prioridad Alta🔴;🔴Prioridad Alta🔴;🔴Prioridad Alta🔴;🔴Prioridad Alta🔴;🔴Prioridad Alta🔴;🔴Prioridad Alta🔴;🔴Prioridad Alta🔴;;"Reciba solicitudes y pueda aceptarlas o denegarlas.;";"Entre $30.000 a $50.000 la hora.;";"Entre $250.000 a $350.000 el día.;Entre $100.000 a $150.000 el día.;";"En efectivo, antes de entregar el vehículo al cliente;Por transacción bancaria inmediata, una vez aprobado el servicio por mí y el cliente";🔴Prioridad Alta🔴;🔴Prioridad Alta🔴;🔴Prioridad Alta🔴;🔴Prioridad Alta🔴;🔴Prioridad Alta🔴;;"No estaría interesado en pagar comisión alguna.;";¡Sí, me apuntaría en el presente o en el futuro!;"Por días.;";🔴Prioridad Alta🔴;🔴Prioridad Alta🔴;🔴Prioridad Alta🔴;🔴Prioridad Alta🔴;🔴Prioridad Alta🔴;🔴Prioridad Alta🔴;🔴Prioridad Alta🔴;🔴Prioridad Alta🔴;🔴Prioridad Alta🔴;🔴Prioridad Alta🔴;;"Entre $15.000 a $30.000 la hora.;";"Entre $100.000 a $150.000 el día.;";🔴Prioridad Alta🔴;🔴Prioridad Alta🔴;🔴Prioridad Alta🔴;🔴Prioridad Alta🔴;🔴Prioridad Alta🔴;🔴Prioridad Alta🔴;🔴Prioridad Alta🔴;🔴Prioridad Alta🔴;;Clara;Muy probable - Me gustaría inscribirme en la plataforma.;Un chat en la plataforma;8;[8, 10)
2025-05-23;06:35;Acepto.;18-25;Colombia;Socha (Boyacá);Femenino.;2 - (Bajo - Medio);Soy estudiante en estudios superiores o universitario;Pregrado universitario (Grado o Licenciatura).;Únicamente entre semana.;Buses municipales;Por estudio;No poseo licencia, pero estoy interesado en obtenerla pronto.;No;;;;;;;No;Mayor flexibilidad en horarios;Falta de regulación por parte de entidades oficiales;No;;;;No;;;;;No;;;;;;;;;;;;;;;;;;;;;;;;;;¡Sí, me apuntaría en el presente o en el futuro!;"Por exclusividad con el propietario.;";🔴Prioridad Alta🔴;🔴Prioridad Alta🔴;🔴Prioridad Alta🔴;🔴Prioridad Alta🔴;🔴Prioridad Alta🔴;🔴Prioridad Alta🔴;🔴Prioridad Alta🔴;🔴Prioridad Alta🔴;🔴Prioridad Alta🔴;🔴Prioridad Alta🔴;;"Entre $15.000 a $30.000 la hora.;";"Entre $150.000 a $200.000 el día.;";🔴Prioridad Alta🔴;🔴Prioridad Alta🔴;🔴Prioridad Alta🔴;🔴Prioridad Alta🔴;🔴Prioridad Alta🔴;🔴Prioridad Alta🔴;🔴Prioridad Alta🔴;🔴Prioridad Alta🔴;;Clara;Probable - Me gustaría conocer más de la plataforma antes de entrar.;Por correo electrónico;6;[6, 8)
2025-05-23;06:06;Acepto.;36-45;Colombia;Tasco (Boyacá);Femenino.;2 - (Bajo - Medio);Soy empleado;Formación Técnica o Tecnológica.;Únicamente entre semana.;Buses municipales;Por trabajo;No poseo licencia, pero estoy interesado en obtenerla pronto.;Sí;Muy rara vez.;Un único vehículo.;Sí, es un vehículo compartido con familiares, amigos o conocidos.;Automóvil (carros, camionetas, entre otros);;;No;"Mayor flexibilidad en horarios;Posibilidad de generar ingresos como propietario del vehículo;Experiencia de negocio más personalizada";"Desconfianza frente a clientes / personas desconocidas;Posible uso de vehículos para fines no autorizados";No;;;;No;;;;;Sí;"Por horas.;";🔴Prioridad Alta🔴;🔴Prioridad Alta🔴;🟡Prioridad Media🟡;🔴Prioridad Alta🔴;🟡Prioridad Media🟡;🟡Prioridad Media🟡;🔴Prioridad Alta🔴;🔴Prioridad Alta🔴;🟡Prioridad Media🟡;🟡Prioridad Media🟡;🔴Prioridad Alta🔴;🟡Prioridad Media🟡;;"Pueda configurar qué tipo de solicitudes quiero recibir, para luego aceptarlas o denegarlas.;";"Entre $30.000 a $50.000 la hora.;";"Entre $200.000 a $250.000 el día.;Entre $250.000 a $350.000 el día.;";En efectivo, antes de entregar el vehículo al cliente;🔴Prioridad Alta🔴;🔴Prioridad Alta🔴;🔴Prioridad Alta🔴;🔴Prioridad Alta🔴;🔴Prioridad Alta🔴;;"No estaría interesado en pagar comisión alguna.;";¡Sí, me apuntaría en el presente o en el futuro!;"Por días.;";🔴Prioridad Alta🔴;🔴Prioridad Alta🔴;🔴Prioridad Alta🔴;🔴Prioridad Alta🔴;🔴Prioridad Alta🔴;🔴Prioridad Alta🔴;🔴Prioridad Alta🔴;🟡Prioridad Media🟡;🔴Prioridad Alta🔴;🟡Prioridad Media🟡;;"Entre $30.000 a $50.000 la hora.;";"Entre $250.000 a $350.000 el día.;";🔴Prioridad Alta🔴;🔴Prioridad Alta🔴;🔴Prioridad Alta🔴;🔴Prioridad Alta🔴;🔴Prioridad Alta🔴;🔴Prioridad Alta🔴;🔴Prioridad Alta🔴;🔴Prioridad Alta🔴;;Clara;Probable - Me gustaría conocer más de la plataforma antes de entrar.;"Por correo electrónico;Por chat con asesor mediante Whatsapp";6;[6, 8)
2025-05-23;07:19;Acepto.;18-25;Colombia;Bogotá D.C.;Femenino.;2 - (Bajo - Medio);Soy empleado;Pregrado universitario (Grado o Licenciatura).;Únicamente entre semana.;Buses municipales;Por trabajo;No poseo licencia, pero estoy interesado en obtenerla pronto.;No;;;;;;;Sí;"Mejor negociación en condiciones de arriendo;Posibilidad de generar ingresos como propietario del vehículo;Diversidad de vehículos para rentar / arrendar;Promueve la economía colaborativa";"Posibles daños o mal uso del vehículo rentado;Desconfianza frente a clientes / personas desconocidas;Posible uso de vehículos para fines no autorizados;Falta de control en la entrega o devolución del vehículo";No;;;;No;;;;;Sí;"Por días (cualquier día).;";🔴Prioridad Alta🔴;🔴Prioridad Alta🔴;🔴Prioridad Alta🔴;🔴Prioridad Alta🔴;🟡Prioridad Media🟡;🟡Prioridad Media🟡;🟡Prioridad Media🟡;🔴Prioridad Alta🔴;🟡Prioridad Media🟡;🟡Prioridad Media🟡;🔴Prioridad Alta🔴;🟡Prioridad Media🟡;;"Pueda configurar qué tipo de solicitudes quiero recibir, para luego aceptarlas o denegarlas.;";"Entre $15.000 a $30.000 la hora.;";"Entre $100.000 a $150.000 el día.;";"En efectivo, antes de entregar el vehículo al cliente;Por transacción bancaria inmediata, una vez aprobado el servicio por mí y el cliente";🟡Prioridad Media🟡;🔴Prioridad Alta🔴;🔴Prioridad Alta🔴;🟡Prioridad Media🟡;🟡Prioridad Media🟡;;"Aceptaría pagar una comisión del 4% al 9% por servicio.;";¡Sí, me apuntaría en el presente o en el futuro!;"Por horas.;Por días.;";🟡Prioridad Media🟡;🔴Prioridad Alta🔴;🔴Prioridad Alta🔴;🟡Prioridad Media🟡;🟡Prioridad Media🟡;🔴Prioridad Alta🔴;🟡Prioridad Media🟡;🟡Prioridad Media🟡;🟡Prioridad Media🟡;🟡Prioridad Media🟡;;"Entre $15.000 a $30.000 la hora.;";"Entre $100.000 a $150.000 el día.;";🟡Prioridad Media🟡;🟡Prioridad Media🟡;🔴Prioridad Alta🔴;🟡Prioridad Media🟡;🔴Prioridad Alta🔴;🟡Prioridad Media🟡;🟡Prioridad Media🟡;🔴Prioridad Alta🔴;;Clara;Muy probable - Me gustaría inscribirme en la plataforma.;"Un chat en la plataforma;Por chat con asesor mediante Whatsapp;Con un chatbot (Sea por plataforma, Whatsapp, u otro medio.)";7;[6, 8)
2025-05-23;04:34;Acepto.;18-25;Colombia;Tunja (Boyacá);Femenino.;3 - (Medio);Soy estudiante en estudios superiores o universitario;Pregrado universitario (Grado o Licenciatura).;Diariamente.;"Buses intermunicipales;Buses municipales";"Por trabajo;Por estudio";No poseo licencia, pero estoy interesado en obtenerla pronto.;No;;;;;;;No;"Posibilidad de generar ingresos como propietario del vehículo;Mejor negociación en condiciones de arriendo";"Desconfianza frente a clientes / personas desconocidas;Posible uso de vehículos para fines no autorizados";No;;;;No;;;;;Sí;"A disposición personal.;";🔴Prioridad Alta🔴;🔴Prioridad Alta🔴;🔴Prioridad Alta🔴;🔴Prioridad Alta🔴;🔴Prioridad Alta🔴;🔴Prioridad Alta🔴;🔴Prioridad Alta🔴;🔴Prioridad Alta🔴;🔴Prioridad Alta🔴;🔴Prioridad Alta🔴;🔴Prioridad Alta🔴;🔴Prioridad Alta🔴;;"Pueda configurar qué tipo de solicitudes quiero recibir, para luego aceptarlas o denegarlas.;";"Entre $30.000 a $50.000 la hora.;";"Entre $100.000 a $150.000 el día.;";"En efectivo, cuando el cliente devuelve el vehículo;Por transacción bancaria inmediata, una vez aprobado el servicio por mí y el cliente";🔴Prioridad Alta🔴;🔴Prioridad Alta🔴;🔴Prioridad Alta🔴;🔴Prioridad Alta🔴;🔴Prioridad Alta🔴;;"Preferiría pagar una suscripción mensual.;No estaría interesado en pagar comisión alguna.;";¡Sí, me apuntaría en el presente o en el futuro!;"Por horas.;Por exclusividad con el propietario.;";🔴Prioridad Alta🔴;🔴Prioridad Alta🔴;🔴Prioridad Alta🔴;🔴Prioridad Alta🔴;🔴Prioridad Alta🔴;🔴Prioridad Alta🔴;🔴Prioridad Alta🔴;🔴Prioridad Alta🔴;🔴Prioridad Alta🔴;🔴Prioridad Alta🔴;;"Entre $15.000 a $30.000 la hora.;";"Entre $100.000 a $150.000 el día.;";🔴Prioridad Alta🔴;🔴Prioridad Alta🔴;🔴Prioridad Alta🔴;🔴Prioridad Alta🔴;🔴Prioridad Alta🔴;🔴Prioridad Alta🔴;🔴Prioridad Alta🔴;🔴Prioridad Alta🔴;;Clara;Muy probable - Me gustaría inscribirme en la plataforma.;"Por llamada telefónica;Por correo electrónico;Un chat en la plataforma";4;[4, 6)
2025-05-23;19:17;Acepto.;18-25;Colombia;Tunja (Boyacá);Masculino.;3 - (Medio);Soy estudiante en estudios superiores o universitario;Pregrado universitario (Grado o Licenciatura).;Únicamente entre semana.;Taxis;"Por estudio;Por trabajo";No poseo licencia, pero estoy interesado en obtenerla pronto.;Sí;Solo durante fines de semana.;Un único vehículo.;Ocasionalmente lo comparto con mi familia, amigos o conocidos.;Scooter;;;Sí;"Posibilidad de generar ingresos como propietario del vehículo;Diversidad de vehículos para rentar / arrendar;Promueve la economía colaborativa";"Posibles daños o mal uso del vehículo rentado;Desconfianza frente a clientes / personas desconocidas;Falta de regulación por parte de entidades oficiales;Posible uso de vehículos para fines no autorizados;Falta de control en la entrega o devolución del vehículo";No;;;;Sí;Tanto en Colombia como en el exterior;;"Facilidad en el acceso al servicio.;Rapidez en los tiempos de respuesta.;Transparencia en la información brindada.;Acompañamiento y buen trato durante el proceso.;Seguridad durante los procesos del servicio.;";"Dificultad para solicitar o acceder al servicio;Trato poco profesional o desinteresado;Información confusa sobre los contratos;Costos elevados en comparación con lo esperado;Poca o nula seguridad para accidentes o sin atención ante riesgos";Sí;"Por días (cualquier día).;Solo los fines de semana.;A disposición personal.;";🔴Prioridad Alta🔴;🔴Prioridad Alta🔴;🔴Prioridad Alta🔴;🔴Prioridad Alta🔴;🔴Prioridad Alta🔴;🔴Prioridad Alta🔴;🔴Prioridad Alta🔴;🔴Prioridad Alta🔴;🔴Prioridad Alta🔴;🔴Prioridad Alta🔴;🔴Prioridad Alta🔴;🔴Prioridad Alta🔴;Que el vehículo reciba un uso correcto;"Reciba solicitudes y pueda aceptarlas o denegarlas.;Pueda configurar qué tipo de solicitudes quiero recibir, para luego aceptarlas o denegarlas.;";"Entre $15.000 a $30.000 la hora.;Entre $30.000 a $50.000 la hora.;";"Entre $100.000 a $150.000 el día.;Entre $150.000 a $200.000 el día.;";"En efectivo, antes de entregar el vehículo al cliente;Un respaldo con un pagaré automatizado por transferencia bancaria al finalizar el servicio por medio de Flex Drive";🔴Prioridad Alta🔴;🔴Prioridad Alta🔴;🔴Prioridad Alta🔴;🔴Prioridad Alta🔴;🔴Prioridad Alta🔴;;"Aceptaría pagar una comisión del 4% al 9% por servicio.;Aceptaría pagar una comisión del 10% al 14% por servicio.;";¡Sí, me apuntaría en el presente o en el futuro!;"Por horas.;Por días.;Por semanas.;";🔴Prioridad Alta🔴;🔴Prioridad Alta🔴;🔴Prioridad Alta🔴;🔴Prioridad Alta🔴;🔴Prioridad Alta🔴;🔴Prioridad Alta🔴;🔴Prioridad Alta🔴;🔴Prioridad Alta🔴;🔴Prioridad Alta🔴;🔴Prioridad Alta🔴;Revisar 49H;"Entre $15.000 a $30.000 la hora.;Entre $30.000 a $50.000 la hora.;";"Entre $100.000 a $150.000 el día.;Entre $150.000 a $200.000 el día.;Entre $200.000 a $250.000 el día.;";🔴Prioridad Alta🔴;🔴Prioridad Alta🔴;🔴Prioridad Alta🔴;🔴Prioridad Alta🔴;🔴Prioridad Alta🔴;🔴Prioridad Alta🔴;🔴Prioridad Alta🔴;🔴Prioridad Alta🔴;Revisar 49H;Clara;Muy probable - Me gustaría inscribirme en la plataforma.;Un chat en la plataforma;19;[18, 20)
2025-05-23;12:09;Acepto.;46-55;Colombia;Tunja (Boyacá);Femenino.;3 - (Medio);Soy empleado;Especialización o Diplomado de Posgrado (estudios posteriores con enfoque técnico o profesional).;Diariamente.;Buses municipales;Por trabajo;Poseo licencia de conducción vigente o próxima a renovar.;Sí;Solo durante fines de semana.;Un único vehículo.;Sí, es un vehículo compartido con familiares, amigos o conocidos.;Automóvil (carros, camionetas, entre otros);;;No;Posibilidad de generar ingresos como propietario del vehículo;Posibles daños o mal uso del vehículo rentado;No;;;;No;;;;;No;;;;;;;;;;;;;;;;;;;;;;;;;;No me llama la atención, gracias.;;;;;;;;;;;;;;;;;;;;;;;;Clara;Improbable - Es un buen concepto con difícil ejecución.;Por llamada telefónica;12;[12, 14)
2025-05-23;07:46;Acepto.;36-45;Colombia;Santa Rosa De Viterbo (Boyacá);Masculino.;3 - (Medio);Soy empleado;Pregrado universitario (Grado o Licenciatura).;Rara vez.;Buses intermunicipales;"Por trabajo;Por compromisos personales o familiares";Poseo licencia de conducción vigente o próxima a renovar.;Sí;Diariamente.;Un único vehículo.;No, es un vehículo completamente propio.;Automóvil (carros, camionetas, entre otros);;;No;Mayor flexibilidad en horarios;Posibles daños o mal uso del vehículo rentado;No;;;;No;;;;;No;;;;;;;;;;;;;;;;;;;;;;;;;;No me llama la atención, gracias.;;;;;;;;;;;;;;;;;;;;;;;;Clara;Probable - Me gustaría conocer más de la plataforma antes de entrar.;Por correo electrónico;7;[6, 8)
2025-05-23;20:30;Acepto.;46-55;Colombia;Duitama (Boyacá);Femenino.;2 - (Bajo - Medio);Soy empleado;Secundaria media (10° a 11°, o Vocacional, o Preparatoria).;Diariamente.;Buses municipales;Por compromisos personales o familiares;Poseo licencia de conducción vigente o próxima a renovar.;No;;;;;;;No;Mayor flexibilidad en horarios;Desconfianza frente a clientes / personas desconocidas;No;;;;No;;;;;No;;;;;;;;;;;;;;;;;;;;;;;;;;¡Sí, me apuntaría en el presente o en el futuro!;"Por días.;";🟡Prioridad Media🟡;🟡Prioridad Media🟡;🟢Prioridad Baja🟢;🔴Prioridad Alta🔴;🔴Prioridad Alta🔴;🟢Prioridad Baja🟢;🟡Prioridad Media🟡;🟡Prioridad Media🟡;🟡Prioridad Media🟡;🟡Prioridad Media🟡;;"Entre $15.000 a $30.000 la hora.;";"Entre $100.000 a $150.000 el día.;";🔴Prioridad Alta🔴;🔴Prioridad Alta🔴;🟡Prioridad Media🟡;🟡Prioridad Media🟡;🔴Prioridad Alta🔴;🔴Prioridad Alta🔴;🔴Prioridad Alta🔴;🔴Prioridad Alta🔴;Otro: Que el vehículo tenga seguro propio;Clara;Muy probable - Me gustaría inscribirme en la plataforma.;Con un chatbot (Sea por plataforma, Whatsapp, u otro medio.);20;[20, 22)
2025-05-23;05:07;Acepto.;36-45;Colombia;Armenia (Quindío);Femenino.;3 - (Medio);Soy estudiante en estudios superiores o universitario;Formación Técnica o Tecnológica.;Rara vez.;"Taxis;Buses municipales;Buses intermunicipales";Por trabajo;Poseo licencia de conducción vigente o próxima a renovar.;Sí;Diariamente.;Un único vehículo.;Sí, es un vehículo compartido con familiares, amigos o conocidos.;Automóvil (carros, camionetas, entre otros);;;No;Posibilidad de generar ingresos como propietario del vehículo;Posibles daños o mal uso del vehículo rentado;No;;;;No;;;;;No;;;;;;;;;;;;;;;;;;;;;;;;;;No me llama la atención, gracias.;;;;;;;;;;;;;;;;;;;;;;;;Clara;Probable - Me gustaría conocer más de la plataforma antes de entrar.;Un chat en la plataforma;5;[4, 6)
2025-05-23;15:48;Acepto.;56-65;Colombia;Bogotá D.C.;Masculino.;5 - (Alto);"Estoy jubilado / pensionado / retirado;Soy freelancer / independiente";Especialización o Diplomado de Posgrado (estudios posteriores con enfoque técnico o profesional).;Rara vez.;Taxis;"Por trabajo;Por compromisos personales o familiares";Poseo licencia de conducción vigente o próxima a renovar.;Sí;Diariamente.;Varios vehículos.;;;"No, son vehículos completamente propios.;";"Automóvil (carros, camionetas, entre otros);";No;Aprovechamiento de vehículos particulares inactivos;"Posibles daños o mal uso del vehículo rentado;Desconfianza frente a clientes / personas desconocidas";No;;;;Sí;Tanto en Colombia como en el exterior;Localiza;"Flexibilidad para adaptarse a mis necesidades.;";;No;;;;;;;;;;;;;;;;;;;;;;;;;;No me llama la atención, gracias.;;;;;;;;;;;;;;;;;;;;;;;;Clara;Neutral - Es un buen concepto que requiere más desarrollo.;Por chat con asesor mediante Whatsapp;15;[14, 16)
2025-05-23;10:31;Acepto.;36-45;Colombia;Bogotá D.C.;Masculino.;2 - (Bajo - Medio);Estoy desempleado;Pregrado universitario (Grado o Licenciatura).;Diariamente.;SITP;"Por compromisos personales o familiares;Por trabajo";Poseo licencia de conducción vigente o próxima a renovar.;No;;;;;;;Sí;Mejor negociación en condiciones de arriendo;Posibles daños o mal uso del vehículo rentado;Sí;"A través de una plataforma web.;De forma independiente.;";"Buen margen de ganancias.;";"Logística y administración complejas y confusas.;Baja visibilidad de mi(s) vehículo(s) para los clientes potenciales.;Poca atención o soporte al usuario desde la plataforma o la entidad.;";No;;;;;Sí;"Solo durante semana (lunes a viernes).;";🔴Prioridad Alta🔴;🔴Prioridad Alta🔴;🔴Prioridad Alta🔴;🔴Prioridad Alta🔴;🔴Prioridad Alta🔴;🔴Prioridad Alta🔴;🔴Prioridad Alta🔴;🔴Prioridad Alta🔴;🔴Prioridad Alta🔴;🔴Prioridad Alta🔴;🔴Prioridad Alta🔴;🔴Prioridad Alta🔴;;"Pueda configurar qué tipo de solicitudes quiero recibir, para luego aceptarlas o denegarlas.;";"No me encuentro interesado en rentar por horas.;";"No me encuentro interesado en rentar por días.;";"En efectivo, antes de entregar el vehículo al cliente;Un respaldo con un pagaré automatizado por transferencia bancaria al finalizar el servicio por medio de Flex Drive";🔴Prioridad Alta🔴;🔴Prioridad Alta🔴;🔴Prioridad Alta🔴;🔴Prioridad Alta🔴;🔴Prioridad Alta🔴;;"Aceptaría pagar una comisión del 4% al 9% por servicio.;";¡Sí, me apuntaría en el presente o en el futuro!;"Por meses.;";🔴Prioridad Alta🔴;🔴Prioridad Alta🔴;🔴Prioridad Alta🔴;🔴Prioridad Alta🔴;🔴Prioridad Alta🔴;🔴Prioridad Alta🔴;🔴Prioridad Alta🔴;🔴Prioridad Alta🔴;🔴Prioridad Alta🔴;🔴Prioridad Alta🔴;;"No me encuentro interesado en rentar por horas.;";"No me encuentro interesado en rentar por días.;";🔴Prioridad Alta🔴;🔴Prioridad Alta🔴;🔴Prioridad Alta🔴;🔴Prioridad Alta🔴;🔴Prioridad Alta🔴;🔴Prioridad Alta🔴;🔴Prioridad Alta🔴;🔴Prioridad Alta🔴;;Clara;Improbable - Es un buen concepto con difícil ejecución.;"Por llamada telefónica;Por correo electrónico;Por chat con asesor mediante Whatsapp;Con un chatbot (Sea por plataforma, Whatsapp, u otro medio.);Un chat en la plataforma";10;[10, 12)
2025-05-23;22:46;Acepto.;36-45;Colombia;Duitama (Boyacá);Femenino.;2 - (Bajo - Medio);Me encuentro en descanso / sabático;Formación Técnica o Tecnológica.;Diariamente.;Otro: Plataformas digitales de transporte (servicios privados);"Por compromisos personales o familiares;Por estudio;Por turismo";Poseo licencia de conducción vigente o próxima a renovar.;No;;;;;;;No;"Promueve la economía colaborativa;Mayor flexibilidad en horarios";"Posibles daños o mal uso del vehículo rentado;Falta de control en la entrega o devolución del vehículo";No;;;;Sí;Colombia;;"Rapidez en los tiempos de respuesta.;Acompañamiento y buen trato durante el proceso.;Flexibilidad para adaptarse a mis necesidades.;";"Lentitud en tiempos de atención y respuesta;Dificultad al usar las tecnologías indicadas;Falta de información en el servicio o vehículo a recibir";Sí;"Solo los fines de semana.;";🔴Prioridad Alta🔴;🔴Prioridad Alta🔴;🔴Prioridad Alta🔴;🔴Prioridad Alta🔴;🔴Prioridad Alta🔴;🔴Prioridad Alta🔴;🔴Prioridad Alta🔴;🔴Prioridad Alta🔴;🔴Prioridad Alta🔴;🔴Prioridad Alta🔴;🟡Prioridad Media🟡;🟡Prioridad Media🟡;;"Reciba solicitudes y pueda aceptarlas o denegarlas.;Pueda configurar qué tipo de solicitudes quiero recibir, para luego aceptarlas o denegarlas.;Pueda confiar en la plataforma para que me consulten, o ellos mismos acepten y denieguen un servicio que me solicitan.;";"Entre $15.000 a $30.000 la hora.;";"Entre $100.000 a $150.000 el día.;";Por transacción bancaria inmediata, al finalizar el servicio;🔴Prioridad Alta🔴;🔴Prioridad Alta🔴;🔴Prioridad Alta🔴;🔴Prioridad Alta🔴;🔴Prioridad Alta🔴;;"Preferiría pagar una suscripción mensual.;";¡Sí, me apuntaría en el presente o en el futuro!;"Por días.;";🔴Prioridad Alta🔴;🔴Prioridad Alta🔴;🔴Prioridad Alta🔴;🔴Prioridad Alta🔴;🔴Prioridad Alta🔴;🔴Prioridad Alta🔴;🔴Prioridad Alta🔴;🔴Prioridad Alta🔴;🔴Prioridad Alta🔴;🔴Prioridad Alta🔴;;"Entre $15.000 a $30.000 la hora.;";"Entre $100.000 a $150.000 el día.;";🔴Prioridad Alta🔴;🔴Prioridad Alta🔴;🔴Prioridad Alta🔴;🔴Prioridad Alta🔴;🔴Prioridad Alta🔴;🔴Prioridad Alta🔴;🔴Prioridad Alta🔴;🔴Prioridad Alta🔴;;Clara;Probable - Me gustaría conocer más de la plataforma antes de entrar.;"Por llamada telefónica;Un chat en la plataforma;Con un chatbot (Sea por plataforma, Whatsapp, u otro medio.)";22;[22, 24)
2025-05-23;11:49;Acepto.;26-35;Colombia;Bogotá D.C.;Masculino.;3 - (Medio);"Soy freelancer / independiente;Soy empleado";Especialización o Diplomado de Posgrado (estudios posteriores con enfoque técnico o profesional).;Rara vez.;Otro: Plataformas digitales de transporte (servicios privados);Por trabajo;Poseo licencia de conducción vigente o próxima a renovar.;Sí;Solo durante fines de semana.;Un único vehículo.;Sí, es un vehículo compartido con familiares, amigos o conocidos.;Automóvil (carros, camionetas, entre otros);;;No;Posibilidad de generar ingresos como propietario del vehículo;"Posibles daños o mal uso del vehículo rentado;Desconfianza frente a clientes / personas desconocidas;Falta de regulación por parte de entidades oficiales;Posible uso de vehículos para fines no autorizados;Falta de control en la entrega o devolución del vehículo";Sí;"De forma independiente.;";"Buen margen de ganancias.;";;Sí;Colombia;Turoll;"Facilidad en el acceso al servicio.;Rapidez en los tiempos de respuesta.;Transparencia en la información brindada.;Acompañamiento y buen trato durante el proceso.;Seguridad durante los procesos del servicio.;Eficacia en la solución de problemas y dudas.;Flexibilidad para adaptarse a mis necesidades.;Tecnología fácil de utilizar (a través de plataformas digitales, aplicaciones o códigos personales / QRs).).;";;Sí;"Por días (cualquier día).;";🔴Prioridad Alta🔴;🔴Prioridad Alta🔴;🔴Prioridad Alta🔴;🔴Prioridad Alta🔴;🔴Prioridad Alta🔴;🔴Prioridad Alta🔴;🔴Prioridad Alta🔴;🔴Prioridad Alta🔴;🔴Prioridad Alta🔴;🔴Prioridad Alta🔴;🔴Prioridad Alta🔴;🔴Prioridad Alta🔴;;"Reciba solicitudes y pueda aceptarlas o denegarlas.;Pueda configurar qué tipo de solicitudes quiero recibir, para luego aceptarlas o denegarlas.;Pueda confiar en la plataforma para que me consulten, o ellos mismos acepten y denieguen un servicio que me solicitan.;";"No me encuentro interesado en rentar por horas.;";"Entre $100.000 a $150.000 el día.;";"Por transacción bancaria inmediata, al finalizar el servicio;Por transacción bancaria inmediata, una vez aprobado el servicio por mí y el cliente;En efectivo, antes de entregar el vehículo al cliente;En efectivo, cuando el cliente devuelve el vehículo";🔴Prioridad Alta🔴;🔴Prioridad Alta🔴;🔴Prioridad Alta🔴;🔴Prioridad Alta🔴;🔴Prioridad Alta🔴;;"Aceptaría pagar una comisión del 4% al 9% por servicio.;";¡Sí, me apuntaría en el presente o en el futuro!;"Por días.;";🔴Prioridad Alta🔴;🔴Prioridad Alta🔴;🔴Prioridad Alta🔴;🔴Prioridad Alta🔴;🔴Prioridad Alta🔴;🔴Prioridad Alta🔴;🔴Prioridad Alta🔴;🔴Prioridad Alta🔴;🔴Prioridad Alta🔴;🔴Prioridad Alta🔴;;"Entre $15.000 a $30.000 la hora.;No me encuentro interesado en rentar por horas.;";"Entre $100.000 a $150.000 el día.;";🔴Prioridad Alta🔴;🔴Prioridad Alta🔴;🔴Prioridad Alta🔴;🔴Prioridad Alta🔴;🔴Prioridad Alta🔴;🔴Prioridad Alta🔴;🔴Prioridad Alta🔴;🔴Prioridad Alta🔴;;Clara;Muy probable - Me gustaría inscribirme en la plataforma.;Por llamada telefónica;11;[10, 12)
2025-05-23;06:08;Acepto.;18-25;Colombia;Duitama (Boyacá);Femenino.;4 - (Medio Alto);Soy estudiante en estudios superiores o universitario;Pregrado universitario (Grado o Licenciatura).;Únicamente los fines de semana.;"Taxis;Buses municipales;Buses intermunicipales";Por estudio;No poseo licencia, pero estoy interesado en obtenerla pronto.;No;;;;;;;No;"Mayor flexibilidad en horarios;Mejor negociación en condiciones de arriendo;Experiencia de negocio más personalizada;Aprovechamiento de vehículos particulares inactivos";"Posibles daños o mal uso del vehículo rentado;Falta de regulación por parte de entidades oficiales;Posible uso de vehículos para fines no autorizados";No;;;;No;;;;;Sí;"Por días (cualquier día).;A disposición personal.;";🔴Prioridad Alta🔴;🔴Prioridad Alta🔴;🔴Prioridad Alta🔴;🔴Prioridad Alta🔴;🔴Prioridad Alta🔴;🔴Prioridad Alta🔴;🔴Prioridad Alta🔴;🔴Prioridad Alta🔴;🔴Prioridad Alta🔴;🔴Prioridad Alta🔴;🔴Prioridad Alta🔴;🔴Prioridad Alta🔴;;"Pueda configurar qué tipo de solicitudes quiero recibir, para luego aceptarlas o denegarlas.;";"Entre $15.000 a $30.000 la hora.;";"Entre $100.000 a $150.000 el día.;";Por transacción bancaria inmediata, una vez aprobado el servicio por mí y el cliente;🔴Prioridad Alta🔴;🔴Prioridad Alta🔴;🔴Prioridad Alta🔴;🔴Prioridad Alta🔴;🔴Prioridad Alta🔴;;"Aceptaría pagar una comisión del 4% al 9% por servicio.;";¡Sí, me apuntaría en el presente o en el futuro!;"Por horas.;Por días.;Por semanas.;Por meses.;";🔴Prioridad Alta🔴;🔴Prioridad Alta🔴;🔴Prioridad Alta🔴;🔴Prioridad Alta🔴;🔴Prioridad Alta🔴;🔴Prioridad Alta🔴;🔴Prioridad Alta🔴;🔴Prioridad Alta🔴;🔴Prioridad Alta🔴;🔴Prioridad Alta🔴;;"Entre $15.000 a $30.000 la hora.;";"Entre $100.000 a $150.000 el día.;";🔴Prioridad Alta🔴;🔴Prioridad Alta🔴;🔴Prioridad Alta🔴;🔴Prioridad Alta🔴;🔴Prioridad Alta🔴;🔴Prioridad Alta🔴;🔴Prioridad Alta🔴;🔴Prioridad Alta🔴;;Clara;Muy probable - Me gustaría inscribirme en la plataforma.;"Un chat en la plataforma;Por llamada telefónica";6;[6, 8)
2025-05-23;19:39;Acepto.;66-75;Colombia;Santa Rosa De Viterbo (Boyacá);Masculino.;3 - (Medio);Soy empleado;Secundaria media (10° a 11°, o Vocacional, o Preparatoria).;Únicamente los fines de semana.;Buses intermunicipales;Por compromisos personales o familiares;Poseo licencia de conducción vigente o próxima a renovar.;Sí;Diariamente.;Varios vehículos.;;;"Sí, comparto mi vehículo personal con familiares, amigos o conocidos.;";"Automóvil (carros, camionetas, entre otros);";No;"Posibilidad de generar ingresos como propietario del vehículo;Diversidad de vehículos para rentar / arrendar;Experiencia de negocio más personalizada;Aprovechamiento de vehículos particulares inactivos;Mejor negociación en condiciones de arriendo;Mayor flexibilidad en horarios;Promueve la economía colaborativa";"Posibles daños o mal uso del vehículo rentado;Desconfianza frente a clientes / personas desconocidas;Posible uso de vehículos para fines no autorizados";No;;;;No;;;;;No;;;;;;;;;;;;;;;;;;;;;;;;;;¡Sí, me apuntaría en el presente o en el futuro!;"Por horas.;";🔴Prioridad Alta🔴;🔴Prioridad Alta🔴;🔴Prioridad Alta🔴;🔴Prioridad Alta🔴;🔴Prioridad Alta🔴;🔴Prioridad Alta🔴;🔴Prioridad Alta🔴;🔴Prioridad Alta🔴;🔴Prioridad Alta🔴;🔴Prioridad Alta🔴;Revisar 49H;"Entre $15.000 a $30.000 la hora.;";"No me encuentro interesado en rentar por días.;";🔴Prioridad Alta🔴;🔴Prioridad Alta🔴;🔴Prioridad Alta🔴;🔴Prioridad Alta🔴;🔴Prioridad Alta🔴;🔴Prioridad Alta🔴;🔴Prioridad Alta🔴;🔴Prioridad Alta🔴;;Clara;Neutral - Es un buen concepto que requiere más desarrollo.;Con un chatbot (Sea por plataforma, Whatsapp, u otro medio.);19;[18, 20)
2025-05-23;07:40;Acepto.;18-25;Colombia;Duitama (Boyacá);Femenino.;3 - (Medio);Soy estudiante en estudios superiores o universitario;Pregrado universitario (Grado o Licenciatura).;Rara vez.;"Taxis;Buses municipales";"Por compromisos personales o familiares;Por estudio";Poseo licencia de conducción vigente o próxima a renovar.;Sí;Solo entre semana laboral.;Varios vehículos.;;;"Sí, ocasionalmente comparto otros vehículos con familiares, amigos, conocidos o por negocios.;";"Automóvil (carros, camionetas, entre otros);";Sí;"Diversidad de vehículos para rentar / arrendar;Promueve la economía colaborativa;Aprovechamiento de vehículos particulares inactivos";"Posibles daños o mal uso del vehículo rentado;Falta de regulación por parte de entidades oficiales;Posible uso de vehículos para fines no autorizados";No;;;;No;;;;;Sí;"Por horas.;";🔴Prioridad Alta🔴;🔴Prioridad Alta🔴;🔴Prioridad Alta🔴;🔴Prioridad Alta🔴;🔴Prioridad Alta🔴;🔴Prioridad Alta🔴;🔴Prioridad Alta🔴;🔴Prioridad Alta🔴;🔴Prioridad Alta🔴;🔴Prioridad Alta🔴;🔴Prioridad Alta🔴;🔴Prioridad Alta🔴;;"Reciba solicitudes y pueda aceptarlas o denegarlas.;Pueda configurar qué tipo de solicitudes quiero recibir, para luego aceptarlas o denegarlas.;";"Entre $30.000 a $50.000 la hora.;";"Entre $200.000 a $250.000 el día.;";"Un respaldo con un pagaré automatizado por transferencia bancaria al finalizar el servicio por medio de Flex Drive;Por transacción bancaria inmediata, una vez aprobado el servicio por mí y el cliente";🔴Prioridad Alta🔴;🟡Prioridad Media🟡;🟡Prioridad Media🟡;🔴Prioridad Alta🔴;🔴Prioridad Alta🔴;;"Aceptaría pagar una comisión del 4% al 9% por servicio.;";¡Sí, me apuntaría en el presente o en el futuro!;"Por horas.;";🔴Prioridad Alta🔴;🔴Prioridad Alta🔴;🔴Prioridad Alta🔴;🔴Prioridad Alta🔴;🔴Prioridad Alta🔴;🔴Prioridad Alta🔴;🔴Prioridad Alta🔴;🔴Prioridad Alta🔴;🔴Prioridad Alta🔴;🔴Prioridad Alta🔴;;"Entre $30.000 a $50.000 la hora.;";"Entre $200.000 a $250.000 el día.;";🔴Prioridad Alta🔴;🟡Prioridad Media🟡;🔴Prioridad Alta🔴;🔴Prioridad Alta🔴;🟡Prioridad Media🟡;🔴Prioridad Alta🔴;🔴Prioridad Alta🔴;🔴Prioridad Alta🔴;;Clara;Probable - Me gustaría conocer más de la plataforma antes de entrar.;"Un chat en la plataforma;Por chat con asesor mediante Whatsapp";7;[6, 8)
2025-05-23;08:08;Acepto.;26-35;Colombia;Duitama (Boyacá);Femenino.;3 - (Medio);Soy empleado;Especialización o Diplomado de Posgrado (estudios posteriores con enfoque técnico o profesional).;Rara vez.;Otro: Plataformas digitales de transporte (servicios privados);Por compromisos personales o familiares;Poseo licencia de conducción vigente o próxima a renovar.;Sí;Diariamente.;Un único vehículo.;Ocasionalmente lo comparto con mi familia, amigos o conocidos.;Automóvil (carros, camionetas, entre otros);;;No;;"Posibles daños o mal uso del vehículo rentado;Posible uso de vehículos para fines no autorizados;Falta de control en la entrega o devolución del vehículo";No;;;;No;;;;;No;;;;;;;;;;;;;;;;;;;;;;;;;;No me llama la atención, gracias.;;;;;;;;;;;;;;;;;;;;;;;;Clara;Neutral - Es un buen concepto que requiere más desarrollo.;Un chat en la plataforma;8;[8, 10)
2025-05-23;07:30;Acepto.;18-25;Colombia;Tunja (Boyacá);Femenino.;3 - (Medio);Soy estudiante en estudios superiores o universitario;Pregrado universitario (Grado o Licenciatura).;Diariamente.;"Taxis;Buses municipales;Buses intermunicipales";"Por estudio;Por compromisos personales o familiares";No poseo licencia, pero estoy interesado en obtenerla pronto.;No;;;;;;;No;Mayor flexibilidad en horarios;"Posibles daños o mal uso del vehículo rentado;Desconfianza frente a clientes / personas desconocidas;Falta de regulación por parte de entidades oficiales;Posible uso de vehículos para fines no autorizados";Sí;"A través de una empresa o entidad presencial.;";"Buen margen de ganancias.;Control sobre las decisiones tomadas sobre el vehículo.;Buena gestión por parte de la entidad sobre el vehículo.;Acompañamiento en los trámites y documentación.;";;Sí;Colombia;;"Flexibilidad para adaptarse a mis necesidades.;Eficacia en la solución de problemas y dudas.;";"Dificultad para solicitar o acceder al servicio;Lentitud en tiempos de atención y respuesta";No;;;;;;;;;;;;;;;;;;;;;;;;;;¡Sí, me apuntaría en el presente o en el futuro!;"Por días.;";🔴Prioridad Alta🔴;🔴Prioridad Alta🔴;🔴Prioridad Alta🔴;🔴Prioridad Alta🔴;🔴Prioridad Alta🔴;🔴Prioridad Alta🔴;🔴Prioridad Alta🔴;🔴Prioridad Alta🔴;🔴Prioridad Alta🔴;🔴Prioridad Alta🔴;;"No me encuentro interesado en rentar por horas.;";"Entre $200.000 a $250.000 el día.;Entre $250.000 a $350.000 el día.;";🟡Prioridad Media🟡;🟡Prioridad Media🟡;🔴Prioridad Alta🔴;🔴Prioridad Alta🔴;🔴Prioridad Alta🔴;🔴Prioridad Alta🔴;🔴Prioridad Alta🔴;🔴Prioridad Alta🔴;;Confusa;Muy improbable - No me encuentro interesado o no hay una mercado de interés.;Con un chatbot (Sea por plataforma, Whatsapp, u otro medio.);7;[6, 8)
2025-05-24;08:04;Acepto.;46-55;Colombia;Duitama (Boyacá);Femenino.;3 - (Medio);Soy freelancer / independiente;Secundaria media (10° a 11°, o Vocacional, o Preparatoria).;Rara vez.;Taxis;Por compromisos personales o familiares;Poseo licencia de conducción vigente o próxima a renovar.;Sí;Muy rara vez.;Un único vehículo.;Ocasionalmente lo comparto con mi familia, amigos o conocidos.;Automóvil (carros, camionetas, entre otros);;;Sí;Experiencia de negocio más personalizada;Posibles daños o mal uso del vehículo rentado;No;;;;No;;;;;No;;;;;;;;;;;;;;;;;;;;;;;;;;No me llama la atención, gracias.;;;;;;;;;;;;;;;;;;;;;;;;Clara;Neutral - Es un buen concepto que requiere más desarrollo.;Por llamada telefónica;8;[8, 10)
2025-05-24;02:51;Acepto.;36-45;Colombia;Duitama (Boyacá);Masculino.;4 - (Medio Alto);Soy empleado;Especialización o Diplomado de Posgrado (estudios posteriores con enfoque técnico o profesional).;Rara vez.;Buses municipales;Por trabajo;Poseo licencia de conducción vigente o próxima a renovar.;Sí;Diariamente.;Un único vehículo.;Sí, es un vehículo compartido con familiares, amigos o conocidos.;Automóvil (carros, camionetas, entre otros);;;Sí;Diversidad de vehículos para rentar / arrendar;"Posibles daños o mal uso del vehículo rentado;Desconfianza frente a clientes / personas desconocidas;Falta de regulación por parte de entidades oficiales;Posible uso de vehículos para fines no autorizados;Falta de control en la entrega o devolución del vehículo";No;;;;No;;;;;No;;;;;;;;;;;;;;;;;;;;;;;;;;No me llama la atención, gracias.;;;;;;;;;;;;;;;;;;;;;;;;Confusa;Muy improbable - No me encuentro interesado o no hay una mercado de interés.;Un chat en la plataforma;2;[2, 4)
2025-05-24;05:20;Acepto.;36-45;Colombia;Duitama (Boyacá);Femenino.;3 - (Medio);Soy empleado;Especialización o Diplomado de Posgrado (estudios posteriores con enfoque técnico o profesional).;Diariamente.;"Taxis;Buses intermunicipales;Buses municipales";Por trabajo;Poseo licencia de conducción vigente o próxima a renovar.;No;;;;;;;Sí;Diversidad de vehículos para rentar / arrendar;Posibles daños o mal uso del vehículo rentado;No;;;;No;;;;;Sí;"A disposición personal.;";🔴Prioridad Alta🔴;🔴Prioridad Alta🔴;🔴Prioridad Alta🔴;🔴Prioridad Alta🔴;🔴Prioridad Alta🔴;🔴Prioridad Alta🔴;🔴Prioridad Alta🔴;🔴Prioridad Alta🔴;🔴Prioridad Alta🔴;🔴Prioridad Alta🔴;🔴Prioridad Alta🔴;🔴Prioridad Alta🔴;Definir quién será el conductor;"Reciba solicitudes y pueda aceptarlas o denegarlas.;";"Entre $15.000 a $30.000 la hora.;";"Entre $100.000 a $150.000 el día.;";En efectivo, antes de entregar el vehículo al cliente;🔴Prioridad Alta🔴;🔴Prioridad Alta🔴;🔴Prioridad Alta🔴;🔴Prioridad Alta🔴;🔴Prioridad Alta🔴;;"Aceptaría pagar una comisión del 4% al 9% por servicio.;";¡Sí, me apuntaría en el presente o en el futuro!;"Por horas.;";🔴Prioridad Alta🔴;🔴Prioridad Alta🔴;🔴Prioridad Alta🔴;🔴Prioridad Alta🔴;🔴Prioridad Alta🔴;🔴Prioridad Alta🔴;🔴Prioridad Alta🔴;🔴Prioridad Alta🔴;🔴Prioridad Alta🔴;🔴Prioridad Alta🔴;;"Entre $15.000 a $30.000 la hora.;";"Entre $100.000 a $150.000 el día.;";🔴Prioridad Alta🔴;🔴Prioridad Alta🔴;🔴Prioridad Alta🔴;🔴Prioridad Alta🔴;🔴Prioridad Alta🔴;🔴Prioridad Alta🔴;🔴Prioridad Alta🔴;🔴Prioridad Alta🔴;;Clara;Muy probable - Me gustaría inscribirme en la plataforma.;Un chat en la plataforma;5;[4, 6)
2025-05-24;06:26;Acepto.;36-45;Colombia;San Juan Bosco (Boyacá);Femenino.;3 - (Medio);Soy freelancer / independiente;Especialización o Diplomado de Posgrado (estudios posteriores con enfoque técnico o profesional).;Rara vez.;Taxis;Por compromisos personales o familiares;Poseo licencia de conducción vigente o próxima a renovar.;Sí;Diariamente.;Un único vehículo.;No, es un vehículo completamente propio.;Automóvil (carros, camionetas, entre otros);;;Sí;Mayor flexibilidad en horarios;Posibles daños o mal uso del vehículo rentado;No;;;;No;;;;;Sí;"A disposición personal.;";🔴Prioridad Alta🔴;🔴Prioridad Alta🔴;🔴Prioridad Alta🔴;🔴Prioridad Alta🔴;🔴Prioridad Alta🔴;🔴Prioridad Alta🔴;🔴Prioridad Alta🔴;🔴Prioridad Alta🔴;🔴Prioridad Alta🔴;🔴Prioridad Alta🔴;🔴Prioridad Alta🔴;🔴Prioridad Alta🔴;;"Pueda confiar en la plataforma para que me consulten, o ellos mismos acepten y denieguen un servicio que me solicitan.;";"Entre $50.000 a $80.000 la hora.;";"No me encuentro interesado en rentar por días.;";En efectivo, antes de entregar el vehículo al cliente;🔴Prioridad Alta🔴;🔴Prioridad Alta🔴;🔴Prioridad Alta🔴;🔴Prioridad Alta🔴;🔴Prioridad Alta🔴;;"No estaría interesado en pagar comisión alguna.;";No me llama la atención, gracias.;;;;;;;;;;;;;;;;;;;;;;;;Confusa;Muy improbable - No me encuentro interesado o no hay una mercado de interés.;Por chat con asesor mediante Whatsapp;6;[6, 8)
2025-05-24;37:29;Acepto.;36-45;Colombia;Duitama (Boyacá);Femenino.;4 - (Medio Alto);Soy freelancer / independiente;Maestría (Estudios avanzados académicos o profesionales luego del posgrado).;Rara vez.;Taxis;Por compromisos personales o familiares;Poseo licencia de conducción vigente o próxima a renovar.;Sí;Diariamente.;Un único vehículo.;Sí, es un vehículo compartido con familiares, amigos o conocidos.;Automóvil (carros, camionetas, entre otros);;;Sí;Posibilidad de generar ingresos como propietario del vehículo;"Falta de regulación por parte de entidades oficiales;Otros: Informalidad laboral";No;;;;Sí;Tanto en Colombia como en el exterior;"Localiza;inDrive;Uber";"Rapidez en los tiempos de respuesta.;";Otro: Protección legal nula ante incidentes;No;;;;;;;;;;;;;;;;;;;;;;;;;;¡Sí, me apuntaría en el presente o en el futuro!;"Por horas.;";🔴Prioridad Alta🔴;🔴Prioridad Alta🔴;🔴Prioridad Alta🔴;🔴Prioridad Alta🔴;🔴Prioridad Alta🔴;🔴Prioridad Alta🔴;🟡Prioridad Media🟡;🔴Prioridad Alta🔴;🔴Prioridad Alta🔴;🔴Prioridad Alta🔴;;"Entre $30.000 a $50.000 la hora.;";"Entre $150.000 a $200.000 el día.;";🟡Prioridad Media🟡;🔴Prioridad Alta🔴;🔴Prioridad Alta🔴;🟡Prioridad Media🟡;🟡Prioridad Media🟡;🔴Prioridad Alta🔴;🔴Prioridad Alta🔴;🟡Prioridad Media🟡;;Clara;Neutral - Es un buen concepto que requiere más desarrollo.;Por correo electrónico;37;[36, 38)
2025-05-24;14:52;Acepto.;46-55;Colombia;Duitama (Boyacá);Femenino.;2 - (Bajo - Medio);Soy freelancer / independiente;Pregrado universitario (Grado o Licenciatura).;Rara vez.;"Buses municipales;Taxis";Por trabajo;No poseo licencia, pero estoy interesado en obtenerla pronto.;No;;;;;;;No;"Mayor flexibilidad en horarios;Diversidad de vehículos para rentar / arrendar;Promueve la economía colaborativa";"Desconfianza frente a clientes / personas desconocidas;Falta de control en la entrega o devolución del vehículo;Posible uso de vehículos para fines no autorizados";No;;;;No;;;;;No;;;;;;;;;;;;;;;;;;;;;;;;;;No me llama la atención, gracias.;;;;;;;;;;;;;;;;;;;;;;;;Clara;Muy probable - Me gustaría inscribirme en la plataforma.;Por chat con asesor mediante Whatsapp;14;[14, 16)
2025-05-24;15:06;Acepto.;26-35;Colombia;Duitama (Boyacá);Femenino.;3 - (Medio);Soy freelancer / independiente;Especialización o Diplomado de Posgrado (estudios posteriores con enfoque técnico o profesional).;Rara vez.;"Buses municipales;Taxis";"Por trabajo;Por compromisos personales o familiares";Poseo licencia de conducción vigente o próxima a renovar.;Sí;Diariamente.;Un único vehículo.;Sí, es un vehículo compartido con familiares, amigos o conocidos.;Automóvil (carros, camionetas, entre otros);;;No;Posibilidad de generar ingresos como propietario del vehículo;"Posibles daños o mal uso del vehículo rentado;Desconfianza frente a clientes / personas desconocidas;Falta de regulación por parte de entidades oficiales";No;;;;No;;;;;No;;;;;;;;;;;;;;;;;;;;;;;;;;¡Sí, me apuntaría en el presente o en el futuro!;"Por horas.;";🔴Prioridad Alta🔴;🔴Prioridad Alta🔴;🟡Prioridad Media🟡;🔴Prioridad Alta🔴;🟡Prioridad Media🟡;🔴Prioridad Alta🔴;🟡Prioridad Media🟡;🔴Prioridad Alta🔴;🟡Prioridad Media🟡;🟡Prioridad Media🟡;;"Entre $15.000 a $30.000 la hora.;";"Entre $100.000 a $150.000 el día.;";🔴Prioridad Alta🔴;🟡Prioridad Media🟡;🔴Prioridad Alta🔴;🔴Prioridad Alta🔴;🔴Prioridad Alta🔴;🔴Prioridad Alta🔴;🔴Prioridad Alta🔴;🔴Prioridad Alta🔴;;Clara;Muy probable - Me gustaría inscribirme en la plataforma.;"Un chat en la plataforma;Por chat con asesor mediante Whatsapp";15;[14, 16)
2025-05-24;09:57;Acepto.;16-17;Colombia;Duitama (Boyacá);Femenino.;3 - (Medio);Soy estudiante en estudios superiores o universitario;Pregrado universitario (Grado o Licenciatura).;Diariamente.;Taxis;"Por trabajo;Por estudio";Poseo licencia de conducción vigente o próxima a renovar.;Sí;Muy rara vez.;Varios vehículos.;;;"No, son vehículos completamente propios.;";"Automóvil (carros, camionetas, entre otros);";Sí;Posibilidad de generar ingresos como propietario del vehículo;"Desconfianza frente a clientes / personas desconocidas;Falta de control en la entrega o devolución del vehículo;Posibles daños o mal uso del vehículo rentado";No;;;;No;;;;;Sí;"Por horas.;";🔴Prioridad Alta🔴;🔴Prioridad Alta🔴;🔴Prioridad Alta🔴;🔴Prioridad Alta🔴;🟡Prioridad Media🟡;🟡Prioridad Media🟡;🔴Prioridad Alta🔴;🟡Prioridad Media🟡;🟡Prioridad Media🟡;🟡Prioridad Media🟡;🔴Prioridad Alta🔴;🔴Prioridad Alta🔴;;"Reciba solicitudes y pueda aceptarlas o denegarlas.;";"Entre $30.000 a $50.000 la hora.;";"No me encuentro interesado en rentar por días.;";"En efectivo, antes de entregar el vehículo al cliente;Un respaldo con un pagaré automatizado por transferencia bancaria al finalizar el servicio por medio de Flex Drive";🔴Prioridad Alta🔴;🔴Prioridad Alta🔴;🔴Prioridad Alta🔴;🔴Prioridad Alta🔴;🔴Prioridad Alta🔴;;"Aceptaría pagar una comisión del 4% al 9% por servicio.;";¡Sí, me apuntaría en el presente o en el futuro!;"Por días.;";🟡Prioridad Media🟡;🔴Prioridad Alta🔴;🔴Prioridad Alta🔴;🔴Prioridad Alta🔴;🔴Prioridad Alta🔴;🔴Prioridad Alta🔴;🟡Prioridad Media🟡;🔴Prioridad Alta🔴;🔴Prioridad Alta🔴;🔴Prioridad Alta🔴;;"Entre $30.000 a $50.000 la hora.;";"No me encuentro interesado en rentar por días.;";🟡Prioridad Media🟡;🔴Prioridad Alta🔴;🔴Prioridad Alta🔴;🔴Prioridad Alta🔴;🔴Prioridad Alta🔴;🔴Prioridad Alta🔴;🔴Prioridad Alta🔴;🔴Prioridad Alta🔴;;Clara;Neutral - Es un buen concepto que requiere más desarrollo.;Por chat con asesor mediante Whatsapp;9;[8, 10)
2025-05-24;08:32;Acepto.;18-25;Colombia;Duitama (Boyacá);Femenino.;2 - (Bajo - Medio);Soy empleado;Formación Técnica o Tecnológica.;Diariamente.;"Taxis;Buses municipales;Buses intermunicipales";"Por compromisos personales o familiares;Por turismo;Por trabajo";No poseo licencia, pero estoy interesado en obtenerla pronto.;No;;;;;;;Sí;"Posibilidad de generar ingresos como propietario del vehículo;Diversidad de vehículos para rentar / arrendar";"Falta de control en la entrega o devolución del vehículo;Desconfianza frente a clientes / personas desconocidas";No;;;;No;;;;;Sí;"Por días (cualquier día).;Por horas.;";🔴Prioridad Alta🔴;🔴Prioridad Alta🔴;🔴Prioridad Alta🔴;🔴Prioridad Alta🔴;🔴Prioridad Alta🔴;🔴Prioridad Alta🔴;🔴Prioridad Alta🔴;🔴Prioridad Alta🔴;🔴Prioridad Alta🔴;🔴Prioridad Alta🔴;🔴Prioridad Alta🔴;🔴Prioridad Alta🔴;;"Reciba solicitudes y pueda aceptarlas o denegarlas.;";"Entre $50.000 a $80.000 la hora.;Desde $80.000 en adelante.;";"Entre $250.000 a $350.000 el día.;Desde $350.000 en adelante.;";"En efectivo, antes de entregar el vehículo al cliente;Por transacción bancaria inmediata, una vez aprobado el servicio por mí y el cliente";🔴Prioridad Alta🔴;🔴Prioridad Alta🔴;🔴Prioridad Alta🔴;🔴Prioridad Alta🔴;🔴Prioridad Alta🔴;;"Preferiría pagar una suscripción mensual.;";¡Sí, me apuntaría en el presente o en el futuro!;"Por horas.;Por días.;";🔴Prioridad Alta🔴;🔴Prioridad Alta🔴;🔴Prioridad Alta🔴;🔴Prioridad Alta🔴;🔴Prioridad Alta🔴;🔴Prioridad Alta🔴;🔴Prioridad Alta🔴;🔴Prioridad Alta🔴;🔴Prioridad Alta🔴;🔴Prioridad Alta🔴;;"Entre $30.000 a $50.000 la hora.;Entre $50.000 a $80.000 la hora.;";"Entre $250.000 a $350.000 el día.;Entre $200.000 a $250.000 el día.;";🔴Prioridad Alta🔴;🔴Prioridad Alta🔴;🔴Prioridad Alta🔴;🔴Prioridad Alta🔴;🔴Prioridad Alta🔴;🔴Prioridad Alta🔴;🔴Prioridad Alta🔴;🔴Prioridad Alta🔴;;Clara;Muy probable - Me gustaría inscribirme en la plataforma.;"Por llamada telefónica;Por chat con asesor mediante Whatsapp";8;[8, 10)
2025-05-24;24:01;Acepto.;36-45;Colombia;Duitama (Boyacá);Femenino.;3 - (Medio);Soy freelancer / independiente;Pregrado universitario (Grado o Licenciatura).;Rara vez.;Taxis;Por trabajo;Poseo licencia de conducción vigente o próxima a renovar.;Sí;Solo durante fines de semana.;Un único vehículo.;No, es un vehículo completamente propio.;Automóvil (carros, camionetas, entre otros);;;Sí;Posibilidad de generar ingresos como propietario del vehículo;Posibles daños o mal uso del vehículo rentado;No;;;;No;;;;;No;;;;;;;;;;;;;;;;;;;;;;;;;;¡Sí, me apuntaría en el presente o en el futuro!;"Por horas.;";🔴Prioridad Alta🔴;🟡Prioridad Media🟡;🔴Prioridad Alta🔴;🔴Prioridad Alta🔴;🔴Prioridad Alta🔴;🟡Prioridad Media🟡;🔴Prioridad Alta🔴;🔴Prioridad Alta🔴;🔴Prioridad Alta🔴;🔴Prioridad Alta🔴;;"Entre $15.000 a $30.000 la hora.;";"Entre $100.000 a $150.000 el día.;";🔴Prioridad Alta🔴;🟡Prioridad Media🟡;🔴Prioridad Alta🔴;🔴Prioridad Alta🔴;🟡Prioridad Media🟡;🔴Prioridad Alta🔴;🟡Prioridad Media🟡;🔴Prioridad Alta🔴;;Clara;Neutral - Es un buen concepto que requiere más desarrollo.;Por llamada telefónica;24;[24, 26)
2025-05-24;12:03;Acepto.;18-25;Colombia;Sogamoso (Boyacá);Femenino.;3 - (Medio);Soy estudiante en estudios superiores o universitario;Formación Técnica o Tecnológica.;Rara vez.;"Buses municipales;Buses intermunicipales";Por trabajo;No poseo licencia, pero estoy interesado en obtenerla pronto.;No;;;;;;;No;"Mayor flexibilidad en horarios;Promueve la economía colaborativa;Aprovechamiento de vehículos particulares inactivos";"Posibles daños o mal uso del vehículo rentado;Desconfianza frente a clientes / personas desconocidas;Posible uso de vehículos para fines no autorizados;Falta de control en la entrega o devolución del vehículo";No;;;;No;;;;;Sí;"A disposición personal.;Solo durante semana (lunes a viernes).;";🔴Prioridad Alta🔴;🔴Prioridad Alta🔴;🔴Prioridad Alta🔴;🔴Prioridad Alta🔴;🔴Prioridad Alta🔴;🔴Prioridad Alta🔴;🔴Prioridad Alta🔴;🔴Prioridad Alta🔴;🔴Prioridad Alta🔴;🔴Prioridad Alta🔴;🔴Prioridad Alta🔴;🔴Prioridad Alta🔴;;"Reciba solicitudes y pueda aceptarlas o denegarlas.;Pueda confiar en la plataforma para que me consulten, o ellos mismos acepten y denieguen un servicio que me solicitan.;";"Entre $15.000 a $30.000 la hora.;";"Entre $100.000 a $150.000 el día.;";"En efectivo, antes de entregar el vehículo al cliente;Por transacción bancaria inmediata, al finalizar el servicio;Un respaldo con un pagaré automatizado por transferencia bancaria al finalizar el servicio por medio de Flex Drive";🔴Prioridad Alta🔴;🔴Prioridad Alta🔴;🔴Prioridad Alta🔴;🔴Prioridad Alta🔴;🔴Prioridad Alta🔴;;"Preferiría pagar una suscripción mensual.;";¡Sí, me apuntaría en el presente o en el futuro!;"Por semanas.;";🔴Prioridad Alta🔴;🔴Prioridad Alta🔴;🔴Prioridad Alta🔴;🔴Prioridad Alta🔴;🔴Prioridad Alta🔴;🔴Prioridad Alta🔴;🔴Prioridad Alta🔴;🔴Prioridad Alta🔴;🔴Prioridad Alta🔴;🔴Prioridad Alta🔴;Revisar 49H;"Entre $15.000 a $30.000 la hora.;";"Entre $100.000 a $150.000 el día.;";🟡Prioridad Media🟡;🟡Prioridad Media🟡;🔴Prioridad Alta🔴;🔴Prioridad Alta🔴;🔴Prioridad Alta🔴;🔴Prioridad Alta🔴;🔴Prioridad Alta🔴;🔴Prioridad Alta🔴;Revisar 49H;Clara;Probable - Me gustaría conocer más de la plataforma antes de entrar.;"Por chat con asesor mediante Whatsapp;Por llamada telefónica;Un chat en la plataforma;Por correo electrónico";12;[12, 14)
2025-05-24;06:15;Acepto.;46-55;Colombia;Duitama (Boyacá);Femenino.;2 - (Bajo - Medio);Soy freelancer / independiente;Formación Técnica o Tecnológica.;Diariamente.;Buses intermunicipales;Por trabajo;No poseo licencia, y tampoco estoy interesado en obtenerla en el momento.;No;;;;;;;Sí;Mayor flexibilidad en horarios;Posibles daños o mal uso del vehículo rentado;No;;;;No;;;;;Sí;"Solo los fines de semana.;";🔴Prioridad Alta🔴;🔴Prioridad Alta🔴;🔴Prioridad Alta🔴;🔴Prioridad Alta🔴;🔴Prioridad Alta🔴;🔴Prioridad Alta🔴;🔴Prioridad Alta🔴;🔴Prioridad Alta🔴;🔴Prioridad Alta🔴;🔴Prioridad Alta🔴;🔴Prioridad Alta🔴;🔴Prioridad Alta🔴;;"Reciba solicitudes y pueda aceptarlas o denegarlas.;";"Entre $50.000 a $80.000 la hora.;";"Entre $100.000 a $150.000 el día.;";Por transacción bancaria inmediata, una vez aprobado el servicio por mí y el cliente;🔴Prioridad Alta🔴;🔴Prioridad Alta🔴;🔴Prioridad Alta🔴;🔴Prioridad Alta🔴;🔴Prioridad Alta🔴;;"Aceptaría pagar una comisión del 4% al 9% por servicio.;";¡Sí, me apuntaría en el presente o en el futuro!;"Por días.;";🔴Prioridad Alta🔴;🔴Prioridad Alta🔴;🔴Prioridad Alta🔴;🔴Prioridad Alta🔴;🔴Prioridad Alta🔴;🔴Prioridad Alta🔴;🔴Prioridad Alta🔴;🔴Prioridad Alta🔴;🔴Prioridad Alta🔴;🔴Prioridad Alta🔴;;"Entre $15.000 a $30.000 la hora.;";"Entre $100.000 a $150.000 el día.;";🔴Prioridad Alta🔴;🔴Prioridad Alta🔴;🔴Prioridad Alta🔴;🔴Prioridad Alta🔴;🔴Prioridad Alta🔴;🔴Prioridad Alta🔴;🔴Prioridad Alta🔴;🔴Prioridad Alta🔴;;Clara;Muy probable - Me gustaría inscribirme en la plataforma.;Un chat en la plataforma;6;[6, 8)
2025-05-24;63:34;Acepto.;36-45;Colombia;Duitama (Boyacá);Femenino.;3 - (Medio);Soy freelancer / independiente;Pregrado universitario (Grado o Licenciatura).;Rara vez.;Taxis;Por compromisos personales o familiares;Poseo licencia de conducción vigente o próxima a renovar.;Sí;Diariamente.;Un único vehículo.;Sí, es un vehículo compartido con familiares, amigos o conocidos.;Automóvil (carros, camionetas, entre otros);;;Sí;Aprovechamiento de vehículos particulares inactivos;Posibles daños o mal uso del vehículo rentado;Sí;"A través de una empresa o entidad presencial.;A través de una plataforma web.;";"Buena gestión por parte de la entidad sobre el vehículo.;";"Decisiones arbitrarias por parte de la entidad sobre el vehículo propio.;";Sí;Colombia;Facebook Marketplace;"Facilidad en el acceso al servicio.;";Dificultad al usar las tecnologías indicadas;Sí;"Por días (cualquier día).;";🟡Prioridad Media🟡;🟡Prioridad Media🟡;🟡Prioridad Media🟡;🔴Prioridad Alta🔴;🟡Prioridad Media🟡;🔴Prioridad Alta🔴;🟡Prioridad Media🟡;🟡Prioridad Media🟡;🔴Prioridad Alta🔴;🔴Prioridad Alta🔴;🟡Prioridad Media🟡;🟡Prioridad Media🟡;Que el vehículo reciba un uso correcto;"Pueda configurar qué tipo de solicitudes quiero recibir, para luego aceptarlas o denegarlas.;";"Entre $15.000 a $30.000 la hora.;Entre $30.000 a $50.000 la hora.;";"Entre $100.000 a $150.000 el día.;";Por transacción bancaria inmediata, una vez aprobado el servicio por mí y el cliente;🔴Prioridad Alta🔴;🔴Prioridad Alta🔴;🔴Prioridad Alta🔴;🔴Prioridad Alta🔴;🔴Prioridad Alta🔴;;"Aceptaría pagar una comisión del 4% al 9% por servicio.;";¡Sí, me apuntaría en el presente o en el futuro!;"Por días.;";🔴Prioridad Alta🔴;🔴Prioridad Alta🔴;🟡Prioridad Media🟡;🔴Prioridad Alta🔴;🟡Prioridad Media🟡;🔴Prioridad Alta🔴;🟡Prioridad Media🟡;🔴Prioridad Alta🔴;🔴Prioridad Alta🔴;🔴Prioridad Alta🔴;;"Entre $50.000 a $80.000 la hora.;";"Entre $150.000 a $200.000 el día.;";🔴Prioridad Alta🔴;🟡Prioridad Media🟡;🔴Prioridad Alta🔴;🔴Prioridad Alta🔴;🟡Prioridad Media🟡;🔴Prioridad Alta🔴;🔴Prioridad Alta🔴;🟡Prioridad Media🟡;Revisar 49H;Clara;Probable - Me gustaría conocer más de la plataforma antes de entrar.;Por correo electrónico;63;
2025-05-24;22:09;Acepto.;36-45;Colombia;Duitama (Boyacá);Masculino.;2 - (Bajo - Medio);Soy empleado;Secundaria media (10° a 11°, o Vocacional, o Preparatoria).;Rara vez.;"Taxis;Buses municipales;Buses intermunicipales";Por trabajo;Poseo licencia de conducción vigente o próxima a renovar.;No;;;;;;;Sí;"Mejor negociación en condiciones de arriendo;Posibilidad de generar ingresos como propietario del vehículo;Experiencia de negocio más personalizada;Promueve la economía colaborativa";"Desconfianza frente a clientes / personas desconocidas;Posible uso de vehículos para fines no autorizados";No;;;;No;;;;;Sí;"A disposición personal.;";🔴Prioridad Alta🔴;🔴Prioridad Alta🔴;🔴Prioridad Alta🔴;🔴Prioridad Alta🔴;🔴Prioridad Alta🔴;🔴Prioridad Alta🔴;🔴Prioridad Alta🔴;🔴Prioridad Alta🔴;🔴Prioridad Alta🔴;🔴Prioridad Alta🔴;🔴Prioridad Alta🔴;🔴Prioridad Alta🔴;;"Reciba solicitudes y pueda aceptarlas o denegarlas.;Pueda confiar en la plataforma para que me consulten, o ellos mismos acepten y denieguen un servicio que me solicitan.;";"No me encuentro interesado en rentar por horas.;";"Entre $150.000 a $200.000 el día.;";"En efectivo, antes de entregar el vehículo al cliente;Por transacción bancaria inmediata, una vez aprobado el servicio por mí y el cliente";🟡Prioridad Media🟡;🔴Prioridad Alta🔴;🟡Prioridad Media🟡;🟡Prioridad Media🟡;🔴Prioridad Alta🔴;;"Aceptaría pagar una comisión del 10% al 14% por servicio.;";¡Sí, me apuntaría en el presente o en el futuro!;"Por exclusividad con el propietario.;Por días.;";🔴Prioridad Alta🔴;🔴Prioridad Alta🔴;🔴Prioridad Alta🔴;🔴Prioridad Alta🔴;🔴Prioridad Alta🔴;🔴Prioridad Alta🔴;🔴Prioridad Alta🔴;🔴Prioridad Alta🔴;🔴Prioridad Alta🔴;🔴Prioridad Alta🔴;;"No me encuentro interesado en rentar por horas.;";"Entre $100.000 a $150.000 el día.;";🟡Prioridad Media🟡;🔴Prioridad Alta🔴;🔴Prioridad Alta🔴;🔴Prioridad Alta🔴;🔴Prioridad Alta🔴;🔴Prioridad Alta🔴;🔴Prioridad Alta🔴;🔴Prioridad Alta🔴;;Clara;Muy probable - Me gustaría inscribirme en la plataforma.;"Un chat en la plataforma;Por llamada telefónica;Por chat con asesor mediante Whatsapp";22;[22, 24)
2025-05-24;04:33;Acepto.;18-25;Colombia;Duitama (Boyacá);Femenino.;4 - (Medio Alto);Soy empleado;Especialización o Diplomado de Posgrado (estudios posteriores con enfoque técnico o profesional).;Diariamente.;Buses intermunicipales;Por trabajo;No poseo licencia, pero estoy interesado en obtenerla pronto.;No;;;;;;;No;Mejor negociación en condiciones de arriendo;Desconfianza frente a clientes / personas desconocidas;No;;;;No;;;;;Sí;"Por horas.;";🔴Prioridad Alta🔴;🔴Prioridad Alta🔴;🔴Prioridad Alta🔴;🔴Prioridad Alta🔴;🔴Prioridad Alta🔴;🔴Prioridad Alta🔴;🔴Prioridad Alta🔴;🔴Prioridad Alta🔴;🔴Prioridad Alta🔴;🔴Prioridad Alta🔴;🔴Prioridad Alta🔴;🔴Prioridad Alta🔴;;"Pueda configurar qué tipo de solicitudes quiero recibir, para luego aceptarlas o denegarlas.;";"Entre $15.000 a $30.000 la hora.;";"Entre $150.000 a $200.000 el día.;";"Por transacción bancaria inmediata, una vez aprobado el servicio por mí y el cliente;En efectivo, antes de entregar el vehículo al cliente;En efectivo, cuando el cliente devuelve el vehículo";🔴Prioridad Alta🔴;🔴Prioridad Alta🔴;🔴Prioridad Alta🔴;🔴Prioridad Alta🔴;🔴Prioridad Alta🔴;;"Preferiría pagar una suscripción mensual.;";No me llama la atención, gracias.;;;;;;;;;;;;;;;;;;;;;;;;Clara;Muy probable - Me gustaría inscribirme en la plataforma.;Por correo electrónico;4;[4, 6)
2025-05-24;07:25;Acepto.;46-55;Colombia;Duitama (Boyacá);Femenino.;3 - (Medio);Soy empleado;Formación Técnica o Tecnológica.;Rara vez.;Taxis;Por compromisos personales o familiares;No poseo licencia, pero estoy interesado en obtenerla pronto.;No;;;;;;;No;;Desconfianza frente a clientes / personas desconocidas;No;;;;No;;;;;No;;;;;;;;;;;;;;;;;;;;;;;;;;¡Sí, me apuntaría en el presente o en el futuro!;"Por horas.;";🔴Prioridad Alta🔴;🟡Prioridad Media🟡;🔴Prioridad Alta🔴;🔴Prioridad Alta🔴;🔴Prioridad Alta🔴;🔴Prioridad Alta🔴;🔴Prioridad Alta🔴;🔴Prioridad Alta🔴;🔴Prioridad Alta🔴;🔴Prioridad Alta🔴;;"Entre $15.000 a $30.000 la hora.;";"No me encuentro interesado en rentar por días.;";🔴Prioridad Alta🔴;🔴Prioridad Alta🔴;🔴Prioridad Alta🔴;🔴Prioridad Alta🔴;🔴Prioridad Alta🔴;🔴Prioridad Alta🔴;🔴Prioridad Alta🔴;🔴Prioridad Alta🔴;;Clara;Probable - Me gustaría conocer más de la plataforma antes de entrar.;Un chat en la plataforma;7;[6, 8)
2025-05-24;12:19;Acepto.;18-25;Colombia;Duitama (Boyacá);Femenino.;3 - (Medio);Soy estudiante en estudios superiores o universitario;Formación Técnica o Tecnológica.;Diariamente.;Buses intermunicipales;Por estudio;Poseo licencia de conducción vigente o próxima a renovar.;Sí;Muy rara vez.;Varios vehículos.;;;"Sí, comparto mi vehículo personal con familiares, amigos o conocidos.;";"Automóvil (carros, camionetas, entre otros);";Sí;Posibilidad de generar ingresos como propietario del vehículo;"Posibles daños o mal uso del vehículo rentado;Desconfianza frente a clientes / personas desconocidas;Falta de regulación por parte de entidades oficiales;Posible uso de vehículos para fines no autorizados;Falta de control en la entrega o devolución del vehículo";No;;;;No;;;;;No;;;;;;;;;;;;;;;;;;;;;;;;;;No me llama la atención, gracias.;;;;;;;;;;;;;;;;;;;;;;;;Clara;Neutral - Es un buen concepto que requiere más desarrollo.;"Un chat en la plataforma;Por chat con asesor mediante Whatsapp;Con un chatbot (Sea por plataforma, Whatsapp, u otro medio.)";12;[12, 14)
2025-05-24;03:33;Acepto.;18-25;Colombia;Duitama (Boyacá);Femenino.;1 - (Bajo);"Soy estudiante de secundaria;Soy estudiante en estudios superiores o universitario";Formación Técnica o Tecnológica.;Diariamente.;"Buses municipales;Buses intermunicipales";"Por estudio;Por trabajo";No poseo licencia, pero estoy interesado en obtenerla pronto.;No;;;;;;;No;Mayor flexibilidad en horarios;Posible uso de vehículos para fines no autorizados;No;;;;No;;;;;No;;;;;;;;;;;;;;;;;;;;;;;;;;No me llama la atención, gracias.;;;;;;;;;;;;;;;;;;;;;;;;Confusa;Improbable - Es un buen concepto con difícil ejecución.;Un chat en la plataforma;3;[2, 4)
2025-05-24;05:36;Acepto.;26-35;Colombia;Duitama (Boyacá);Femenino.;3 - (Medio);Estoy desempleado;Pregrado universitario (Grado o Licenciatura).;Rara vez.;"Taxis;Buses intermunicipales";Por trabajo;Poseo licencia de conducción vigente o próxima a renovar.;No;;;;;;;No;;;No;;;;No;;;;;No;;;;;;;;;;;;;;;;;;;;;;;;;;No me llama la atención, gracias.;;;;;;;;;;;;;;;;;;;;;;;;Clara;Neutral - Es un buen concepto que requiere más desarrollo.;Con un chatbot (Sea por plataforma, Whatsapp, u otro medio.);5;[4, 6)
2025-05-24;05:13;Acepto.;36-45;Colombia;Duitama (Boyacá);Femenino.;2 - (Bajo - Medio);Soy freelancer / independiente;Especialización o Diplomado de Posgrado (estudios posteriores con enfoque técnico o profesional).;Rara vez.;Buses municipales;Por trabajo;Poseo licencia de conducción vigente o próxima a renovar.;Sí;Diariamente.;Un único vehículo.;No, es un vehículo completamente propio.;Automóvil (carros, camionetas, entre otros);;;Sí;;Posibles daños o mal uso del vehículo rentado;No;;;;No;;;;;No;;;;;;;;;;;;;;;;;;;;;;;;;;No me llama la atención, gracias.;;;;;;;;;;;;;;;;;;;;;;;;Clara;Neutral - Es un buen concepto que requiere más desarrollo.;Por correo electrónico;5;[4, 6)
2025-05-24;03:36;Acepto.;18-25;Colombia;Santa Rosa De Viterbo (Boyacá);Masculino.;2 - (Bajo - Medio);Soy estudiante en estudios superiores o universitario;Formación Técnica o Tecnológica.;Únicamente entre semana.;Buses intermunicipales;Por estudio;No poseo licencia, pero estoy interesado en obtenerla pronto.;No;;;;;;;Sí;Ninguno;Ninguna desventaja;No;;;;No;;;;;No;;;;;;;;;;;;;;;;;;;;;;;;;;No me llama la atención, gracias.;;;;;;;;;;;;;;;;;;;;;;;;Clara;Muy improbable - No me encuentro interesado o no hay una mercado de interés.;Un chat en la plataforma;3;[2, 4)
2025-05-24;17:50;Acepto.;36-45;Colombia;Duitama (Boyacá);Masculino.;3 - (Medio);Soy empleado;Secundaria media (10° a 11°, o Vocacional, o Preparatoria).;Rara vez.;Taxis;Por compromisos personales o familiares;Poseo licencia de conducción vigente o próxima a renovar.;Sí;Diariamente.;Varios vehículos.;;;"Sí, comparto mi vehículo personal con familiares, amigos o conocidos.;";"Tráiler;";No;Mejor negociación en condiciones de arriendo;Desconfianza frente a clientes / personas desconocidas;No;;;;No;;;;;No;;;;;;;;;;;;;;;;;;;;;;;;;;¡Sí, me apuntaría en el presente o en el futuro!;"Por días.;";🔴Prioridad Alta🔴;🔴Prioridad Alta🔴;🔴Prioridad Alta🔴;🔴Prioridad Alta🔴;🔴Prioridad Alta🔴;🔴Prioridad Alta🔴;🔴Prioridad Alta🔴;🔴Prioridad Alta🔴;🔴Prioridad Alta🔴;🔴Prioridad Alta🔴;;"Entre $15.000 a $30.000 la hora.;";"Entre $100.000 a $150.000 el día.;";🔴Prioridad Alta🔴;🔴Prioridad Alta🔴;🔴Prioridad Alta🔴;🔴Prioridad Alta🔴;🔴Prioridad Alta🔴;🔴Prioridad Alta🔴;🔴Prioridad Alta🔴;🔴Prioridad Alta🔴;Revisar 49H;Clara;Muy probable - Me gustaría inscribirme en la plataforma.;Un chat en la plataforma;17;[16, 18)
2025-05-24;42:22;Acepto.;18-25;Colombia;Sogamoso (Boyacá);Femenino.;2 - (Bajo - Medio);"Soy estudiante en estudios superiores o universitario;Soy empleado";Formación Técnica o Tecnológica.;Únicamente entre semana.;Buses intermunicipales;"Por estudio;Por compromisos personales o familiares";No poseo licencia, pero estoy interesado en obtenerla pronto.;No;;;;;;;Sí;"Experiencia de negocio más personalizada;Mayor flexibilidad en horarios;Aprovechamiento de vehículos particulares inactivos";"Posibles daños o mal uso del vehículo rentado;Desconfianza frente a clientes / personas desconocidas;Posible uso de vehículos para fines no autorizados;Falta de control en la entrega o devolución del vehículo";No;;;;No;;;;;Sí;"Solo durante semana (lunes a viernes).;";🔴Prioridad Alta🔴;🟡Prioridad Media🟡;🔴Prioridad Alta🔴;🔴Prioridad Alta🔴;🔴Prioridad Alta🔴;🟡Prioridad Media🟡;🟡Prioridad Media🟡;🔴Prioridad Alta🔴;🟡Prioridad Media🟡;🔴Prioridad Alta🔴;🔴Prioridad Alta🔴;🟡Prioridad Media🟡;;"Reciba solicitudes y pueda aceptarlas o denegarlas.;Pueda configurar qué tipo de solicitudes quiero recibir, para luego aceptarlas o denegarlas.;Pueda confiar en la plataforma para que me consulten, o ellos mismos acepten y denieguen un servicio que me solicitan.;";"Entre $15.000 a $30.000 la hora.;";"No me encuentro interesado en rentar por días.;";En efectivo, antes de entregar el vehículo al cliente;🔴Prioridad Alta🔴;🔴Prioridad Alta🔴;🟡Prioridad Media🟡;🟡Prioridad Media🟡;🔴Prioridad Alta🔴;;"No estaría interesado en pagar comisión alguna.;";¡Sí, me apuntaría en el presente o en el futuro!;"Por semanas.;";🔴Prioridad Alta🔴;🔴Prioridad Alta🔴;🔴Prioridad Alta🔴;🔴Prioridad Alta🔴;🟡Prioridad Media🟡;🟡Prioridad Media🟡;🔴Prioridad Alta🔴;🟡Prioridad Media🟡;🟡Prioridad Media🟡;🟡Prioridad Media🟡;;"Entre $15.000 a $30.000 la hora.;";"No me encuentro interesado en rentar por días.;";🔴Prioridad Alta🔴;🟡Prioridad Media🟡;🔴Prioridad Alta🔴;🔴Prioridad Alta🔴;🔴Prioridad Alta🔴;🔴Prioridad Alta🔴;🟡Prioridad Media🟡;🔴Prioridad Alta🔴;;Clara;Probable - Me gustaría conocer más de la plataforma antes de entrar.;"Un chat en la plataforma;Por chat con asesor mediante Whatsapp;Con un chatbot (Sea por plataforma, Whatsapp, u otro medio.)";42;[42, 44)
2025-05-24;11:37;Acepto.;56-65;Colombia;Duitama (Boyacá);Femenino.;3 - (Medio);Estoy jubilado / pensionado / retirado;Formación Técnica o Tecnológica.;Diariamente.;"Taxis;Buses municipales;Buses intermunicipales";Por compromisos personales o familiares;No poseo licencia, y tampoco estoy interesado en obtenerla en el momento.;No;;;;;;;No;Aprovechamiento de vehículos particulares inactivos;Posible uso de vehículos para fines no autorizados;No;;;;Sí;Tanto en Colombia como en el exterior;;"Transparencia en la información brindada.;";Costos elevados en comparación con lo esperado;Sí;"A disposición personal.;";🟡Prioridad Media🟡;🔴Prioridad Alta🔴;🔴Prioridad Alta🔴;🔴Prioridad Alta🔴;🔴Prioridad Alta🔴;🟡Prioridad Media🟡;🔴Prioridad Alta🔴;🔴Prioridad Alta🔴;🔴Prioridad Alta🔴;🟢Prioridad Baja🟢;🔴Prioridad Alta🔴;🔴Prioridad Alta🔴;;"Pueda confiar en la plataforma para que me consulten, o ellos mismos acepten y denieguen un servicio que me solicitan.;";"Entre $30.000 a $50.000 la hora.;";"Entre $100.000 a $150.000 el día.;";Por transacción bancaria inmediata, una vez aprobado el servicio por mí y el cliente;🔴Prioridad Alta🔴;🔴Prioridad Alta🔴;🔴Prioridad Alta🔴;🟢Prioridad Baja🟢;🟢Prioridad Baja🟢;;"No estaría interesado en pagar comisión alguna.;";No me llama la atención, gracias.;;;;;;;;;;;;;;;;;;;;;;;;Confusa;Neutral - Es un buen concepto que requiere más desarrollo.;Por correo electrónico;11;[10, 12)
2025-05-24;13:48;Acepto.;46-55;Colombia;Barranquilla (Atlántico);Masculino.;3 - (Medio);"Soy empleado;Estoy jubilado / pensionado / retirado";Formación Técnica o Tecnológica.;Rara vez.;"Taxis;Buses municipales";Por trabajo;Poseo licencia de conducción vigente o próxima a renovar.;Sí;Diariamente.;Un único vehículo.;Sí, es un vehículo compartido con familiares, amigos o conocidos.;Automóvil (carros, camionetas, entre otros);;;No;Posibilidad de generar ingresos como propietario del vehículo;"Desconfianza frente a clientes / personas desconocidas;Posible uso de vehículos para fines no autorizados;Posibles daños o mal uso del vehículo rentado";No;;;;No;;;;;No;;;;;;;;;;;;;;;;;;;;;;;;;;No me llama la atención, gracias.;;;;;;;;;;;;;;;;;;;;;;;;Clara;Neutral - Es un buen concepto que requiere más desarrollo.;Con un chatbot (Sea por plataforma, Whatsapp, u otro medio.);13;[12, 14)
2025-05-24;19:12;Acepto.;46-55;Colombia;Barranquilla (Atlántico);Femenino.;3 - (Medio);Soy freelancer / independiente;Formación Técnica o Tecnológica.;Únicamente entre semana.;Taxis;Por compromisos personales o familiares;Poseo licencia de conducción vigente o próxima a renovar.;No;;;;;;;No;"Mejor negociación en condiciones de arriendo;Diversidad de vehículos para rentar / arrendar";Desconfianza frente a clientes / personas desconocidas;No;;;;No;;;;;Sí;"A disposición personal.;";🔴Prioridad Alta🔴;🔴Prioridad Alta🔴;🔴Prioridad Alta🔴;🔴Prioridad Alta🔴;🔴Prioridad Alta🔴;🔴Prioridad Alta🔴;🔴Prioridad Alta🔴;🔴Prioridad Alta🔴;🔴Prioridad Alta🔴;🔴Prioridad Alta🔴;🔴Prioridad Alta🔴;🔴Prioridad Alta🔴;;"Reciba solicitudes y pueda aceptarlas o denegarlas.;Pueda configurar qué tipo de solicitudes quiero recibir, para luego aceptarlas o denegarlas.;Pueda confiar en la plataforma para que me consulten, o ellos mismos acepten y denieguen un servicio que me solicitan.;";"No me encuentro interesado en rentar por horas.;";"Entre $100.000 a $150.000 el día.;";En efectivo, antes de entregar el vehículo al cliente;🔴Prioridad Alta🔴;🔴Prioridad Alta🔴;🔴Prioridad Alta🔴;🔴Prioridad Alta🔴;🔴Prioridad Alta🔴;;"No estaría interesado en pagar comisión alguna.;";¡Sí, me apuntaría en el presente o en el futuro!;"Por exclusividad con el propietario.;";🔴Prioridad Alta🔴;🔴Prioridad Alta🔴;🔴Prioridad Alta🔴;🔴Prioridad Alta🔴;🔴Prioridad Alta🔴;🔴Prioridad Alta🔴;🔴Prioridad Alta🔴;🔴Prioridad Alta🔴;🔴Prioridad Alta🔴;🔴Prioridad Alta🔴;;"Entre $15.000 a $30.000 la hora.;";"Entre $100.000 a $150.000 el día.;";🔴Prioridad Alta🔴;🔴Prioridad Alta🔴;🔴Prioridad Alta🔴;🔴Prioridad Alta🔴;🔴Prioridad Alta🔴;🔴Prioridad Alta🔴;🔴Prioridad Alta🔴;🔴Prioridad Alta🔴;;Clara;Probable - Me gustaría conocer más de la plataforma antes de entrar.;"Por llamada telefónica;Por chat con asesor mediante Whatsapp";19;[18, 20)
2025-05-24;04:14;Acepto.;56-65;Colombia;Bogotá D.C.;Femenino.;3 - (Medio);Estoy desempleado;Primaria (1° a 5°).;Diariamente.;SITP;Por compromisos personales o familiares;No poseo licencia, y tampoco estoy interesado en obtenerla en el momento.;No;;;;;;;Sí;"Posibilidad de generar ingresos como propietario del vehículo;Promueve la economía colaborativa";Desconfianza frente a clientes / personas desconocidas;No;;;;No;;;;;No;;;;;;;;;;;;;;;;;;;;;;;;;;No me llama la atención, gracias.;;;;;;;;;;;;;;;;;;;;;;;;Clara;Probable - Me gustaría conocer más de la plataforma antes de entrar.;Por llamada telefónica;4;[4, 6)
2025-05-24;03:24;Acepto.;36-45;Colombia;Duitama (Boyacá);Femenino.;4 - (Medio Alto);Soy empresario;Secundaria básica (6° a 9°).;Diariamente.;Buses intermunicipales;Por estudio;No poseo licencia, pero estoy interesado en obtenerla pronto.;Sí;Solo entre semana laboral.;Un único vehículo.;Sí, es un vehículo compartido con familiares, amigos o conocidos.;Scooter;;;Sí;Posibilidad de generar ingresos como propietario del vehículo;Posibles daños o mal uso del vehículo rentado;Sí;"A través de una plataforma web.;";"Control sobre las decisiones tomadas sobre el vehículo.;";"Comunicación deficiente con el operador logístico.;";Sí;Colombia;;"Facilidad en el acceso al servicio.;";Dificultad para solicitar o acceder al servicio;No;;;;;;;;;;;;;;;;;;;;;;;;;;¡Sí, me apuntaría en el presente o en el futuro!;"Por horas.;";🔴Prioridad Alta🔴;🟡Prioridad Media🟡;🟡Prioridad Media🟡;🟡Prioridad Media🟡;🟡Prioridad Media🟡;🟡Prioridad Media🟡;🟡Prioridad Media🟡;🟡Prioridad Media🟡;🟡Prioridad Media🟡;🔴Prioridad Alta🔴;;"No me encuentro interesado en rentar por horas.;";"Entre $150.000 a $200.000 el día.;";🟡Prioridad Media🟡;🟢Prioridad Baja🟢;🔴Prioridad Alta🔴;🔴Prioridad Alta🔴;🔴Prioridad Alta🔴;🔴Prioridad Alta🔴;🔴Prioridad Alta🔴;🟡Prioridad Media🟡;;Clara;Muy probable - Me gustaría inscribirme en la plataforma.;Un chat en la plataforma;3;[2, 4)
2025-05-24;07:25;Acepto.;16-17;Colombia;Duitama (Boyacá);Femenino.;4 - (Medio Alto);Soy estudiante de secundaria;Secundaria básica (6° a 9°).;Únicamente los fines de semana.;"Buses municipales;Taxis";Por estudio;No poseo licencia, pero estoy interesado en obtenerla pronto.;No;;;;;;;No;Posibilidad de generar ingresos como propietario del vehículo;Desconfianza frente a clientes / personas desconocidas;No;;;;No;;;;;Sí;"Solo los fines de semana.;";🔴Prioridad Alta🔴;🟡Prioridad Media🟡;🟡Prioridad Media🟡;🔴Prioridad Alta🔴;🔴Prioridad Alta🔴;🟢Prioridad Baja🟢;🔴Prioridad Alta🔴;🔴Prioridad Alta🔴;🟢Prioridad Baja🟢;🟢Prioridad Baja🟢;🔴Prioridad Alta🔴;🔴Prioridad Alta🔴;;"Reciba solicitudes y pueda aceptarlas o denegarlas.;";"Entre $15.000 a $30.000 la hora.;";"Entre $100.000 a $150.000 el día.;";En efectivo, antes de entregar el vehículo al cliente;🔴Prioridad Alta🔴;🔴Prioridad Alta🔴;🔴Prioridad Alta🔴;🔴Prioridad Alta🔴;🔴Prioridad Alta🔴;;"Aceptaría pagar una comisión del 4% al 9% por servicio.;";¡Sí, me apuntaría en el presente o en el futuro!;"Por días.;";🔴Prioridad Alta🔴;🔴Prioridad Alta🔴;🔴Prioridad Alta🔴;🔴Prioridad Alta🔴;🔴Prioridad Alta🔴;🔴Prioridad Alta🔴;🔴Prioridad Alta🔴;🔴Prioridad Alta🔴;🔴Prioridad Alta🔴;🔴Prioridad Alta🔴;;"No me encuentro interesado en rentar por horas.;";"Entre $200.000 a $250.000 el día.;";🔴Prioridad Alta🔴;🔴Prioridad Alta🔴;🔴Prioridad Alta🔴;🔴Prioridad Alta🔴;🔴Prioridad Alta🔴;🔴Prioridad Alta🔴;🔴Prioridad Alta🔴;🔴Prioridad Alta🔴;;Confusa;Muy probable - Me gustaría inscribirme en la plataforma.;Por llamada telefónica;7;[6, 8)
2025-05-24;03:48;Acepto.;26-35;Colombia;Floridablanca (Santander);Femenino.;2 - (Bajo - Medio);Soy empleado;Especialización o Diplomado de Posgrado (estudios posteriores con enfoque técnico o profesional).;Diariamente.;"Buses municipales;Taxis";"Por trabajo;Por compromisos personales o familiares";No poseo licencia, y tampoco estoy interesado en obtenerla en el momento.;No;;;;;;;Sí;"Mejor negociación en condiciones de arriendo;Promueve la economía colaborativa";Posible uso de vehículos para fines no autorizados;No;;;;No;;;;;No;;;;;;;;;;;;;;;;;;;;;;;;;;No me llama la atención, gracias.;;;;;;;;;;;;;;;;;;;;;;;;Clara;Neutral - Es un buen concepto que requiere más desarrollo.;"Un chat en la plataforma;Por llamada telefónica;Por chat con asesor mediante Whatsapp";3;[2, 4)
2025-05-24;17:13;Acepto.;56-65;Colombia;Bucaramanga (Santander);Masculino.;2 - (Bajo - Medio);"Estoy jubilado / pensionado / retirado;Me encuentro en descanso / sabático";Especialización o Diplomado de Posgrado (estudios posteriores con enfoque técnico o profesional).;Diariamente.;"Taxis;Otro: Servicios (informales)";Por compromisos personales o familiares;Poseo licencia de conducción vigente o próxima a renovar.;No;;;;;;;No;"Promueve la economía colaborativa;Aprovechamiento de vehículos particulares inactivos";"Posibles daños o mal uso del vehículo rentado;Falta de regulación por parte de entidades oficiales;Falta de control en la entrega o devolución del vehículo";No;;;;Sí;;;"Facilidad en el acceso al servicio.;";;Sí;"Solo durante semana (lunes a viernes).;";🔴Prioridad Alta🔴;🔴Prioridad Alta🔴;🔴Prioridad Alta🔴;🔴Prioridad Alta🔴;🔴Prioridad Alta🔴;🔴Prioridad Alta🔴;🔴Prioridad Alta🔴;🔴Prioridad Alta🔴;🔴Prioridad Alta🔴;🔴Prioridad Alta🔴;🔴Prioridad Alta🔴;🔴Prioridad Alta🔴;Que el vehículo reciba un uso correcto;"Pueda confiar en la plataforma para que me consulten, o ellos mismos acepten y denieguen un servicio que me solicitan.;";"Entre $30.000 a $50.000 la hora.;";"Entre $100.000 a $150.000 el día.;";Por transacción bancaria inmediata, al finalizar el servicio;🔴Prioridad Alta🔴;🔴Prioridad Alta🔴;🔴Prioridad Alta🔴;🔴Prioridad Alta🔴;🔴Prioridad Alta🔴;;"No estaría interesado en pagar comisión alguna.;";¡Sí, me apuntaría en el presente o en el futuro!;"Por días.;";🔴Prioridad Alta🔴;🔴Prioridad Alta🔴;🔴Prioridad Alta🔴;🔴Prioridad Alta🔴;🔴Prioridad Alta🔴;🔴Prioridad Alta🔴;🔴Prioridad Alta🔴;🔴Prioridad Alta🔴;🔴Prioridad Alta🔴;🔴Prioridad Alta🔴;Revisar 49H;"Entre $15.000 a $30.000 la hora.;";"Entre $100.000 a $150.000 el día.;";🔴Prioridad Alta🔴;🔴Prioridad Alta🔴;🔴Prioridad Alta🔴;🔴Prioridad Alta🔴;🔴Prioridad Alta🔴;🔴Prioridad Alta🔴;🔴Prioridad Alta🔴;🔴Prioridad Alta🔴;;Clara;Probable - Me gustaría conocer más de la plataforma antes de entrar.;Por chat con asesor mediante Whatsapp;17;[16, 18)
2025-05-24;03:46;Acepto.;26-35;Colombia;Floridablanca (Santander);Femenino.;3 - (Medio);Soy empleado;Especialización o Diplomado de Posgrado (estudios posteriores con enfoque técnico o profesional).;Diariamente.;Buses intermunicipales;Por trabajo;No poseo licencia, y tampoco estoy interesado en obtenerla en el momento.;No;;;;;;;No;"Mayor flexibilidad en horarios;Mejor negociación en condiciones de arriendo;Diversidad de vehículos para rentar / arrendar";"Posibles daños o mal uso del vehículo rentado;Posible uso de vehículos para fines no autorizados";No;;;;Sí;Colombia;DiDi;"Facilidad en el acceso al servicio.;";Lentitud en tiempos de atención y respuesta;No;;;;;;;;;;;;;;;;;;;;;;;;;;No me llama la atención, gracias.;;;;;;;;;;;;;;;;;;;;;;;;Clara;Muy probable - Me gustaría inscribirme en la plataforma.;Un chat en la plataforma;3;[2, 4)
2025-05-24;04:04;Acepto.;26-35;Colombia;Duitama (Boyacá);Femenino.;3 - (Medio);Soy empleado;Secundaria media (10° a 11°, o Vocacional, o Preparatoria).;Diariamente.;Buses municipales;Por compromisos personales o familiares;No poseo licencia, pero estoy interesado en obtenerla pronto.;No;;;;;;;No;Posibilidad de generar ingresos como propietario del vehículo;Desconfianza frente a clientes / personas desconocidas;Sí;"De forma independiente.;";"Seguridad en el proceso de entrega y devolución en el vehículo.;";"Logística y administración complejas y confusas.;";No;;;;;No;;;;;;;;;;;;;;;;;;;;;;;;;;No me llama la atención, gracias.;;;;;;;;;;;;;;;;;;;;;;;;Clara;Muy probable - Me gustaría inscribirme en la plataforma.;Por correo electrónico;4;[4, 6)
2025-05-24;32:01;Acepto.;18-25;Colombia;Duitama (Boyacá);Femenino.;3 - (Medio);Soy empresario;Especialización o Diplomado de Posgrado (estudios posteriores con enfoque técnico o profesional).;Diariamente.;Buses municipales;Por trabajo;Poseo licencia de conducción vigente o próxima a renovar.;No;;;;;;;No;"Mayor flexibilidad en horarios;Posibilidad de generar ingresos como propietario del vehículo;Mejor negociación en condiciones de arriendo";"Posibles daños o mal uso del vehículo rentado;Posible uso de vehículos para fines no autorizados";No;;;;Sí;Colombia;;"Facilidad en el acceso al servicio.;Rapidez en los tiempos de respuesta.;Seguridad durante los procesos del servicio.;";;Sí;"Solo los fines de semana.;";🔴Prioridad Alta🔴;🔴Prioridad Alta🔴;🔴Prioridad Alta🔴;🔴Prioridad Alta🔴;🔴Prioridad Alta🔴;🔴Prioridad Alta🔴;🟡Prioridad Media🟡;🔴Prioridad Alta🔴;🔴Prioridad Alta🔴;🔴Prioridad Alta🔴;🟡Prioridad Media🟡;🔴Prioridad Alta🔴;;"Reciba solicitudes y pueda aceptarlas o denegarlas.;Pueda configurar qué tipo de solicitudes quiero recibir, para luego aceptarlas o denegarlas.;Pueda confiar en la plataforma para que me consulten, o ellos mismos acepten y denieguen un servicio que me solicitan.;";"Entre $15.000 a $30.000 la hora.;";"Entre $100.000 a $150.000 el día.;";En efectivo, antes de entregar el vehículo al cliente;🔴Prioridad Alta🔴;🔴Prioridad Alta🔴;🔴Prioridad Alta🔴;🔴Prioridad Alta🔴;🔴Prioridad Alta🔴;;"Aceptaría pagar una comisión del 4% al 9% por servicio.;";¡Sí, me apuntaría en el presente o en el futuro!;"Por días.;";🔴Prioridad Alta🔴;🔴Prioridad Alta🔴;🔴Prioridad Alta🔴;🔴Prioridad Alta🔴;🔴Prioridad Alta🔴;🔴Prioridad Alta🔴;🔴Prioridad Alta🔴;🔴Prioridad Alta🔴;🔴Prioridad Alta🔴;🔴Prioridad Alta🔴;;"Entre $15.000 a $30.000 la hora.;";"Entre $100.000 a $150.000 el día.;";🔴Prioridad Alta🔴;🔴Prioridad Alta🔴;🔴Prioridad Alta🔴;🔴Prioridad Alta🔴;🔴Prioridad Alta🔴;🔴Prioridad Alta🔴;🔴Prioridad Alta🔴;🔴Prioridad Alta🔴;;Clara;Probable - Me gustaría conocer más de la plataforma antes de entrar.;"Un chat en la plataforma;Por llamada telefónica;Por chat con asesor mediante Whatsapp";32;[32, 34)
2025-05-24;13:54;Acepto.;26-35;Colombia;Duitama (Boyacá);Femenino.;3 - (Medio);Soy freelancer / independiente;Especialización o Diplomado de Posgrado (estudios posteriores con enfoque técnico o profesional).;Rara vez.;"Buses municipales;Buses intermunicipales";"Por compromisos personales o familiares;Por trabajo";No poseo licencia, pero estoy interesado en obtenerla pronto.;No;;;;;;;Sí;"Posibilidad de generar ingresos como propietario del vehículo;Promueve la economía colaborativa;Aprovechamiento de vehículos particulares inactivos";"Posibles daños o mal uso del vehículo rentado;Desconfianza frente a clientes / personas desconocidas;Falta de regulación por parte de entidades oficiales";No;;;;No;;;;;Sí;"A disposición personal.;";🔴Prioridad Alta🔴;🔴Prioridad Alta🔴;🔴Prioridad Alta🔴;🔴Prioridad Alta🔴;🟡Prioridad Media🟡;🟡Prioridad Media🟡;🔴Prioridad Alta🔴;🔴Prioridad Alta🔴;🔴Prioridad Alta🔴;🔴Prioridad Alta🔴;🔴Prioridad Alta🔴;🔴Prioridad Alta🔴;;"Pueda configurar qué tipo de solicitudes quiero recibir, para luego aceptarlas o denegarlas.;";"No me encuentro interesado en rentar por horas.;";"No me encuentro interesado en rentar por días.;";"Por transacción bancaria inmediata, una vez aprobado el servicio por mí y el cliente;Por transacción bancaria inmediata, al finalizar el servicio;Un respaldo con un pagaré automatizado por transferencia bancaria al finalizar el servicio por medio de Flex Drive";🔴Prioridad Alta🔴;🔴Prioridad Alta🔴;🟡Prioridad Media🟡;🟡Prioridad Media🟡;🟡Prioridad Media🟡;;"Aceptaría pagar una comisión del 4% al 9% por servicio.;";¡Sí, me apuntaría en el presente o en el futuro!;"Por días.;";🟡Prioridad Media🟡;🟡Prioridad Media🟡;🔴Prioridad Alta🔴;🔴Prioridad Alta🔴;🔴Prioridad Alta🔴;🔴Prioridad Alta🔴;🔴Prioridad Alta🔴;🔴Prioridad Alta🔴;🔴Prioridad Alta🔴;🔴Prioridad Alta🔴;;"No me encuentro interesado en rentar por horas.;";"Entre $100.000 a $150.000 el día.;";🟡Prioridad Media🟡;🟡Prioridad Media🟡;🟡Prioridad Media🟡;🔴Prioridad Alta🔴;🔴Prioridad Alta🔴;🔴Prioridad Alta🔴;🔴Prioridad Alta🔴;🔴Prioridad Alta🔴;;Clara;Muy probable - Me gustaría inscribirme en la plataforma.;"Un chat en la plataforma;Por chat con asesor mediante Whatsapp";13;[12, 14)
2025-05-24;07:44;Acepto.;26-35;Colombia;Duitama (Boyacá);Femenino.;4 - (Medio Alto);Soy empleado;Especialización o Diplomado de Posgrado (estudios posteriores con enfoque técnico o profesional).;Únicamente los fines de semana.;"Taxis;Buses intermunicipales";Por compromisos personales o familiares;Poseo licencia de conducción vigente o próxima a renovar.;No;;;;;;;Sí;"Posibilidad de generar ingresos como propietario del vehículo;Diversidad de vehículos para rentar / arrendar;Promueve la economía colaborativa";"Posibles daños o mal uso del vehículo rentado;Posible uso de vehículos para fines no autorizados;Falta de regulación por parte de entidades oficiales";No;;;;No;;;;;Sí;"A disposición personal.;";🔴Prioridad Alta🔴;🔴Prioridad Alta🔴;🟡Prioridad Media🟡;🔴Prioridad Alta🔴;🔴Prioridad Alta🔴;🟡Prioridad Media🟡;🟡Prioridad Media🟡;🔴Prioridad Alta🔴;🟡Prioridad Media🟡;🟡Prioridad Media🟡;🔴Prioridad Alta🔴;🟡Prioridad Media🟡;;"Pueda confiar en la plataforma para que me consulten, o ellos mismos acepten y denieguen un servicio que me solicitan.;";"Entre $15.000 a $30.000 la hora.;";"Entre $100.000 a $150.000 el día.;";Un respaldo con un pagaré automatizado por transferencia bancaria al finalizar el servicio por medio de Flex Drive;🟡Prioridad Media🟡;🔴Prioridad Alta🔴;🟡Prioridad Media🟡;🟡Prioridad Media🟡;🟡Prioridad Media🟡;;"Aceptaría pagar una comisión del 4% al 9% por servicio.;";¡Sí, me apuntaría en el presente o en el futuro!;"Por semanas.;Por días.;Por meses.;";🔴Prioridad Alta🔴;🟡Prioridad Media🟡;🔴Prioridad Alta🔴;🟡Prioridad Media🟡;🟡Prioridad Media🟡;🟡Prioridad Media🟡;🔴Prioridad Alta🔴;🟡Prioridad Media🟡;🟡Prioridad Media🟡;🟡Prioridad Media🟡;;"Entre $15.000 a $30.000 la hora.;";"Entre $100.000 a $150.000 el día.;";🟡Prioridad Media🟡;🟡Prioridad Media🟡;🟡Prioridad Media🟡;🟡Prioridad Media🟡;🔴Prioridad Alta🔴;🔴Prioridad Alta🔴;🟡Prioridad Media🟡;🔴Prioridad Alta🔴;;Clara;Muy probable - Me gustaría inscribirme en la plataforma.;Por chat con asesor mediante Whatsapp;7;[6, 8)
2025-05-24;04:50;Acepto.;36-45;Colombia;Medellín (Antioquia);Femenino.;2 - (Bajo - Medio);Soy empleado;Formación Técnica o Tecnológica.;Diariamente.;"SITP;Buses municipales";Por trabajo;No poseo licencia, y tampoco estoy interesado en obtenerla en el momento.;No;;;;;;;No;;;No;;;;No;;;;;No;;;;;;;;;;;;;;;;;;;;;;;;;;No me llama la atención, gracias.;;;;;;;;;;;;;;;;;;;;;;;;Clara;Muy improbable - No me encuentro interesado o no hay una mercado de interés.;RESPUESTA INVÁLIDA - INDIFERENTE;4;[4, 6)
2025-05-24;03:33;Acepto.;46-55;Colombia;Yopal (Casanare);Femenino.;1 - (Bajo);Soy empleado;Secundaria media (10° a 11°, o Vocacional, o Preparatoria).;Diariamente.;Buses municipales;Por trabajo;No poseo licencia, y tampoco estoy interesado en obtenerla en el momento.;No;;;;;;;No;Mayor flexibilidad en horarios;Posibles daños o mal uso del vehículo rentado;No;;;;No;;;;;No;;;;;;;;;;;;;;;;;;;;;;;;;;No me llama la atención, gracias.;;;;;;;;;;;;;;;;;;;;;;;;Clara;Probable - Me gustaría conocer más de la plataforma antes de entrar.;Por llamada telefónica;3;[2, 4)
2025-05-24;10:11;Acepto.;46-55;Colombia;Duitama (Boyacá);Femenino.;3 - (Medio);Soy freelancer / independiente;Especialización o Diplomado de Posgrado (estudios posteriores con enfoque técnico o profesional).;Diariamente.;"Taxis;Buses municipales;Buses intermunicipales";Por trabajo;No poseo licencia, pero estoy interesado en obtenerla pronto.;No;;;;;;;No;;"Posible uso de vehículos para fines no autorizados;Desconfianza frente a clientes / personas desconocidas";No;;;;No;;;;;No;;;;;;;;;;;;;;;;;;;;;;;;;;No me llama la atención, gracias.;;;;;;;;;;;;;;;;;;;;;;;;Clara;Neutral - Es un buen concepto que requiere más desarrollo.;Por chat con asesor mediante Whatsapp;10;[10, 12)
2025-05-24;06:26;Acepto.;46-55;Colombia;Duitama (Boyacá);Masculino.;4 - (Medio Alto);Soy empleado;Especialización o Diplomado de Posgrado (estudios posteriores con enfoque técnico o profesional).;Rara vez.;Taxis;Por trabajo;Poseo licencia de conducción vigente o próxima a renovar.;Sí;Solo entre semana laboral.;Un único vehículo.;Ocasionalmente lo comparto con mi familia, amigos o conocidos.;Automóvil (carros, camionetas, entre otros);;;No;"Mayor flexibilidad en horarios;Posibilidad de generar ingresos como propietario del vehículo;Promueve la economía colaborativa";"Posibles daños o mal uso del vehículo rentado;Posible uso de vehículos para fines no autorizados;Falta de regulación por parte de entidades oficiales;Desconfianza frente a clientes / personas desconocidas;Falta de control en la entrega o devolución del vehículo";No;;;;No;;;;;Sí;"Por horas.;Por días (cualquier día).;Solo los fines de semana.;";🔴Prioridad Alta🔴;🔴Prioridad Alta🔴;🔴Prioridad Alta🔴;🔴Prioridad Alta🔴;🔴Prioridad Alta🔴;🔴Prioridad Alta🔴;🔴Prioridad Alta🔴;🔴Prioridad Alta🔴;🔴Prioridad Alta🔴;🔴Prioridad Alta🔴;🔴Prioridad Alta🔴;🔴Prioridad Alta🔴;;"Reciba solicitudes y pueda aceptarlas o denegarlas.;Pueda configurar qué tipo de solicitudes quiero recibir, para luego aceptarlas o denegarlas.;Pueda confiar en la plataforma para que me consulten, o ellos mismos acepten y denieguen un servicio que me solicitan.;";"Entre $30.000 a $50.000 la hora.;";"Entre $100.000 a $150.000 el día.;";"En efectivo, antes de entregar el vehículo al cliente;Por transacción bancaria inmediata, una vez aprobado el servicio por mí y el cliente";🔴Prioridad Alta🔴;🔴Prioridad Alta🔴;🔴Prioridad Alta🔴;🔴Prioridad Alta🔴;🔴Prioridad Alta🔴;;"No estaría interesado en pagar comisión alguna.;";¡Sí, me apuntaría en el presente o en el futuro!;"Por horas.;Por días.;Por semanas.;";🔴Prioridad Alta🔴;🔴Prioridad Alta🔴;🔴Prioridad Alta🔴;🔴Prioridad Alta🔴;🔴Prioridad Alta🔴;🔴Prioridad Alta🔴;🔴Prioridad Alta🔴;🔴Prioridad Alta🔴;🔴Prioridad Alta🔴;🔴Prioridad Alta🔴;;"Entre $15.000 a $30.000 la hora.;";"Entre $100.000 a $150.000 el día.;";🔴Prioridad Alta🔴;🔴Prioridad Alta🔴;🔴Prioridad Alta🔴;🔴Prioridad Alta🔴;🔴Prioridad Alta🔴;🔴Prioridad Alta🔴;🔴Prioridad Alta🔴;🔴Prioridad Alta🔴;;Clara;Muy probable - Me gustaría inscribirme en la plataforma.;"Un chat en la plataforma;Con un chatbot (Sea por plataforma, Whatsapp, u otro medio.)";6;[6, 8)
2025-05-24;22:06;Acepto.;36-45;Colombia;El Tarra (Norte De Santander);Masculino.;1 - (Bajo);Estoy desempleado;Formación Técnica o Tecnológica.;Rara vez.;;Por compromisos personales o familiares;No poseo licencia, pero estoy interesado en obtenerla pronto.;No;;;;;;;No;"Promueve la economía colaborativa;Aprovechamiento de vehículos particulares inactivos;Posibilidad de generar ingresos como propietario del vehículo";"Posibles daños o mal uso del vehículo rentado;Desconfianza frente a clientes / personas desconocidas;Posible uso de vehículos para fines no autorizados;Falta de control en la entrega o devolución del vehículo";No;;;;No;;;;;Sí;"Por horas.;Solo los fines de semana.;Por días (cualquier día).;";🔴Prioridad Alta🔴;🔴Prioridad Alta🔴;🔴Prioridad Alta🔴;🔴Prioridad Alta🔴;🔴Prioridad Alta🔴;🔴Prioridad Alta🔴;🔴Prioridad Alta🔴;🔴Prioridad Alta🔴;🔴Prioridad Alta🔴;🔴Prioridad Alta🔴;🔴Prioridad Alta🔴;🔴Prioridad Alta🔴;;"Reciba solicitudes y pueda aceptarlas o denegarlas.;";"No me encuentro interesado en rentar por horas.;";"Entre $100.000 a $150.000 el día.;";En efectivo, cuando el cliente devuelve el vehículo;🔴Prioridad Alta🔴;🔴Prioridad Alta🔴;🔴Prioridad Alta🔴;🔴Prioridad Alta🔴;🔴Prioridad Alta🔴;;"Aceptaría pagar una comisión del 4% al 9% por servicio.;";¡Sí, me apuntaría en el presente o en el futuro!;"Por exclusividad con el propietario.;";🔴Prioridad Alta🔴;🔴Prioridad Alta🔴;🔴Prioridad Alta🔴;🔴Prioridad Alta🔴;🔴Prioridad Alta🔴;🔴Prioridad Alta🔴;🔴Prioridad Alta🔴;🔴Prioridad Alta🔴;🔴Prioridad Alta🔴;🔴Prioridad Alta🔴;;"Entre $15.000 a $30.000 la hora.;";"Entre $100.000 a $150.000 el día.;";🔴Prioridad Alta🔴;🔴Prioridad Alta🔴;🔴Prioridad Alta🔴;🔴Prioridad Alta🔴;🔴Prioridad Alta🔴;🔴Prioridad Alta🔴;🔴Prioridad Alta🔴;🔴Prioridad Alta🔴;;Clara;Neutral - Es un buen concepto que requiere más desarrollo.;Por correo electrónico;22;[22, 24)
2025-05-24;19:00;Acepto.;18-25;Colombia;Bogotá D.C.;Masculino.;4 - (Medio Alto);Soy estudiante en estudios superiores o universitario;Pregrado universitario (Grado o Licenciatura).;Diariamente.;SITP;"Por estudio;Por compromisos personales o familiares";No poseo licencia, pero estoy interesado en obtenerla pronto.;No;;;;;;;Sí;"Mayor flexibilidad en horarios;Mejor negociación en condiciones de arriendo;Diversidad de vehículos para rentar / arrendar";"Posibles daños o mal uso del vehículo rentado;Desconfianza frente a clientes / personas desconocidas;Falta de regulación por parte de entidades oficiales;Posible uso de vehículos para fines no autorizados;Falta de control en la entrega o devolución del vehículo";No;;;;Sí;En el exterior;;"Rapidez en los tiempos de respuesta.;Transparencia en la información brindada.;Acompañamiento y buen trato durante el proceso.;Eficacia en la solución de problemas y dudas.;Tecnología fácil de utilizar (a través de plataformas digitales, aplicaciones o códigos personales / QRs).).;";Falta de información en el servicio o vehículo a recibir;Sí;"Por días (cualquier día).;";🔴Prioridad Alta🔴;🔴Prioridad Alta🔴;🔴Prioridad Alta🔴;🔴Prioridad Alta🔴;🔴Prioridad Alta🔴;🔴Prioridad Alta🔴;🟡Prioridad Media🟡;🟡Prioridad Media🟡;🟡Prioridad Media🟡;🔴Prioridad Alta🔴;🔴Prioridad Alta🔴;🟡Prioridad Media🟡;;"Reciba solicitudes y pueda aceptarlas o denegarlas.;Pueda configurar qué tipo de solicitudes quiero recibir, para luego aceptarlas o denegarlas.;";"Entre $30.000 a $50.000 la hora.;";"Entre $200.000 a $250.000 el día.;Entre $150.000 a $200.000 el día.;";Por transacción bancaria inmediata, una vez aprobado el servicio por mí y el cliente;🟡Prioridad Media🟡;🔴Prioridad Alta🔴;🔴Prioridad Alta🔴;🔴Prioridad Alta🔴;🔴Prioridad Alta🔴;;"Aceptaría pagar una comisión del 4% al 9% por servicio.;Preferiría pagar una suscripción mensual.;";¡Sí, me apuntaría en el presente o en el futuro!;"Por días.;Por semanas.;";🔴Prioridad Alta🔴;🔴Prioridad Alta🔴;🔴Prioridad Alta🔴;🔴Prioridad Alta🔴;🔴Prioridad Alta🔴;🔴Prioridad Alta🔴;🟡Prioridad Media🟡;🔴Prioridad Alta🔴;🟡Prioridad Media🟡;🟡Prioridad Media🟡;;"No me encuentro interesado en rentar por horas.;";"Entre $150.000 a $200.000 el día.;";🟡Prioridad Media🟡;🟡Prioridad Media🟡;🟡Prioridad Media🟡;🔴Prioridad Alta🔴;🔴Prioridad Alta🔴;🔴Prioridad Alta🔴;🔴Prioridad Alta🔴;🔴Prioridad Alta🔴;;Clara;Neutral - Es un buen concepto que requiere más desarrollo.;"Un chat en la plataforma;Por correo electrónico";19;[18, 20)
2025-05-24;07:58;Acepto.;26-35;Colombia;Duitama (Boyacá);Masculino.;4 - (Medio Alto);Soy freelancer / independiente;Pregrado universitario (Grado o Licenciatura).;Rara vez.;Buses municipales;"Por compromisos personales o familiares;Por turismo";Poseo licencia de conducción vigente o próxima a renovar.;Sí;Diariamente.;Un único vehículo.;Ocasionalmente lo comparto con mi familia, amigos o conocidos.;Automóvil (carros, camionetas, entre otros);;;Sí;;;No;;;;No;;;;;No;;;;;;;;;;;;;;;;;;;;;;;;;;No me llama la atención, gracias.;;;;;;;;;;;;;;;;;;;;;;;;Confusa;Improbable - Es un buen concepto con difícil ejecución.;Por chat con asesor mediante Whatsapp;7;[6, 8)
2025-05-24;13:10;Acepto.;46-55;Colombia;Bogotá D.C.;Femenino.;3 - (Medio);Estoy jubilado / pensionado / retirado;Primaria (1° a 5°).;Únicamente entre semana.;"Buses municipales;Buses intermunicipales;SITP";Por compromisos personales o familiares;Poseo licencia de conducción vigente o próxima a renovar.;No;;;;;;;Sí;Diversidad de vehículos para rentar / arrendar;Posibles daños o mal uso del vehículo rentado;No;;;;No;;;;;No;;;;;;;;;;;;;;;;;;;;;;;;;;No me llama la atención, gracias.;;;;;;;;;;;;;;;;;;;;;;;;Clara;Muy improbable - No me encuentro interesado o no hay una mercado de interés.;RESPUESTA INVÁLIDA - INDIFERENTE;13;[12, 14)
2025-05-25;11:45;Acepto.;36-45;Colombia;Yopal (Casanare);Femenino.;3 - (Medio);"Soy estudiante en estudios superiores o universitario;Soy empleado";Formación Técnica o Tecnológica.;Diariamente.;Otro: Servicios (informales);"Por trabajo;Por estudio";Poseo licencia de conducción vigente o próxima a renovar.;Sí;Diariamente.;Un único vehículo.;Ocasionalmente lo comparto con mi familia, amigos o conocidos.;Bicicleta eléctrica;;;Sí;"Posibilidad de generar ingresos como propietario del vehículo;Promueve la economía colaborativa";"Posible uso de vehículos para fines no autorizados;Posibles daños o mal uso del vehículo rentado;Desconfianza frente a clientes / personas desconocidas";No;;;;No;;;;;No;;;;;;;;;;;;;;;;;;;;;;;;;;No me llama la atención, gracias.;;;;;;;;;;;;;;;;;;;;;;;;Clara;Neutral - Es un buen concepto que requiere más desarrollo.;"Un chat en la plataforma;Por llamada telefónica";11;[10, 12)
2025-05-25;05:05;Acepto.;18-25;Colombia;Yopal (Casanare);Femenino.;3 - (Medio);Soy estudiante en estudios superiores o universitario;Pregrado universitario (Grado o Licenciatura).;Rara vez.;"Taxis;Buses municipales";Por turismo;No poseo licencia, pero estoy interesado en obtenerla pronto.;No;;;;;;;No;"Mayor flexibilidad en horarios;Aprovechamiento de vehículos particulares inactivos";"Posibles daños o mal uso del vehículo rentado;Desconfianza frente a clientes / personas desconocidas;Posible uso de vehículos para fines no autorizados;Falta de control en la entrega o devolución del vehículo";No;;;;No;;;;;No;;;;;;;;;;;;;;;;;;;;;;;;;;No me llama la atención, gracias.;;;;;;;;;;;;;;;;;;;;;;;;Clara;Neutral - Es un buen concepto que requiere más desarrollo.;Un chat en la plataforma;5;[4, 6)
2025-05-25;06:08;Acepto.;36-45;Colombia;Duitama (Boyacá);Femenino.;4 - (Medio Alto);Soy empleado;Pregrado universitario (Grado o Licenciatura).;Rara vez.;"Taxis;Buses municipales";"Por turismo;Por compromisos personales o familiares";Poseo licencia de conducción vigente o próxima a renovar.;No;;;;;;;No;Aprovechamiento de vehículos particulares inactivos;"Posibles daños o mal uso del vehículo rentado;Desconfianza frente a clientes / personas desconocidas;Posible uso de vehículos para fines no autorizados;Falta de control en la entrega o devolución del vehículo";No;;;;No;;;;;No;;;;;;;;;;;;;;;;;;;;;;;;;;¡Sí, me apuntaría en el presente o en el futuro!;"Por horas.;";🔴Prioridad Alta🔴;🔴Prioridad Alta🔴;🔴Prioridad Alta🔴;🔴Prioridad Alta🔴;🔴Prioridad Alta🔴;🔴Prioridad Alta🔴;🔴Prioridad Alta🔴;🔴Prioridad Alta🔴;🔴Prioridad Alta🔴;🔴Prioridad Alta🔴;;"Entre $15.000 a $30.000 la hora.;";"Entre $100.000 a $150.000 el día.;";🟢Prioridad Baja🟢;🟢Prioridad Baja🟢;🟢Prioridad Baja🟢;🔴Prioridad Alta🔴;🔴Prioridad Alta🔴;🔴Prioridad Alta🔴;🔴Prioridad Alta🔴;🔴Prioridad Alta🔴;;Clara;Neutral - Es un buen concepto que requiere más desarrollo.;RESPUESTA INVÁLIDA;6;[6, 8)
2025-05-25;29:25;Acepto.;46-55;Colombia;;Femenino.;3 - (Medio);Soy empleado;Pregrado universitario (Grado o Licenciatura).;Rara vez.;SITP;Por trabajo;Poseo licencia de conducción vigente o próxima a renovar.;Sí;Diariamente.;Un único vehículo.;Ocasionalmente lo comparto con mi familia, amigos o conocidos.;Automóvil (carros, camionetas, entre otros);;;Sí;"Aprovechamiento de vehículos particulares inactivos;Promueve la economía colaborativa;Experiencia de negocio más personalizada;Diversidad de vehículos para rentar / arrendar;Posibilidad de generar ingresos como propietario del vehículo;Mejor negociación en condiciones de arriendo;Mayor flexibilidad en horarios";"Posibles daños o mal uso del vehículo rentado;Desconfianza frente a clientes / personas desconocidas;Falta de regulación por parte de entidades oficiales;Posible uso de vehículos para fines no autorizados;Falta de control en la entrega o devolución del vehículo";No;;;;Sí;En el exterior;;"Facilidad en el acceso al servicio.;Rapidez en los tiempos de respuesta.;Transparencia en la información brindada.;Acompañamiento y buen trato durante el proceso.;Seguridad durante los procesos del servicio.;Eficacia en la solución de problemas y dudas.;Flexibilidad para adaptarse a mis necesidades.;Tecnología fácil de utilizar (a través de plataformas digitales, aplicaciones o códigos personales / QRs).).;";;Sí;"Por horas.;Por días (cualquier día).;Solo durante semana (lunes a viernes).;Solo los fines de semana.;A disposición personal.;";🟡Prioridad Media🟡;🟡Prioridad Media🟡;🟡Prioridad Media🟡;🟡Prioridad Media🟡;🟡Prioridad Media🟡;🟡Prioridad Media🟡;🔴Prioridad Alta🔴;🔴Prioridad Alta🔴;🟡Prioridad Media🟡;🟡Prioridad Media🟡;🟡Prioridad Media🟡;🟡Prioridad Media🟡;;"Pueda confiar en la plataforma para que me consulten, o ellos mismos acepten y denieguen un servicio que me solicitan.;";"Entre $15.000 a $30.000 la hora.;";"Entre $100.000 a $150.000 el día.;";Por transacción bancaria inmediata, al finalizar el servicio;🔴Prioridad Alta🔴;🔴Prioridad Alta🔴;🔴Prioridad Alta🔴;🟡Prioridad Media🟡;🟡Prioridad Media🟡;;"Preferiría pagar una suscripción mensual.;Aceptaría pagar una comisión del 4% al 9% por servicio.;";¡Sí, me apuntaría en el presente o en el futuro!;"Por días.;";🟡Prioridad Media🟡;🔴Prioridad Alta🔴;🔴Prioridad Alta🔴;🔴Prioridad Alta🔴;🟡Prioridad Media🟡;🔴Prioridad Alta🔴;🔴Prioridad Alta🔴;🔴Prioridad Alta🔴;🔴Prioridad Alta🔴;🟡Prioridad Media🟡;;"Entre $15.000 a $30.000 la hora.;";"Entre $100.000 a $150.000 el día.;";🔴Prioridad Alta🔴;🔴Prioridad Alta🔴;🔴Prioridad Alta🔴;🔴Prioridad Alta🔴;🔴Prioridad Alta🔴;🔴Prioridad Alta🔴;🔴Prioridad Alta🔴;🔴Prioridad Alta🔴;;Confusa;Neutral - Es un buen concepto que requiere más desarrollo.;"Por chat con asesor mediante Whatsapp;Con un chatbot (Sea por plataforma, Whatsapp, u otro medio.);Por llamada telefónica";29;[28, 30)
2025-05-26;02:24;Acepto.;18-25;Colombia;Tunja (Boyacá);Femenino.;4 - (Medio Alto);Soy estudiante en estudios superiores o universitario;Formación Técnica o Tecnológica.;Rara vez.;Taxis;"Por estudio;Por compromisos personales o familiares";Poseo licencia de conducción vigente o próxima a renovar.;Sí;Diariamente.;Un único vehículo.;Sí, es un vehículo compartido con familiares, amigos o conocidos.;Automóvil (carros, camionetas, entre otros);;;Sí;Posibilidad de generar ingresos como propietario del vehículo;Desconfianza frente a clientes / personas desconocidas;Sí;"A través de una empresa o entidad presencial.;";"Control sobre las decisiones tomadas sobre el vehículo.;";"Decisiones arbitrarias por parte de la entidad sobre el vehículo propio.;";Sí;Tanto en Colombia como en el exterior;;"Facilidad en el acceso al servicio.;";Falta de información en el servicio o vehículo a recibir;Sí;"Solo los fines de semana.;";🟢Prioridad Baja🟢;🟢Prioridad Baja🟢;🟢Prioridad Baja🟢;🟢Prioridad Baja🟢;🟢Prioridad Baja🟢;🟢Prioridad Baja🟢;🟡Prioridad Media🟡;🔴Prioridad Alta🔴;🟡Prioridad Media🟡;🔴Prioridad Alta🔴;🟡Prioridad Media🟡;🟡Prioridad Media🟡;;"Pueda configurar qué tipo de solicitudes quiero recibir, para luego aceptarlas o denegarlas.;";"Entre $50.000 a $80.000 la hora.;";"Entre $100.000 a $150.000 el día.;";Por transacción bancaria inmediata, una vez aprobado el servicio por mí y el cliente;🟢Prioridad Baja🟢;🟡Prioridad Media🟡;🟡Prioridad Media🟡;🟡Prioridad Media🟡;🟢Prioridad Baja🟢;;"Aceptaría pagar una comisión del 10% al 14% por servicio.;";¡Sí, me apuntaría en el presente o en el futuro!;"Por semanas.;";🟢Prioridad Baja🟢;🟢Prioridad Baja🟢;🟡Prioridad Media🟡;🟢Prioridad Baja🟢;🔴Prioridad Alta🔴;🟢Prioridad Baja🟢;🔴Prioridad Alta🔴;🟡Prioridad Media🟡;🟡Prioridad Media🟡;🟡Prioridad Media🟡;;"Entre $15.000 a $30.000 la hora.;";"Entre $150.000 a $200.000 el día.;";🟢Prioridad Baja🟢;🟡Prioridad Media🟡;🟡Prioridad Media🟡;🟡Prioridad Media🟡;🔴Prioridad Alta🔴;🔴Prioridad Alta🔴;🟡Prioridad Media🟡;🔴Prioridad Alta🔴;;Clara;Probable - Me gustaría conocer más de la plataforma antes de entrar.;Por llamada telefónica;2;[2, 4)
2025-05-26;03:29;Acepto.;18-25;Colombia;Tunja (Boyacá);Femenino.;3 - (Medio);Soy estudiante en estudios superiores o universitario;Formación Técnica o Tecnológica.;Únicamente entre semana.;"Buses municipales;Taxis";Por estudio;No poseo licencia, pero estoy interesado en obtenerla pronto.;No;;;;;;;No;Posibilidad de generar ingresos como propietario del vehículo;Posibles daños o mal uso del vehículo rentado;No;;;;No;;;;;No;;;;;;;;;;;;;;;;;;;;;;;;;;No me llama la atención, gracias.;;;;;;;;;;;;;;;;;;;;;;;;Confusa;Neutral - Es un buen concepto que requiere más desarrollo.;"Un chat en la plataforma;Por llamada telefónica;Por correo electrónico";3;[2, 4)
2025-05-26;18:58;Acepto.;46-55;Colombia;Yopal (Casanare);Masculino.;3 - (Medio);"Soy freelancer / independiente;Soy empresario";Secundaria básica (6° a 9°).;Rara vez.;Taxis;Por trabajo;Poseo licencia de conducción vigente o próxima a renovar.;Sí;Diariamente.;Varios vehículos.;;;"Sí, comparto mi vehículo personal con familiares, amigos o conocidos.;";"Automóvil (carros, camionetas, entre otros);";Sí;"Mejor negociación en condiciones de arriendo;Promueve la economía colaborativa;Aprovechamiento de vehículos particulares inactivos";"Posibles daños o mal uso del vehículo rentado;Desconfianza frente a clientes / personas desconocidas;Posible uso de vehículos para fines no autorizados;Falta de control en la entrega o devolución del vehículo";No;;;;No;;;;;Sí;"Por días (cualquier día).;Por horas.;Solo los fines de semana.;Solo durante semana (lunes a viernes).;";🔴Prioridad Alta🔴;🔴Prioridad Alta🔴;🔴Prioridad Alta🔴;🔴Prioridad Alta🔴;🔴Prioridad Alta🔴;🔴Prioridad Alta🔴;🔴Prioridad Alta🔴;🔴Prioridad Alta🔴;🔴Prioridad Alta🔴;🔴Prioridad Alta🔴;🔴Prioridad Alta🔴;🔴Prioridad Alta🔴;;"Pueda confiar en la plataforma para que me consulten, o ellos mismos acepten y denieguen un servicio que me solicitan.;";"Entre $15.000 a $30.000 la hora.;";"Entre $100.000 a $150.000 el día.;";Por transacción bancaria inmediata, una vez aprobado el servicio por mí y el cliente;🔴Prioridad Alta🔴;🔴Prioridad Alta🔴;🔴Prioridad Alta🔴;🔴Prioridad Alta🔴;🔴Prioridad Alta🔴;;"Preferiría pagar una suscripción mensual.;";¡Sí, me apuntaría en el presente o en el futuro!;"Por días.;";🔴Prioridad Alta🔴;🔴Prioridad Alta🔴;🔴Prioridad Alta🔴;🔴Prioridad Alta🔴;🔴Prioridad Alta🔴;🔴Prioridad Alta🔴;🔴Prioridad Alta🔴;🔴Prioridad Alta🔴;🔴Prioridad Alta🔴;🔴Prioridad Alta🔴;;"Entre $15.000 a $30.000 la hora.;";"Entre $100.000 a $150.000 el día.;";🔴Prioridad Alta🔴;🔴Prioridad Alta🔴;🔴Prioridad Alta🔴;🔴Prioridad Alta🔴;🔴Prioridad Alta🔴;🔴Prioridad Alta🔴;🔴Prioridad Alta🔴;🔴Prioridad Alta🔴;;Clara;Muy probable - Me gustaría inscribirme en la plataforma.;"Un chat en la plataforma;Por llamada telefónica;Por chat con asesor mediante Whatsapp";18;[18, 20)
2025-05-26;05:18;Acepto.;36-45;Colombia;Tunja (Boyacá);Femenino.;2 - (Bajo - Medio);Soy freelancer / independiente;Secundaria media (10° a 11°, o Vocacional, o Preparatoria).;Diariamente.;Buses municipales;Por trabajo;No poseo licencia, y tampoco estoy interesado en obtenerla en el momento.;No;;;;;;;No;;;No;;;;No;;;;;No;;;;;;;;;;;;;;;;;;;;;;;;;;No me llama la atención, gracias.;;;;;;;;;;;;;;;;;;;;;;;;Confusa;Neutral - Es un buen concepto que requiere más desarrollo.;Con un chatbot (Sea por plataforma, Whatsapp, u otro medio.);5;[4, 6)
2025-05-26;12:31;Acepto.;46-55;Colombia;;Masculino.;1 - (Bajo);Soy empleado;Secundaria básica (6° a 9°).;Rara vez.;Taxis;Por trabajo;Poseo licencia de conducción vigente o próxima a renovar.;Sí;Diariamente.;Un único vehículo.;Sí, es un vehículo compartido con familiares, amigos o conocidos.;Automóvil (carros, camionetas, entre otros);;;Sí;Promueve la economía colaborativa;Posibles daños o mal uso del vehículo rentado;No;;;;No;;;;;Sí;"Solo los fines de semana.;";🔴Prioridad Alta🔴;🔴Prioridad Alta🔴;🔴Prioridad Alta🔴;🔴Prioridad Alta🔴;🔴Prioridad Alta🔴;🔴Prioridad Alta🔴;🔴Prioridad Alta🔴;🔴Prioridad Alta🔴;🔴Prioridad Alta🔴;🔴Prioridad Alta🔴;🔴Prioridad Alta🔴;🔴Prioridad Alta🔴;;"Pueda confiar en la plataforma para que me consulten, o ellos mismos acepten y denieguen un servicio que me solicitan.;";"Desde $80.000 en adelante.;";"Entre $100.000 a $150.000 el día.;";En efectivo, antes de entregar el vehículo al cliente;🔴Prioridad Alta🔴;🔴Prioridad Alta🔴;🔴Prioridad Alta🔴;🔴Prioridad Alta🔴;🔴Prioridad Alta🔴;Revisar 40B;"Preferiría pagar una suscripción mensual.;";¡Sí, me apuntaría en el presente o en el futuro!;"Por días.;";🔴Prioridad Alta🔴;🔴Prioridad Alta🔴;🔴Prioridad Alta🔴;🔴Prioridad Alta🔴;🔴Prioridad Alta🔴;🔴Prioridad Alta🔴;🔴Prioridad Alta🔴;🔴Prioridad Alta🔴;🔴Prioridad Alta🔴;🔴Prioridad Alta🔴;;"Entre $15.000 a $30.000 la hora.;";"Entre $100.000 a $150.000 el día.;";🔴Prioridad Alta🔴;🔴Prioridad Alta🔴;🔴Prioridad Alta🔴;🔴Prioridad Alta🔴;🔴Prioridad Alta🔴;🔴Prioridad Alta🔴;🔴Prioridad Alta🔴;🔴Prioridad Alta🔴;Otro: Verificación de antecedentes de Propietarios y Vehículos;Clara;Muy probable - Me gustaría inscribirme en la plataforma.;Por correo electrónico;12;[12, 14)
2025-05-26;04:20;Acepto.;26-35;Colombia;Tunja (Boyacá);Femenino.;3 - (Medio);Soy freelancer / independiente;Especialización o Diplomado de Posgrado (estudios posteriores con enfoque técnico o profesional).;Diariamente.;"Buses municipales;Taxis";Por trabajo;Poseo licencia de conducción vigente o próxima a renovar.;No;;;;;;;Sí;Experiencia de negocio más personalizada;"Falta de control en la entrega o devolución del vehículo;Posibles daños o mal uso del vehículo rentado";No;;;;No;;;;;No;;;;;;;;;;;;;;;;;;;;;;;;;;No me llama la atención, gracias.;;;;;;;;;;;;;;;;;;;;;;;;Confusa;Neutral - Es un buen concepto que requiere más desarrollo.;Un chat en la plataforma;4;[4, 6)
2025-05-27;13:53;Acepto.;18-25;Colombia;Tunja (Boyacá);Masculino.;2 - (Bajo - Medio);Soy estudiante en estudios superiores o universitario;Pregrado universitario (Grado o Licenciatura).;Rara vez.;"Taxis;Buses intermunicipales;Buses municipales";"Por trabajo;Por estudio";No poseo licencia, pero estoy interesado en obtenerla pronto.;No;;;;;;;Sí;"Posibilidad de generar ingresos como propietario del vehículo;Mayor flexibilidad en horarios;Promueve la economía colaborativa;Aprovechamiento de vehículos particulares inactivos";"Posibles daños o mal uso del vehículo rentado;Desconfianza frente a clientes / personas desconocidas;Falta de regulación por parte de entidades oficiales;Posible uso de vehículos para fines no autorizados";No;;;;No;;;;;Sí;"Por días (cualquier día).;";🔴Prioridad Alta🔴;🔴Prioridad Alta🔴;🟡Prioridad Media🟡;🔴Prioridad Alta🔴;🟡Prioridad Media🟡;🟡Prioridad Media🟡;🟡Prioridad Media🟡;🟡Prioridad Media🟡;🔴Prioridad Alta🔴;🟡Prioridad Media🟡;🔴Prioridad Alta🔴;🟡Prioridad Media🟡;;"Reciba solicitudes y pueda aceptarlas o denegarlas.;";"Entre $15.000 a $30.000 la hora.;";"Entre $100.000 a $150.000 el día.;";Por transacción bancaria inmediata, una vez aprobado el servicio por mí y el cliente;🔴Prioridad Alta🔴;🔴Prioridad Alta🔴;🟡Prioridad Media🟡;🔴Prioridad Alta🔴;🔴Prioridad Alta🔴;;"No estaría interesado en pagar comisión alguna.;";¡Sí, me apuntaría en el presente o en el futuro!;"Por horas.;Por días.;";🔴Prioridad Alta🔴;🔴Prioridad Alta🔴;🔴Prioridad Alta🔴;🔴Prioridad Alta🔴;🔴Prioridad Alta🔴;🔴Prioridad Alta🔴;🔴Prioridad Alta🔴;🔴Prioridad Alta🔴;🟡Prioridad Media🟡;🟡Prioridad Media🟡;;"Entre $15.000 a $30.000 la hora.;";"Entre $100.000 a $150.000 el día.;";🟡Prioridad Media🟡;🟡Prioridad Media🟡;🟡Prioridad Media🟡;🔴Prioridad Alta🔴;🔴Prioridad Alta🔴;🔴Prioridad Alta🔴;🔴Prioridad Alta🔴;🔴Prioridad Alta🔴;;Clara;Neutral - Es un buen concepto que requiere más desarrollo.;Con un chatbot (Sea por plataforma, Whatsapp, u otro medio.);13;[12, 14)
2025-05-27;13:21;Acepto.;66-75;Colombia;Duitama (Boyacá);Femenino.;3 - (Medio);Soy empleado;Primaria (1° a 5°).;Diariamente.;Buses municipales;Por trabajo;No poseo licencia, pero estoy interesado en obtenerla pronto.;No;;;;;;;Sí;;Falta de regulación por parte de entidades oficiales;No;;;;No;;;;;Sí;"Por días (cualquier día).;";🔴Prioridad Alta🔴;🔴Prioridad Alta🔴;🔴Prioridad Alta🔴;🔴Prioridad Alta🔴;🔴Prioridad Alta🔴;🔴Prioridad Alta🔴;🔴Prioridad Alta🔴;🔴Prioridad Alta🔴;🔴Prioridad Alta🔴;🔴Prioridad Alta🔴;🔴Prioridad Alta🔴;🔴Prioridad Alta🔴;;"Pueda confiar en la plataforma para que me consulten, o ellos mismos acepten y denieguen un servicio que me solicitan.;";"Entre $15.000 a $30.000 la hora.;";"Entre $100.000 a $150.000 el día.;";Por transacción bancaria inmediata, una vez aprobado el servicio por mí y el cliente;🔴Prioridad Alta🔴;🔴Prioridad Alta🔴;🔴Prioridad Alta🔴;🔴Prioridad Alta🔴;🔴Prioridad Alta🔴;;"No estaría interesado en pagar comisión alguna.;";¡Sí, me apuntaría en el presente o en el futuro!;"Por horas.;Por días.;Por semanas.;Por exclusividad con el propietario.;Por meses.;";🔴Prioridad Alta🔴;🔴Prioridad Alta🔴;🔴Prioridad Alta🔴;🔴Prioridad Alta🔴;🔴Prioridad Alta🔴;🔴Prioridad Alta🔴;🔴Prioridad Alta🔴;🔴Prioridad Alta🔴;🔴Prioridad Alta🔴;🔴Prioridad Alta🔴;;"Entre $15.000 a $30.000 la hora.;";"Entre $100.000 a $150.000 el día.;";🔴Prioridad Alta🔴;🔴Prioridad Alta🔴;🔴Prioridad Alta🔴;🔴Prioridad Alta🔴;🔴Prioridad Alta🔴;🔴Prioridad Alta🔴;🔴Prioridad Alta🔴;🔴Prioridad Alta🔴;Otro: Que el vehículo tenga seguro propio;Clara;Muy probable - Me gustaría inscribirme en la plataforma.;Un chat en la plataforma;13;[12, 14)
