Fecha_Presentación;P1-Autorización;P2-Edad;P3-País;P4-Ciudad;P5-Género;P6-Estrato;P7-Actividad_Actual_Multi;P8-Nivel_Educativo;P9-Frecuencia_Uso_Servicios_Públicos;P10-Servicios_Públicos_Usados_Multi;P11-Motivo_Desplazamiento_Multi;P12-Estado_Licencia_Conducción;P13-Posee_Veh_Propio;P14-Frecuencia_Uso_Veh[P13];P15-Cantidad_Veh_Propios[P13];P16-Modo_Uso_Veh[P15-U];P17-Tipo_Veh[P15-U];P18-Modo_Uso_Veh[P15-Multi];P19-Tipo_Veh[P15-Multi];P20-Conoce_P2P;P21-Beneficios_P2P;P22-Desventajas_P2P;P23-Ha_Rentado_Su_Veh;P24N-Forma_Renta[P21];P25N-Aspectos_Positivos_Exp[P21];P26N-Aspectos_Negativos_Exp2[P21];P27-Ha_Tomado_En_Renta;P28N-Lugar_donde_Rentó[P25];P29N-Entidades_Donde_Rentó[P25];P30N-Beneficios_Experiencia[P25];P31N-Desventajas_Experiencia[P25];P32-Interés_Propietario;P33-Modo_Preferido_Renta_Veh[P30];P34[A]-Prioridad:Seguro_Vehicular[P30];P34[B]-Prioridad:GPS_Vehicular[P30];P34[C]-Prioridad:Autentificar_Todos_Los_Users[P30];P34[D]-Prioridad:Seguridad_Pagos_Plataforma[P30];P34[E]-Prioridad:Comunicación_Directa_Cliente[P30];P34[F]-Prioridad:Apoyo_Precios[P30];P34[G]-Prioridad:Contratos_Automáticos[P30];P34[H]-Prioridad:Variedad_Pagos[P30];P34[I]-Prioridad:Reseñas_Clientes[P30];P34[J]-Prioridad:Contacto_FlexDrive[P30];P34[K]-Prioridad:Asistencia_Legal[P30];P34[L]-Prioridad:Apoyo_Cómo_Cobrar[P30];P35N-Otras_Prioridades[P30];P36-Modelo_Confianza_Multi[P30];P37-Precio_Horas_Propietario_Multi[P30];P38_Precio_Dia_Propietario_Multi[P30];P39_Recibir_Pagos_Propietario[P30];P40[A]-Confianza:Edad_Experiencia_Cliente[P30];P40[B]-Confianza:Antecedentes_Cliente[P30];P40[C]-Confianza:Medio_Pago_Ofertado[P30];P40[D]-Confianza:Calificación_Que_Tiene_El_Cliente[P30];P40[E]-Confianza:Motivo_Solicitud[P30];P41N-Otros_Motivos_Para_Rentar_Seguro[P30];P42-Pago_FlexDrive_Propietarios[P30];P43-Interés_Cliente;P44-Modo_Preferido_Renta_Veh[P41];P45[A]-Prioridad:Comunicación_Propietario[P41];P45[B]-Prioridad:Facilidad_Variedad_Pagos[P41];P45[C]-Prioridad:Variedad_Seguros[P41];P45[D]-Prioridad:Verificación_Usuarios[P41];P45[E]-Prioridad:Apoyo_Dudas[P42];P45[F]-Prioridad:Precios_y_Ofertas[P41];P45[G]-Prioridad:Comunicación_FlexDrive[P41];P45[H]-Prioridad:Reseñar_Propietarios[P41];P45[I]-Prioridad:Modelo_Renta_en_15MINS[P41];P45[J]-Prioridad:Modelo_Negociación[P41];P46N-Otras_Prioridades_Para_Tomar_en_Renta[41];P47-Precio_Horas_Cliente_Multi[P41];P48-Precio_Dia_Cliente_Multi[P41];P49[A]-Confianza:Negociar_con_Propietario[P41];P49[B]-Confianza:Antigüedad_Veh[P41];P49[C]-Confianza:Medio_de_Pago_Recibido[P41];P49[D]-Confianza:Reseñas_Veh[P41];P49[E]-Confianza:Reseñas_Propietario[P41];P49[F]-Confianza:Claridad_Contrato[P41];P49[G]-Confianza:Punto_Entrega_Devolución_Vehículo[P41];P49[H]-Confianza:Revisión_Tecnicomecánica_Veh[P41];P50N-Otros_Puntos_Confianza_para_Rentar[P41];P51-¿Entiende_FlexDrive?;P52-¿Usaria_FlexDrive?;P53-Preferencias_para_Comunicarse_con_FlexDrive;Duración_Minutos;Duración_Rango
2025-05-02;Acepto.;18-25;Colombia;Duitama (Boyacá);Femenino.;3;Universitario;Pregrado;Diariamente.;"Taxis;Buses intermunicipales";"Por estudio;Por compromisos personales o familiares";2;0;;;;;;;Sí;"Mayor flexibilidad en horarios;Experiencia de negocio más personalizada;Promueve la economía colaborativa";"Posibles daños o mal uso del vehículo rentado;Falta de regulación por parte de entidades oficiales";No;;;;No;;;;;1;findesemana;🔴Prioridad Alta🔴;🔴Prioridad Alta🔴;🔴Prioridad Alta🔴;🔴Prioridad Alta🔴;🔴Prioridad Alta🔴;🔴Prioridad Alta🔴;🔴Prioridad Alta🔴;🔴Prioridad Alta🔴;🔴Prioridad Alta🔴;🟡Prioridad Media🟡;🔴Prioridad Alta🔴;🔴Prioridad Alta🔴;;"Pueda configurar qué tipo de solicitudes quiero recibir, para luego aceptarlas o denegarlas.;Reciba solicitudes y pueda aceptarlas o denegarlas.;";"Entre $30.000 a $50.000 la hora.;";"No me encuentro interesado en rentar por días.;";"En efectivo, antes de entregar el vehículo al cliente;Por transacción bancaria inmediata, una vez aprobado el servicio por mí y el cliente";🔴Prioridad Alta🔴;🔴Prioridad Alta🔴;🔴Prioridad Alta🔴;🔴Prioridad Alta🔴;🟡Prioridad Media🟡;;"No estaría interesado en pagar comisión alguna.;";1;dias;🔴Prioridad Alta🔴;🔴Prioridad Alta🔴;🔴Prioridad Alta🔴;🔴Prioridad Alta🔴;🔴Prioridad Alta🔴;🔴Prioridad Alta🔴;🔴Prioridad Alta🔴;🟡Prioridad Media🟡;🔴Prioridad Alta🔴;🔴Prioridad Alta🔴;;"Entre $15.000 a $30.000 la hora.;";"Entre $100.000 a $150.000 el día.;";🔴Prioridad Alta🔴;🟡Prioridad Media🟡;🔴Prioridad Alta🔴;🔴Prioridad Alta🔴;🔴Prioridad Alta🔴;🔴Prioridad Alta🔴;;;;1;Probable;"Por chat con asesor mediante Whatsapp;Con un chatbot (Sea por plataforma, Whatsapp, u otro medio.);Por correo electrónico;Por llamada telefónica";7;[6, 8)
2025-05-02;Acepto.;36-45;Colombia;Duitama (Boyacá);Femenino.;2;Desempleado;Técnico / Tecnológico;Únicamente entre semana.;"Taxis;Buses municipales";Por trabajo;2;1;Muy rara vez.;Único;Sí;Auto;;;No;"Mayor flexibilidad en horarios;Posibilidad de generar ingresos como propietario del vehículo;Aprovechamiento de vehículos particulares inactivos";"Posibles daños o mal uso del vehículo rentado;Falta de regulación por parte de entidades oficiales;Posible uso de vehículos para fines no autorizados";No;;;;No;;;;;0;;;;;;;;;;;;;;;;;;;;;;;;;;0;;;;;;;;;;;;;;;;;;;;;;;;1;Neutral;"Por llamada telefónica;Por chat con asesor mediante Whatsapp";5;[4, 6)
2025-05-02;Acepto.;18-25;Colombia;Tunja (Boyacá);Masculino.;4;"Freelancer;Universitario";Pregrado;Únicamente los fines de semana.;"Buses intermunicipales;Otro: Plataformas digitales de transporte (servicios privados)";Por compromisos personales o familiares;2;0;;;;;;;No;"Aprovechamiento de vehículos particulares inactivos;Mayor flexibilidad en horarios";"Posibles daños o mal uso del vehículo rentado;Desconfianza frente a clientes / personas desconocidas;Falta de control en la entrega o devolución del vehículo";No;;;;Sí;;Localiza;"Facilidad en el acceso al servicio.;Transparencia en la información brindada.;Acompañamiento y buen trato durante el proceso.;Seguridad durante los procesos del servicio.;Rapidez en los tiempos de respuesta.;Flexibilidad para adaptarse a mis necesidades.;Tecnología fácil de utilizar (a través de plataformas digitales, aplicaciones o códigos personales / QRs).).;";Costos elevados en comparación con lo esperado;1;"horas;dias";🔴Prioridad Alta🔴;🟢Prioridad Baja🟢;🔴Prioridad Alta🔴;🔴Prioridad Alta🔴;🔴Prioridad Alta🔴;🔴Prioridad Alta🔴;🔴Prioridad Alta🔴;🟢Prioridad Baja🟢;🔴Prioridad Alta🔴;🔴Prioridad Alta🔴;🔴Prioridad Alta🔴;🟡Prioridad Media🟡;;"Pueda configurar qué tipo de solicitudes quiero recibir, para luego aceptarlas o denegarlas.;";"Entre $15.000 a $30.000 la hora.;";"Entre $100.000 a $150.000 el día.;";Un respaldo con un pagaré automatizado por transferencia bancaria al finalizar el servicio por medio de Flex Drive;🟡Prioridad Media🟡;🔴Prioridad Alta🔴;🔴Prioridad Alta🔴;🔴Prioridad Alta🔴;🟡Prioridad Media🟡;;"No estaría interesado en pagar comisión alguna.;";1;dias;🟢Prioridad Baja🟢;🟢Prioridad Baja🟢;🔴Prioridad Alta🔴;🔴Prioridad Alta🔴;🔴Prioridad Alta🔴;🔴Prioridad Alta🔴;🔴Prioridad Alta🔴;🔴Prioridad Alta🔴;🟢Prioridad Baja🟢;🟡Prioridad Media🟡;;"Entre $15.000 a $30.000 la hora.;";"Entre $100.000 a $150.000 el día.;";🟢Prioridad Baja🟢;🔴Prioridad Alta🔴;🟢Prioridad Baja🟢;🔴Prioridad Alta🔴;🔴Prioridad Alta🔴;🔴Prioridad Alta🔴;;;Revisar 49G;1;MuyProbable;"Un chat en la plataforma;Por llamada telefónica;Por chat con asesor mediante Whatsapp";12;[12, 14)
2025-05-02;Acepto.;16-17;Colombia;Tunja (Boyacá);Femenino.;2;Universitario;Pregrado;Únicamente los fines de semana.;Taxis;Por estudio;2;1;Solo durante fines de semana.;Único;No;Motocicleta;;;Sí;"Aprovechamiento de vehículos particulares inactivos;Promueve la economía colaborativa";"Posibles daños o mal uso del vehículo rentado;Posible uso de vehículos para fines no autorizados";No;;;;No;;;;;0;;;;;;;;;;;;;;;;;;;;;;;;;;0;;;;;;;;;;;;;;;;;;;;;;;;1;Neutral;"Un chat en la plataforma;Por llamada telefónica;Por chat con asesor mediante Whatsapp";4;[4, 6)
2025-05-02;Acepto.;18-25;Colombia;Tunja (Boyacá);Femenino.;4;Universitario;Pregrado;Únicamente entre semana.;"Taxis;Buses municipales";Por estudio;1;0;;;;;;;No;"Posibilidad de generar ingresos como propietario del vehículo;Diversidad de vehículos para rentar / arrendar;Promueve la economía colaborativa;Aprovechamiento de vehículos particulares inactivos";"Desconfianza frente a clientes / personas desconocidas;Falta de regulación por parte de entidades oficiales;Posible uso de vehículos para fines no autorizados;Posibles daños o mal uso del vehículo rentado;Falta de control en la entrega o devolución del vehículo";No;;;;No;;;;;0;;;;;;;;;;;;;;;;;;;;;;;;;;1;horas;🔴Prioridad Alta🔴;🔴Prioridad Alta🔴;🔴Prioridad Alta🔴;🟡Prioridad Media🟡;🔴Prioridad Alta🔴;🟡Prioridad Media🟡;🔴Prioridad Alta🔴;🔴Prioridad Alta🔴;🔴Prioridad Alta🔴;🔴Prioridad Alta🔴;;"Entre $15.000 a $30.000 la hora.;";"Entre $100.000 a $150.000 el día.;";🟡Prioridad Media🟡;🟢Prioridad Baja🟢;🔴Prioridad Alta🔴;🔴Prioridad Alta🔴;🔴Prioridad Alta🔴;🔴Prioridad Alta🔴;;;;1;Neutral;"Un chat en la plataforma;Por correo electrónico;Por llamada telefónica;Por chat con asesor mediante Whatsapp";4;[4, 6)
2025-05-02;Acepto.;18-25;Colombia;Tunja (Boyacá);Masculino.;4;Universitario;Pregrado;Únicamente entre semana.;"Buses municipales;Taxis";"Por estudio;Por compromisos personales o familiares";1;1;Diariamente.;Único;Sí;Auto;;;Sí;Posibilidad de generar ingresos como propietario del vehículo;"Posibles daños o mal uso del vehículo rentado;Posible uso de vehículos para fines no autorizados";No;;;;Sí;;;"Facilidad en el acceso al servicio.;Rapidez en los tiempos de respuesta.;Transparencia en la información brindada.;Acompañamiento y buen trato durante el proceso.;Seguridad durante los procesos del servicio.;Flexibilidad para adaptarse a mis necesidades.;Eficacia en la solución de problemas y dudas.;Tecnología fácil de utilizar (a través de plataformas digitales, aplicaciones o códigos personales / QRs).).;";;0;;;;;;;;;;;;;;;;;;;;;;;;;;1;"horas;dias";🔴Prioridad Alta🔴;🔴Prioridad Alta🔴;🟡Prioridad Media🟡;🔴Prioridad Alta🔴;🟡Prioridad Media🟡;🟡Prioridad Media🟡;🔴Prioridad Alta🔴;🟡Prioridad Media🟡;🟡Prioridad Media🟡;🟡Prioridad Media🟡;;"Entre $30.000 a $50.000 la hora.;";"Entre $100.000 a $150.000 el día.;";🟡Prioridad Media🟡;🟡Prioridad Media🟡;🔴Prioridad Alta🔴;🔴Prioridad Alta🔴;🔴Prioridad Alta🔴;🔴Prioridad Alta🔴;;;;1;MuyProbable;"Un chat en la plataforma;Por chat con asesor mediante Whatsapp";5;[4, 6)
2025-05-02;Acepto.;18-25;Colombia;Tunja (Boyacá);Masculino.;4;Universitario;Pregrado;Diariamente.;Buses municipales;Por estudio;2;0;;;;;;;No;Posibilidad de generar ingresos como propietario del vehículo;"Posibles daños o mal uso del vehículo rentado;Desconfianza frente a clientes / personas desconocidas;Falta de regulación por parte de entidades oficiales;Posible uso de vehículos para fines no autorizados;Falta de control en la entrega o devolución del vehículo";No;;;;No;;;;;0;;;;;;;;;;;;;;;;;;;;;;;;;;0;;;;;;;;;;;;;;;;;;;;;;;;1;MuyImprobable;Por chat con asesor mediante Whatsapp;4;[4, 6)
2025-05-02;Acepto.;16-17;Colombia;Tunja (Boyacá);Masculino.;3;Universitario;Pregrado;Diariamente.;"Buses municipales;Taxis";"Por estudio;Por compromisos personales o familiares";1;0;;;;;;;No;"Mejor negociación en condiciones de arriendo;Posibilidad de generar ingresos como propietario del vehículo;Aprovechamiento de vehículos particulares inactivos";"Posibles daños o mal uso del vehículo rentado;Desconfianza frente a clientes / personas desconocidas;Posible uso de vehículos para fines no autorizados;Falta de control en la entrega o devolución del vehículo";No;;;;No;;;;;0;;;;;;;;;;;;;;;;;;;;;;;;;;0;;;;;;;;;;;;;;;;;;;;;;;;1;Neutral;"Por chat con asesor mediante Whatsapp;Por llamada telefónica";3;[2, 4)
2025-05-02;Acepto.;18-25;Colombia;Tunja (Boyacá);Masculino.;3;Universitario;Pregrado;Diariamente.;"Taxis;Buses municipales";"Por estudio;Por compromisos personales o familiares";2;0;;;;;;;No;"Mejor negociación en condiciones de arriendo;Posibilidad de generar ingresos como propietario del vehículo;Diversidad de vehículos para rentar / arrendar;Aprovechamiento de vehículos particulares inactivos";"Posibles daños o mal uso del vehículo rentado;Posible uso de vehículos para fines no autorizados";No;;;;Sí;;;;;0;;;;;;;;;;;;;;;;;;;;;;;;;;0;;;;;;;;;;;;;;;;;;;;;;;;1;Neutral;"Por correo electrónico;Por chat con asesor mediante Whatsapp;Con un chatbot (Sea por plataforma, Whatsapp, u otro medio.)";5;[4, 6)
2025-05-02;Acepto.;18-25;Colombia;Tunja (Boyacá);Femenino.;5;Universitario;Pregrado;Rara vez.;"Taxis;Buses municipales";Por estudio;2;0;;;;;;;No;"Posibilidad de generar ingresos como propietario del vehículo;Diversidad de vehículos para rentar / arrendar;Experiencia de negocio más personalizada;Aprovechamiento de vehículos particulares inactivos";"Posibles daños o mal uso del vehículo rentado;Desconfianza frente a clientes / personas desconocidas";No;;;;No;;;;;1;"dias;dispersonal";🔴Prioridad Alta🔴;🔴Prioridad Alta🔴;🟡Prioridad Media🟡;🔴Prioridad Alta🔴;🟡Prioridad Media🟡;🟢Prioridad Baja🟢;🔴Prioridad Alta🔴;🟢Prioridad Baja🟢;🟡Prioridad Media🟡;🔴Prioridad Alta🔴;🔴Prioridad Alta🔴;🟡Prioridad Media🟡;REVISAR 40B;"Pueda configurar qué tipo de solicitudes quiero recibir, para luego aceptarlas o denegarlas.;";"Entre $30.000 a $50.000 la hora.;Entre $50.000 a $80.000 la hora.;";"Entre $200.000 a $250.000 el día.;Entre $250.000 a $350.000 el día.;";"En efectivo, antes de entregar el vehículo al cliente;Por transacción bancaria inmediata, una vez aprobado el servicio por mí y el cliente;Un respaldo con un pagaré automatizado por transferencia bancaria al finalizar el servicio por medio de Flex Drive";🟡Prioridad Media🟡;🔴Prioridad Alta🔴;🟢Prioridad Baja🟢;🔴Prioridad Alta🔴;🟢Prioridad Baja🟢;Revisar 34B;"No estaría interesado en pagar comisión alguna.;";1;"dias;horas";🔴Prioridad Alta🔴;🟢Prioridad Baja🟢;🔴Prioridad Alta🔴;🟡Prioridad Media🟡;🟡Prioridad Media🟡;🔴Prioridad Alta🔴;🟡Prioridad Media🟡;🔴Prioridad Alta🔴;🔴Prioridad Alta🔴;🔴Prioridad Alta🔴;Otro: Coherencia precio-servicio;"Entre $15.000 a $30.000 la hora.;";"Entre $150.000 a $200.000 el día.;Entre $100.000 a $150.000 el día.;";🟡Prioridad Media🟡;🟢Prioridad Baja🟢;🟢Prioridad Baja🟢;🔴Prioridad Alta🔴;🔴Prioridad Alta🔴;🟡Prioridad Media🟡;;;Revisar 49H;1;Probable;Por chat con asesor mediante Whatsapp;2;[2, 4)
2025-05-02;Acepto.;16-17;Colombia;Tunja (Boyacá);Prefiero no decir.;5;Estudiante de secundaria;Secundaria media;Diariamente.;"Taxis;Buses municipales";Por estudio;1;0;;;;;;;No;"Promueve la economía colaborativa;Aprovechamiento de vehículos particulares inactivos";"Posibles daños o mal uso del vehículo rentado;Desconfianza frente a clientes / personas desconocidas;Falta de regulación por parte de entidades oficiales;Posible uso de vehículos para fines no autorizados;Falta de control en la entrega o devolución del vehículo";No;;;;No;;;;;0;;;;;;;;;;;;;;;;;;;;;;;;;;0;;;;;;;;;;;;;;;;;;;;;;;;1;Probable;"Un chat en la plataforma;Por llamada telefónica;Por chat con asesor mediante Whatsapp;Con un chatbot (Sea por plataforma, Whatsapp, u otro medio.)";2;[2, 4)
2025-05-02;Acepto.;36-45;Colombia;Yopal (Casanare);Femenino.;3;Empleado;Pregrado;Rara vez.;Taxis;Por trabajo;2;1;Diariamente.;Único;No;Motocicleta;;;Sí;Posibilidad de generar ingresos como propietario del vehículo;"Posibles daños o mal uso del vehículo rentado;Desconfianza frente a clientes / personas desconocidas";No;;;;No;;;;;0;;;;;;;;;;;;;;;;;;;;;;;;;;1;dias;🔴Prioridad Alta🔴;🔴Prioridad Alta🔴;🔴Prioridad Alta🔴;🔴Prioridad Alta🔴;🔴Prioridad Alta🔴;🟡Prioridad Media🟡;🔴Prioridad Alta🔴;🔴Prioridad Alta🔴;🟡Prioridad Media🟡;🟡Prioridad Media🟡;;"Entre $15.000 a $30.000 la hora.;";"Entre $100.000 a $150.000 el día.;";🟡Prioridad Media🟡;🟡Prioridad Media🟡;🔴Prioridad Alta🔴;🔴Prioridad Alta🔴;🔴Prioridad Alta🔴;🔴Prioridad Alta🔴;;;;1;Probable;Un chat en la plataforma;9;[8, 10)
2025-05-02;Acepto.;46-55;Colombia;Tunja (Boyacá);Femenino.;3;Empleado;Maestría;Rara vez.;"Taxis;Buses municipales";"Por trabajo;Por compromisos personales o familiares";2;1;Diariamente.;Varios;;;sí_prop;Auto;Sí;"Posibilidad de generar ingresos como propietario del vehículo;Aprovechamiento de vehículos particulares inactivos";"Posibles daños o mal uso del vehículo rentado;Desconfianza frente a clientes / personas desconocidas;Falta de regulación por parte de entidades oficiales;Posible uso de vehículos para fines no autorizados;Falta de control en la entrega o devolución del vehículo";No;;;;Sí;;;"Facilidad en el acceso al servicio.;";"Costos elevados en comparación con lo esperado;Poca o nula seguridad para accidentes o sin atención ante riesgos";1;dias;🔴Prioridad Alta🔴;🔴Prioridad Alta🔴;🔴Prioridad Alta🔴;🔴Prioridad Alta🔴;🟡Prioridad Media🟡;🟡Prioridad Media🟡;🟢Prioridad Baja🟢;🟡Prioridad Media🟡;🔴Prioridad Alta🔴;🔴Prioridad Alta🔴;🔴Prioridad Alta🔴;🔴Prioridad Alta🔴;Otro: Que el vehículo reciba un uso correcto;"Reciba solicitudes y pueda aceptarlas o denegarlas.;Pueda configurar qué tipo de solicitudes quiero recibir, para luego aceptarlas o denegarlas.;Pueda confiar en la plataforma para que me consulten, o ellos mismos acepten y denieguen un servicio que me solicitan.;";"Entre $15.000 a $30.000 la hora.;";"Entre $100.000 a $150.000 el día.;";Por transacción bancaria inmediata, una vez aprobado el servicio por mí y el cliente;🔴Prioridad Alta🔴;🔴Prioridad Alta🔴;🔴Prioridad Alta🔴;🔴Prioridad Alta🔴;🔴Prioridad Alta🔴;Trazabilidad del servicio de arrendamiento;"Aceptaría pagar una comisión del 10% al 14% por servicio.;";1;"dias;semanas";🔴Prioridad Alta🔴;🔴Prioridad Alta🔴;🔴Prioridad Alta🔴;🔴Prioridad Alta🔴;🔴Prioridad Alta🔴;🔴Prioridad Alta🔴;🔴Prioridad Alta🔴;🔴Prioridad Alta🔴;🔴Prioridad Alta🔴;🔴Prioridad Alta🔴;;"Entre $15.000 a $30.000 la hora.;";"Entre $100.000 a $150.000 el día.;";🔴Prioridad Alta🔴;🔴Prioridad Alta🔴;🔴Prioridad Alta🔴;🔴Prioridad Alta🔴;🔴Prioridad Alta🔴;🔴Prioridad Alta🔴;;;;1;MuyProbable;"Un chat en la plataforma;Por llamada telefónica;Por chat con asesor mediante Whatsapp";14;[14, 16)
2025-05-02;Acepto.;26-35;Colombia;Tunja (Boyacá);Femenino.;4;Freelancer;Especialización / Diplomado;Rara vez.;Taxis;Por compromisos personales o familiares;2;1;Diariamente.;Único;No;Auto;;;Sí;"Posibilidad de generar ingresos como propietario del vehículo;Mayor flexibilidad en horarios;Aprovechamiento de vehículos particulares inactivos";"Posibles daños o mal uso del vehículo rentado;Desconfianza frente a clientes / personas desconocidas;Falta de control en la entrega o devolución del vehículo";No;;;;Sí;;;"Facilidad en el acceso al servicio.;Acompañamiento y buen trato durante el proceso.;Flexibilidad para adaptarse a mis necesidades.;";"Lentitud en tiempos de atención y respuesta;Costos elevados en comparación con lo esperado;Poca o nula seguridad para accidentes o sin atención ante riesgos";1;dispersonal;🔴Prioridad Alta🔴;🔴Prioridad Alta🔴;🔴Prioridad Alta🔴;🔴Prioridad Alta🔴;🟡Prioridad Media🟡;🔴Prioridad Alta🔴;🟡Prioridad Media🟡;🔴Prioridad Alta🔴;🟡Prioridad Media🟡;🔴Prioridad Alta🔴;🔴Prioridad Alta🔴;🟡Prioridad Media🟡;;"Reciba solicitudes y pueda aceptarlas o denegarlas.;";"Entre $30.000 a $50.000 la hora.;";"Entre $250.000 a $350.000 el día.;";"Un respaldo con un pagaré automatizado por transferencia bancaria al finalizar el servicio por medio de Flex Drive;Por transacción bancaria inmediata, una vez aprobado el servicio por mí y el cliente";🔴Prioridad Alta🔴;🔴Prioridad Alta🔴;🟡Prioridad Media🟡;🔴Prioridad Alta🔴;🟡Prioridad Media🟡;;"Preferiría pagar una suscripción mensual.;No estaría interesado en pagar comisión alguna.;";1;"horas;dias;semanas;meses";🔴Prioridad Alta🔴;🔴Prioridad Alta🔴;🔴Prioridad Alta🔴;🟡Prioridad Media🟡;🔴Prioridad Alta🔴;🔴Prioridad Alta🔴;🔴Prioridad Alta🔴;🟡Prioridad Media🟡;🔴Prioridad Alta🔴;🔴Prioridad Alta🔴;;"Entre $15.000 a $30.000 la hora.;";"Entre $200.000 a $250.000 el día.;";🟡Prioridad Media🟡;🔴Prioridad Alta🔴;🔴Prioridad Alta🔴;🔴Prioridad Alta🔴;🔴Prioridad Alta🔴;🔴Prioridad Alta🔴;;;;1;Probable;"Un chat en la plataforma;Por chat con asesor mediante Whatsapp";17;[16, 18)
2025-05-02;Acepto.;18-25;Colombia;Tunja (Boyacá);Femenino.;3;Universitario;Pregrado;Diariamente.;Buses municipales;"Por estudio;Por compromisos personales o familiares";1;0;;;;;;;Sí;"Mayor flexibilidad en horarios;Mejor negociación en condiciones de arriendo;Posibilidad de generar ingresos como propietario del vehículo;Experiencia de negocio más personalizada";"Posible uso de vehículos para fines no autorizados;Falta de control en la entrega o devolución del vehículo";No;;;;No;;;;;0;;;;;;;;;;;;;;;;;;;;;;;;;;1;horas;🔴Prioridad Alta🔴;🔴Prioridad Alta🔴;🔴Prioridad Alta🔴;🟡Prioridad Media🟡;🔴Prioridad Alta🔴;🟡Prioridad Media🟡;🟡Prioridad Media🟡;🟡Prioridad Media🟡;🟢Prioridad Baja🟢;🔴Prioridad Alta🔴;;"Entre $15.000 a $30.000 la hora.;";"Entre $150.000 a $200.000 el día.;";🟡Prioridad Media🟡;🟡Prioridad Media🟡;🔴Prioridad Alta🔴;🟡Prioridad Media🟡;🟡Prioridad Media🟡;🔴Prioridad Alta🔴;;;Revisar 49F;1;Probable;Un chat en la plataforma;45;[44, 46)
2025-05-02;Acepto.;46-55;Colombia;Tunja (Boyacá);Femenino.;4;Empleado;Especialización / Diplomado;Rara vez.;Buses municipales;Por trabajo;2;1;Diariamente.;Único;Ocasionalmente;Auto;;;No;Mayor flexibilidad en horarios;Falta de control en la entrega o devolución del vehículo;No;;;;No;;;;;0;;;;;;;;;;;;;;;;;;;;;;;;;;0;;;;;;;;;;;;;;;;;;;;;;;;1;Probable;Por llamada telefónica;13;[12, 14)
2025-05-02;Acepto.;46-55;Colombia;Yopal (Casanare);Masculino.;4;Empresario;Pregrado;Rara vez.;Taxis;"Por trabajo;Por compromisos personales o familiares;Por turismo";2;1;Diariamente.;Único;Ocasionalmente;Auto;;;No;"Mejor negociación en condiciones de arriendo;Posibilidad de generar ingresos como propietario del vehículo;Diversidad de vehículos para rentar / arrendar;Mayor flexibilidad en horarios;Experiencia de negocio más personalizada;Promueve la economía colaborativa;Aprovechamiento de vehículos particulares inactivos";"Posibles daños o mal uso del vehículo rentado;Desconfianza frente a clientes / personas desconocidas;Falta de regulación por parte de entidades oficiales;Posible uso de vehículos para fines no autorizados;Falta de control en la entrega o devolución del vehículo";No;;;;Sí;;;"Facilidad en el acceso al servicio.;";;1;"horas;dias;findesemana;semana;dispersonal";🔴Prioridad Alta🔴;🔴Prioridad Alta🔴;🔴Prioridad Alta🔴;🔴Prioridad Alta🔴;🔴Prioridad Alta🔴;🟡Prioridad Media🟡;🔴Prioridad Alta🔴;🔴Prioridad Alta🔴;🟡Prioridad Media🟡;🔴Prioridad Alta🔴;🔴Prioridad Alta🔴;🔴Prioridad Alta🔴;;"Reciba solicitudes y pueda aceptarlas o denegarlas.;Pueda configurar qué tipo de solicitudes quiero recibir, para luego aceptarlas o denegarlas.;Pueda confiar en la plataforma para que me consulten, o ellos mismos acepten y denieguen un servicio que me solicitan.;";"Entre $30.000 a $50.000 la hora.;";"Entre $200.000 a $250.000 el día.;";"Por transacción bancaria inmediata, una vez aprobado el servicio por mí y el cliente;Un respaldo con un pagaré automatizado por transferencia bancaria al finalizar el servicio por medio de Flex Drive";🟡Prioridad Media🟡;🔴Prioridad Alta🔴;🔴Prioridad Alta🔴;🟡Prioridad Media🟡;🟡Prioridad Media🟡;;"Aceptaría pagar una comisión del 4% al 9% por servicio.;Aceptaría pagar una comisión del 10% al 14% por servicio.;";1;dias;🟡Prioridad Media🟡;🔴Prioridad Alta🔴;🔴Prioridad Alta🔴;🟡Prioridad Media🟡;🔴Prioridad Alta🔴;🔴Prioridad Alta🔴;🔴Prioridad Alta🔴;🔴Prioridad Alta🔴;🔴Prioridad Alta🔴;🟡Prioridad Media🟡;;"No me encuentro interesado en rentar por horas.;";"Entre $100.000 a $150.000 el día.;";🟡Prioridad Media🟡;🔴Prioridad Alta🔴;🔴Prioridad Alta🔴;🔴Prioridad Alta🔴;🟡Prioridad Media🟡;🔴Prioridad Alta🔴;;;;1;MuyProbable;"Un chat en la plataforma;Por correo electrónico;Por llamada telefónica;Por chat con asesor mediante Whatsapp;Con un chatbot (Sea por plataforma, Whatsapp, u otro medio.)";20;[20, 22)
2025-05-02;Acepto.;26-35;Colombia;Tunja (Boyacá);Femenino.;4;Empleado;Especialización / Diplomado;Rara vez.;"Taxis;Buses intermunicipales";"Por trabajo;Por turismo";2;1;Diariamente.;Único;Ocasionalmente;Auto;;;No;"Aprovechamiento de vehículos particulares inactivos;Experiencia de negocio más personalizada;Diversidad de vehículos para rentar / arrendar;Posibilidad de generar ingresos como propietario del vehículo";"Posibles daños o mal uso del vehículo rentado;Falta de regulación por parte de entidades oficiales;Falta de control en la entrega o devolución del vehículo";No;;;;No;;;;;0;;;;;;;;;;;;;;;;;;;;;;;;;;0;;;;;;;;;;;;;;;;;;;;;;;;1;Neutral;Por chat con asesor mediante Whatsapp;7;[6, 8)
2025-05-02;Acepto.;46-55;Colombia;Tunja (Boyacá);Masculino.;4;Empleado;Maestría;Rara vez.;Buses municipales;Por trabajo;2;1;Diariamente.;Varios;;;sí_prop;"Moto;Auto";Sí;"Promueve la economía colaborativa;Aprovechamiento de vehículos particulares inactivos";"Posibles daños o mal uso del vehículo rentado;Falta de control en la entrega o devolución del vehículo";No;;;;No;;;;;1;dias;🔴Prioridad Alta🔴;🔴Prioridad Alta🔴;🔴Prioridad Alta🔴;🟡Prioridad Media🟡;🟡Prioridad Media🟡;🟡Prioridad Media🟡;🟡Prioridad Media🟡;🟡Prioridad Media🟡;🟡Prioridad Media🟡;🟢Prioridad Baja🟢;🔴Prioridad Alta🔴;🟡Prioridad Media🟡;"Otro: Apoyo legal por infracciones realizadas por el arrendador;Seguros para el conductor / arrendador";"Reciba solicitudes y pueda aceptarlas o denegarlas.;Pueda confiar en la plataforma para que me consulten, o ellos mismos acepten y denieguen un servicio que me solicitan.;";"Entre $50.000 a $80.000 la hora.;";"Entre $250.000 a $350.000 el día.;";Por transacción bancaria inmediata, una vez aprobado el servicio por mí y el cliente;🟡Prioridad Media🟡;🔴Prioridad Alta🔴;🟡Prioridad Media🟡;🔴Prioridad Alta🔴;🔴Prioridad Alta🔴;Revisar 40E;"Aceptaría pagar una comisión del 4% al 9% por servicio.;";1;"horas;dias";🔴Prioridad Alta🔴;🟡Prioridad Media🟡;🔴Prioridad Alta🔴;🔴Prioridad Alta🔴;🟡Prioridad Media🟡;🟡Prioridad Media🟡;🟡Prioridad Media🟡;🔴Prioridad Alta🔴;🟡Prioridad Media🟡;🟡Prioridad Media🟡;;"Entre $15.000 a $30.000 la hora.;Entre $30.000 a $50.000 la hora.;";"Entre $100.000 a $150.000 el día.;Entre $150.000 a $200.000 el día.;";🟢Prioridad Baja🟢;🔴Prioridad Alta🔴;🟡Prioridad Media🟡;🔴Prioridad Alta🔴;🔴Prioridad Alta🔴;🟡Prioridad Media🟡;;;;1;Probable;"Un chat en la plataforma;Por correo electrónico;Por chat con asesor mediante Whatsapp;Con un chatbot (Sea por plataforma, Whatsapp, u otro medio.)";16;[16, 18)
2025-05-02;Acepto.;16-17;Colombia;Tunja (Boyacá);Masculino.;2;Universitario;Pregrado;Rara vez.;"Taxis;Buses municipales";"Por estudio;Por compromisos personales o familiares";1;0;;;;;;;Sí;"Posibilidad de generar ingresos como propietario del vehículo;Mayor flexibilidad en horarios;Mejor negociación en condiciones de arriendo";"Posibles daños o mal uso del vehículo rentado;Desconfianza frente a clientes / personas desconocidas;Posible uso de vehículos para fines no autorizados;Falta de control en la entrega o devolución del vehículo;Falta de regulación por parte de entidades oficiales";No;;;;No;;;;;1;"dispersonal;horas";🔴Prioridad Alta🔴;🔴Prioridad Alta🔴;🔴Prioridad Alta🔴;🔴Prioridad Alta🔴;🟡Prioridad Media🟡;🟡Prioridad Media🟡;🟡Prioridad Media🟡;🟡Prioridad Media🟡;🟡Prioridad Media🟡;🔴Prioridad Alta🔴;🔴Prioridad Alta🔴;🟡Prioridad Media🟡;;"Pueda confiar en la plataforma para que me consulten, o ellos mismos acepten y denieguen un servicio que me solicitan.;Pueda configurar qué tipo de solicitudes quiero recibir, para luego aceptarlas o denegarlas.;";"Entre $50.000 a $80.000 la hora.;";"Desde $350.000 en adelante.;";"Por transacción bancaria inmediata, una vez aprobado el servicio por mí y el cliente;Un respaldo con un pagaré automatizado por transferencia bancaria al finalizar el servicio por medio de Flex Drive";🔴Prioridad Alta🔴;🔴Prioridad Alta🔴;🟡Prioridad Media🟡;🔴Prioridad Alta🔴;🔴Prioridad Alta🔴;;"Aceptaría pagar una comisión del 10% al 14% por servicio.;";1;"dias;semanas";🔴Prioridad Alta🔴;🔴Prioridad Alta🔴;🔴Prioridad Alta🔴;🔴Prioridad Alta🔴;🔴Prioridad Alta🔴;🔴Prioridad Alta🔴;🟡Prioridad Media🟡;🔴Prioridad Alta🔴;🔴Prioridad Alta🔴;🔴Prioridad Alta🔴;;"Entre $30.000 a $50.000 la hora.;Entre $50.000 a $80.000 la hora.;";"Entre $250.000 a $350.000 el día.;Desde $350.000 en adelante.;";🟡Prioridad Media🟡;🔴Prioridad Alta🔴;🟡Prioridad Media🟡;🔴Prioridad Alta🔴;🔴Prioridad Alta🔴;🔴Prioridad Alta🔴;;;;1;Probable;Por llamada telefónica;22;[22, 24)
2025-05-02;Acepto.;18-25;Colombia;Tunja (Boyacá);Femenino.;3;Universitario;Pregrado;Únicamente los fines de semana.;"Taxis;Buses municipales;Buses intermunicipales";Por compromisos personales o familiares;0;0;;;;;;;No;"Posibilidad de generar ingresos como propietario del vehículo;Diversidad de vehículos para rentar / arrendar;Promueve la economía colaborativa";"Posibles daños o mal uso del vehículo rentado;Desconfianza frente a clientes / personas desconocidas;Falta de regulación por parte de entidades oficiales;Posible uso de vehículos para fines no autorizados;Falta de control en la entrega o devolución del vehículo";No;;;;No;;;;;0;;;;;;;;;;;;;;;;;;;;;;;;;;1;"dias;horas";🔴Prioridad Alta🔴;🔴Prioridad Alta🔴;🔴Prioridad Alta🔴;🔴Prioridad Alta🔴;🟡Prioridad Media🟡;🟡Prioridad Media🟡;🔴Prioridad Alta🔴;🔴Prioridad Alta🔴;🟡Prioridad Media🟡;🔴Prioridad Alta🔴;;"Entre $15.000 a $30.000 la hora.;Entre $30.000 a $50.000 la hora.;";"Entre $100.000 a $150.000 el día.;";🟡Prioridad Media🟡;🟡Prioridad Media🟡;🔴Prioridad Alta🔴;🔴Prioridad Alta🔴;🔴Prioridad Alta🔴;🔴Prioridad Alta🔴;;;;1;Neutral;"Un chat en la plataforma;Por llamada telefónica;Por chat con asesor mediante Whatsapp;Con un chatbot (Sea por plataforma, Whatsapp, u otro medio.)";7;[6, 8)
2025-05-02;Acepto.;18-25;Colombia;Villavicencio (Meta);Femenino.;3;Universitario;Pregrado;Diariamente.;"Taxis;Buses municipales;Buses intermunicipales";"Por estudio;Por compromisos personales o familiares";2;1;Muy rara vez.;Único;Ocasionalmente;Motocicleta;;;Sí;"Mayor flexibilidad en horarios;Mejor negociación en condiciones de arriendo;Experiencia de negocio más personalizada";"Desconfianza frente a clientes / personas desconocidas;Posibles daños o mal uso del vehículo rentado;Posible uso de vehículos para fines no autorizados";No;;;;Sí;;DiDi;"Facilidad en el acceso al servicio.;Flexibilidad para adaptarse a mis necesidades.;Tecnología fácil de utilizar (a través de plataformas digitales, aplicaciones o códigos personales / QRs).).;";"Información confusa sobre los contratos;Poca o nula seguridad para accidentes o sin atención ante riesgos";0;;;;;;;;;;;;;;;;;;;;;;;;;;1;"horas;dias";🔴Prioridad Alta🔴;🔴Prioridad Alta🔴;🔴Prioridad Alta🔴;🔴Prioridad Alta🔴;🔴Prioridad Alta🔴;🔴Prioridad Alta🔴;🔴Prioridad Alta🔴;🔴Prioridad Alta🔴;🔴Prioridad Alta🔴;🔴Prioridad Alta🔴;;"Entre $15.000 a $30.000 la hora.;";"Entre $100.000 a $150.000 el día.;";🔴Prioridad Alta🔴;🔴Prioridad Alta🔴;🔴Prioridad Alta🔴;🔴Prioridad Alta🔴;🔴Prioridad Alta🔴;🔴Prioridad Alta🔴;;;;1;Probable;Por chat con asesor mediante Whatsapp;4;[4, 6)
2025-05-02;Acepto.;18-25;Colombia;Bogotá D.C.;Femenino.;2;"Universitario;Desempleado";Pregrado;Diariamente.;Buses municipales;Por estudio;1;0;;;;;;;Sí;"Mayor flexibilidad en horarios;Mejor negociación en condiciones de arriendo;Diversidad de vehículos para rentar / arrendar;Promueve la economía colaborativa;Aprovechamiento de vehículos particulares inactivos";"Posibles daños o mal uso del vehículo rentado;Falta de control en la entrega o devolución del vehículo";No;;;;No;;;;;0;;;;;;;;;;;;;;;;;;;;;;;;;;1;"horas;dias";🔴Prioridad Alta🔴;🔴Prioridad Alta🔴;🔴Prioridad Alta🔴;🔴Prioridad Alta🔴;🔴Prioridad Alta🔴;🔴Prioridad Alta🔴;🟡Prioridad Media🟡;🔴Prioridad Alta🔴;🟡Prioridad Media🟡;🟡Prioridad Media🟡;;"Entre $30.000 a $50.000 la hora.;";"Entre $150.000 a $200.000 el día.;";🟡Prioridad Media🟡;🟡Prioridad Media🟡;🔴Prioridad Alta🔴;🔴Prioridad Alta🔴;🔴Prioridad Alta🔴;🔴Prioridad Alta🔴;;;;1;Probable;"Por llamada telefónica;Por chat con asesor mediante Whatsapp;Con un chatbot (Sea por plataforma, Whatsapp, u otro medio.)";8;[8, 10)
2025-05-02;Acepto.;26-35;Colombia;Bogotá D.C.;Masculino.;3;Freelancer;Maestría;Únicamente entre semana.;"Taxis;Buses municipales";Por trabajo;2;1;Diariamente.;Único;No;Motocicleta;;;Sí;"Mayor flexibilidad en horarios;Posibilidad de generar ingresos como propietario del vehículo;Diversidad de vehículos para rentar / arrendar;Promueve la economía colaborativa";"Posibles daños o mal uso del vehículo rentado;Desconfianza frente a clientes / personas desconocidas;Falta de regulación por parte de entidades oficiales;Posible uso de vehículos para fines no autorizados";No;;;;No;;;;;0;;;;;;;;;;;;;;;;;;;;;;;;;;1;dias;🔴Prioridad Alta🔴;🔴Prioridad Alta🔴;🔴Prioridad Alta🔴;🔴Prioridad Alta🔴;🔴Prioridad Alta🔴;🔴Prioridad Alta🔴;🔴Prioridad Alta🔴;🔴Prioridad Alta🔴;🔴Prioridad Alta🔴;🔴Prioridad Alta🔴;;"No me encuentro interesado en rentar por horas.;Entre $30.000 a $50.000 la hora.;";"Entre $150.000 a $200.000 el día.;";🟡Prioridad Media🟡;🟡Prioridad Media🟡;🟡Prioridad Media🟡;🔴Prioridad Alta🔴;🟡Prioridad Media🟡;🔴Prioridad Alta🔴;;;;1;Probable;"Un chat en la plataforma;Por chat con asesor mediante Whatsapp";6;[6, 8)
2025-05-02;Acepto.;18-25;Colombia;Fusagasuga (Cundinamarca);Masculino.;4;Empleado;Pregrado;Rara vez.;"Taxis;Buses municipales";Por compromisos personales o familiares;2;1;Diariamente.;Único;Ocasionalmente;Auto;;;No;"Diversidad de vehículos para rentar / arrendar;Mayor flexibilidad en horarios";"Desconfianza frente a clientes / personas desconocidas;Posible uso de vehículos para fines no autorizados";No;;;;No;;;;;0;;;;;;;;;;;;;;;;;;;;;;;;;;1;dias;🔴Prioridad Alta🔴;🟡Prioridad Media🟡;🔴Prioridad Alta🔴;🟡Prioridad Media🟡;🔴Prioridad Alta🔴;🟡Prioridad Media🟡;🟡Prioridad Media🟡;🔴Prioridad Alta🔴;🟢Prioridad Baja🟢;🔴Prioridad Alta🔴;;"Entre $30.000 a $50.000 la hora.;";"Entre $100.000 a $150.000 el día.;Entre $200.000 a $250.000 el día.;";🔴Prioridad Alta🔴;🟡Prioridad Media🟡;🟡Prioridad Media🟡;🔴Prioridad Alta🔴;🔴Prioridad Alta🔴;🔴Prioridad Alta🔴;;;;1;Probable;Un chat en la plataforma;3;[2, 4)
2025-05-03;Acepto.;18-25;Colombia;Duitama (Boyacá);Femenino.;2;Universitario;Secundaria media;Diariamente.;"Taxis;Buses municipales;Buses intermunicipales";Por estudio;1;0;;;;;;;Sí;Mayor flexibilidad en horarios;Posibles daños o mal uso del vehículo rentado;No;;;;No;;;;;0;;;;;;;;;;;;;;;;;;;;;;;;;;0;;;;;;;;;;;;;;;;;;;;;;;;1;Neutral;"Por llamada telefónica;Un chat en la plataforma";3;[2, 4)
2025-05-03;Acepto.;18-25;Colombia;Duitama (Boyacá);Femenino.;3;Universitario;Secundaria media;Únicamente los fines de semana.;;Por turismo;1;0;;;;;;;No;"Promueve la economía colaborativa;Mejor negociación en condiciones de arriendo";"Posibles daños o mal uso del vehículo rentado;Desconfianza frente a clientes / personas desconocidas";No;;;;No;;;;;1;horas;🔴Prioridad Alta🔴;🔴Prioridad Alta🔴;🔴Prioridad Alta🔴;🔴Prioridad Alta🔴;🔴Prioridad Alta🔴;🔴Prioridad Alta🔴;🔴Prioridad Alta🔴;🔴Prioridad Alta🔴;🔴Prioridad Alta🔴;🔴Prioridad Alta🔴;🔴Prioridad Alta🔴;🔴Prioridad Alta🔴;Otro: Que el vehículo reciba un uso correcto;"Pueda confiar en la plataforma para que me consulten, o ellos mismos acepten y denieguen un servicio que me solicitan.;";"Desde $80.000 en adelante.;";"Desde $350.000 en adelante.;";"Por transacción bancaria inmediata, una vez aprobado el servicio por mí y el cliente;En efectivo, antes de entregar el vehículo al cliente";🔴Prioridad Alta🔴;🔴Prioridad Alta🔴;🔴Prioridad Alta🔴;🔴Prioridad Alta🔴;🔴Prioridad Alta🔴;;"No estaría interesado en pagar comisión alguna.;";1;horas;🔴Prioridad Alta🔴;🔴Prioridad Alta🔴;🔴Prioridad Alta🔴;🔴Prioridad Alta🔴;🔴Prioridad Alta🔴;🔴Prioridad Alta🔴;🔴Prioridad Alta🔴;🔴Prioridad Alta🔴;🔴Prioridad Alta🔴;🔴Prioridad Alta🔴;;"Desde $80.000 en adelante.;";"Desde $350.000 en adelante.;";🔴Prioridad Alta🔴;🔴Prioridad Alta🔴;🔴Prioridad Alta🔴;🔴Prioridad Alta🔴;🔴Prioridad Alta🔴;🔴Prioridad Alta🔴;;;;1;Probable;Por llamada telefónica;12;[12, 14)
2025-05-03;Acepto.;16-17;Colombia;Sogamoso (Boyacá);Masculino.;3;Estudiante de secundaria;Secundaria básica;Diariamente.;Buses municipales;Por estudio;0;0;;;;;;;No;;;No;;;;No;;;;;0;;;;;;;;;;;;;;;;;;;;;;;;;;0;;;;;;;;;;;;;;;;;;;;;;;;0;Neutral;Un chat en la plataforma;7;[6, 8)
2025-05-03;Acepto.;36-45;Colombia;Sogamoso (Boyacá);Femenino.;3;Freelancer;Pregrado;Diariamente.;"Taxis;Buses municipales;Buses intermunicipales";"Por trabajo;Por turismo";2;0;;;;;;;No;"Posibilidad de generar ingresos como propietario del vehículo;Aprovechamiento de vehículos particulares inactivos;Diversidad de vehículos para rentar / arrendar";"Posibles daños o mal uso del vehículo rentado;Desconfianza frente a clientes / personas desconocidas;Falta de regulación por parte de entidades oficiales;Posible uso de vehículos para fines no autorizados";No;;;;No;;;;;1;"dias;dispersonal";🔴Prioridad Alta🔴;🔴Prioridad Alta🔴;🔴Prioridad Alta🔴;🔴Prioridad Alta🔴;🔴Prioridad Alta🔴;🟡Prioridad Media🟡;🔴Prioridad Alta🔴;🟡Prioridad Media🟡;🔴Prioridad Alta🔴;🔴Prioridad Alta🔴;🔴Prioridad Alta🔴;🔴Prioridad Alta🔴;;"Pueda confiar en la plataforma para que me consulten, o ellos mismos acepten y denieguen un servicio que me solicitan.;Pueda configurar qué tipo de solicitudes quiero recibir, para luego aceptarlas o denegarlas.;Reciba solicitudes y pueda aceptarlas o denegarlas.;";"Entre $15.000 a $30.000 la hora.;";"Entre $100.000 a $150.000 el día.;";Un respaldo con un pagaré automatizado por transferencia bancaria al finalizar el servicio por medio de Flex Drive;🔴Prioridad Alta🔴;🔴Prioridad Alta🔴;🟡Prioridad Media🟡;🔴Prioridad Alta🔴;🔴Prioridad Alta🔴;Revisar 40B;"Preferiría pagar una suscripción mensual.;";1;dias;🔴Prioridad Alta🔴;🔴Prioridad Alta🔴;🔴Prioridad Alta🔴;🟡Prioridad Media🟡;🔴Prioridad Alta🔴;🔴Prioridad Alta🔴;🔴Prioridad Alta🔴;🟡Prioridad Media🟡;🔴Prioridad Alta🔴;🟡Prioridad Media🟡;;"Entre $15.000 a $30.000 la hora.;";"Entre $100.000 a $150.000 el día.;";🔴Prioridad Alta🔴;🔴Prioridad Alta🔴;🟡Prioridad Media🟡;🔴Prioridad Alta🔴;🔴Prioridad Alta🔴;🔴Prioridad Alta🔴;;;;1;Neutral;Por llamada telefónica;17;[16, 18)
2025-05-03;Acepto.;56-65;Colombia;Duitama (Boyacá);Femenino.;2;Estudiante de secundaria;Secundaria media;Únicamente los fines de semana.;"Taxis;Buses municipales";Por compromisos personales o familiares;0;1;Muy rara vez.;Único;No;Auto;;;Sí;"Mayor flexibilidad en horarios;Promueve la economía colaborativa;Aprovechamiento de vehículos particulares inactivos";"Posibles daños o mal uso del vehículo rentado;Posible uso de vehículos para fines no autorizados";No;;;;No;;;;;1;dias;🔴Prioridad Alta🔴;🔴Prioridad Alta🔴;🟡Prioridad Media🟡;🟡Prioridad Media🟡;🟡Prioridad Media🟡;🟢Prioridad Baja🟢;🔴Prioridad Alta🔴;🟡Prioridad Media🟡;🟡Prioridad Media🟡;🔴Prioridad Alta🔴;🔴Prioridad Alta🔴;🟡Prioridad Media🟡;;"Reciba solicitudes y pueda aceptarlas o denegarlas.;";"Entre $30.000 a $50.000 la hora.;";"Entre $150.000 a $200.000 el día.;";En efectivo, antes de entregar el vehículo al cliente;🔴Prioridad Alta🔴;🔴Prioridad Alta🔴;🟡Prioridad Media🟡;🔴Prioridad Alta🔴;🟡Prioridad Media🟡;;"Preferiría pagar una suscripción mensual.;";1;dias;🟡Prioridad Media🟡;🟡Prioridad Media🟡;🔴Prioridad Alta🔴;🔴Prioridad Alta🔴;🔴Prioridad Alta🔴;🔴Prioridad Alta🔴;🟡Prioridad Media🟡;🟡Prioridad Media🟡;🟡Prioridad Media🟡;🟡Prioridad Media🟡;;"Entre $15.000 a $30.000 la hora.;";"Entre $150.000 a $200.000 el día.;";🟡Prioridad Media🟡;🟡Prioridad Media🟡;🟡Prioridad Media🟡;🔴Prioridad Alta🔴;🔴Prioridad Alta🔴;🔴Prioridad Alta🔴;;;;1;Probable;"Por llamada telefónica;Por chat con asesor mediante Whatsapp";13;[12, 14)
2025-05-03;Acepto.;18-25;Colombia;Bogotá D.C.;Femenino.;2;Empleado;Pregrado;Diariamente.;"Otro: Servicios (informales);Buses intermunicipales";Por trabajo;0;0;;;;;;;Sí;"Promueve la economía colaborativa;Mayor flexibilidad en horarios";"Posibles daños o mal uso del vehículo rentado;Desconfianza frente a clientes / personas desconocidas;Posible uso de vehículos para fines no autorizados";No;;;;No;;;;;1;dias;🔴Prioridad Alta🔴;🔴Prioridad Alta🔴;🔴Prioridad Alta🔴;🔴Prioridad Alta🔴;🔴Prioridad Alta🔴;🟢Prioridad Baja🟢;🔴Prioridad Alta🔴;🔴Prioridad Alta🔴;🔴Prioridad Alta🔴;🔴Prioridad Alta🔴;🔴Prioridad Alta🔴;🟡Prioridad Media🟡;;"Pueda configurar qué tipo de solicitudes quiero recibir, para luego aceptarlas o denegarlas.;";"Entre $15.000 a $30.000 la hora.;";"Entre $100.000 a $150.000 el día.;";"Por transacción bancaria inmediata, una vez aprobado el servicio por mí y el cliente;Un respaldo con un pagaré automatizado por transferencia bancaria al finalizar el servicio por medio de Flex Drive";🟡Prioridad Media🟡;🔴Prioridad Alta🔴;🟡Prioridad Media🟡;🔴Prioridad Alta🔴;🟡Prioridad Media🟡;;"Preferiría pagar una suscripción mensual.;";1;dias;🔴Prioridad Alta🔴;🔴Prioridad Alta🔴;🔴Prioridad Alta🔴;🔴Prioridad Alta🔴;🟡Prioridad Media🟡;🟡Prioridad Media🟡;🔴Prioridad Alta🔴;🟡Prioridad Media🟡;🟡Prioridad Media🟡;🟡Prioridad Media🟡;;"Entre $15.000 a $30.000 la hora.;";"Entre $100.000 a $150.000 el día.;";🔴Prioridad Alta🔴;🟡Prioridad Media🟡;🔴Prioridad Alta🔴;🟡Prioridad Media🟡;🟡Prioridad Media🟡;🟡Prioridad Media🟡;;;;1;Probable;"Por llamada telefónica;Por chat con asesor mediante Whatsapp";10;[10, 12)
2025-05-03;Acepto.;26-35;Colombia;Bogotá D.C.;Femenino.;3;Empleado;Técnico / Tecnológico;Rara vez.;"Taxis;Buses municipales";Por trabajo;2;1;Diariamente.;Único;Sí;Motocicleta;;;No;Posibilidad de generar ingresos como propietario del vehículo;"Posibles daños o mal uso del vehículo rentado;Desconfianza frente a clientes / personas desconocidas;Falta de control en la entrega o devolución del vehículo";No;;;;No;;;;;1;horas;🔴Prioridad Alta🔴;🔴Prioridad Alta🔴;🔴Prioridad Alta🔴;🔴Prioridad Alta🔴;🔴Prioridad Alta🔴;🔴Prioridad Alta🔴;🔴Prioridad Alta🔴;🟡Prioridad Media🟡;🔴Prioridad Alta🔴;🔴Prioridad Alta🔴;🔴Prioridad Alta🔴;🔴Prioridad Alta🔴;Otro: Seguros para el conductor / arrendador;"Reciba solicitudes y pueda aceptarlas o denegarlas.;Pueda configurar qué tipo de solicitudes quiero recibir, para luego aceptarlas o denegarlas.;Pueda confiar en la plataforma para que me consulten, o ellos mismos acepten y denieguen un servicio que me solicitan.;";"Entre $15.000 a $30.000 la hora.;";"Entre $100.000 a $150.000 el día.;";En efectivo, antes de entregar el vehículo al cliente;🔴Prioridad Alta🔴;🔴Prioridad Alta🔴;🟡Prioridad Media🟡;🔴Prioridad Alta🔴;🟡Prioridad Media🟡;;"Aceptaría pagar una comisión del 4% al 9% por servicio.;";1;horas;🔴Prioridad Alta🔴;🟡Prioridad Media🟡;🔴Prioridad Alta🔴;🔴Prioridad Alta🔴;🔴Prioridad Alta🔴;🔴Prioridad Alta🔴;🔴Prioridad Alta🔴;🔴Prioridad Alta🔴;🔴Prioridad Alta🔴;🔴Prioridad Alta🔴;;"Entre $15.000 a $30.000 la hora.;";"No me encuentro interesado en rentar por días.;";🔴Prioridad Alta🔴;🟡Prioridad Media🟡;🟡Prioridad Media🟡;🔴Prioridad Alta🔴;🔴Prioridad Alta🔴;🔴Prioridad Alta🔴;;;;1;Probable;Un chat en la plataforma;16;[16, 18)
2025-05-03;Acepto.;18-25;Colombia;Cúcuta (Norte De Santander);Femenino.;2;"Universitario;Desempleado";Pregrado;Diariamente.;"Buses municipales;Buses intermunicipales";Por estudio;0;0;;;;;;;No;"Mayor flexibilidad en horarios;Aprovechamiento de vehículos particulares inactivos";Posibles daños o mal uso del vehículo rentado;No;;;;No;;;;;1;findesemana;🔴Prioridad Alta🔴;🔴Prioridad Alta🔴;🔴Prioridad Alta🔴;🔴Prioridad Alta🔴;🔴Prioridad Alta🔴;🔴Prioridad Alta🔴;🔴Prioridad Alta🔴;🟡Prioridad Media🟡;🟡Prioridad Media🟡;🔴Prioridad Alta🔴;🔴Prioridad Alta🔴;🔴Prioridad Alta🔴;;"Pueda configurar qué tipo de solicitudes quiero recibir, para luego aceptarlas o denegarlas.;";"Entre $15.000 a $30.000 la hora.;";"Entre $100.000 a $150.000 el día.;Entre $150.000 a $200.000 el día.;";En efectivo, antes de entregar el vehículo al cliente;🔴Prioridad Alta🔴;🔴Prioridad Alta🔴;🔴Prioridad Alta🔴;🔴Prioridad Alta🔴;🔴Prioridad Alta🔴;;"Preferiría pagar una suscripción mensual.;";1;"semanas;dias";🔴Prioridad Alta🔴;🔴Prioridad Alta🔴;🔴Prioridad Alta🔴;🔴Prioridad Alta🔴;🔴Prioridad Alta🔴;🔴Prioridad Alta🔴;🔴Prioridad Alta🔴;🔴Prioridad Alta🔴;🔴Prioridad Alta🔴;🔴Prioridad Alta🔴;;"Entre $15.000 a $30.000 la hora.;Entre $30.000 a $50.000 la hora.;";"Entre $100.000 a $150.000 el día.;";🔴Prioridad Alta🔴;🔴Prioridad Alta🔴;🔴Prioridad Alta🔴;🔴Prioridad Alta🔴;🔴Prioridad Alta🔴;🔴Prioridad Alta🔴;;;;1;MuyProbable;"Por llamada telefónica;Por chat con asesor mediante Whatsapp";14;[14, 16)
2025-05-03;Acepto.;26-35;Colombia;Bogotá D.C.;Femenino.;3;Empleado;Pregrado;Diariamente.;"Buses municipales;Taxis";"Por trabajo;Por compromisos personales o familiares";1;0;;;;;;;No;"Mejor negociación en condiciones de arriendo;Posibilidad de generar ingresos como propietario del vehículo;Experiencia de negocio más personalizada;Aprovechamiento de vehículos particulares inactivos";"Posibles daños o mal uso del vehículo rentado;Falta de regulación por parte de entidades oficiales;Posible uso de vehículos para fines no autorizados;Falta de control en la entrega o devolución del vehículo";No;;;;No;;;;;1;"semana;dispersonal";🔴Prioridad Alta🔴;🔴Prioridad Alta🔴;🔴Prioridad Alta🔴;🔴Prioridad Alta🔴;🔴Prioridad Alta🔴;🟡Prioridad Media🟡;🔴Prioridad Alta🔴;🟡Prioridad Media🟡;🟡Prioridad Media🟡;🔴Prioridad Alta🔴;🔴Prioridad Alta🔴;🟡Prioridad Media🟡;;"Reciba solicitudes y pueda aceptarlas o denegarlas.;Pueda configurar qué tipo de solicitudes quiero recibir, para luego aceptarlas o denegarlas.;";"Entre $15.000 a $30.000 la hora.;";"Entre $200.000 a $250.000 el día.;";Un respaldo con un pagaré automatizado por transferencia bancaria al finalizar el servicio por medio de Flex Drive;🟡Prioridad Media🟡;🔴Prioridad Alta🔴;🟡Prioridad Media🟡;🔴Prioridad Alta🔴;🟡Prioridad Media🟡;;"Aceptaría pagar una comisión del 4% al 9% por servicio.;";1;dias;🔴Prioridad Alta🔴;🟡Prioridad Media🟡;🔴Prioridad Alta🔴;🔴Prioridad Alta🔴;🔴Prioridad Alta🔴;🟡Prioridad Media🟡;🔴Prioridad Alta🔴;🔴Prioridad Alta🔴;🟢Prioridad Baja🟢;🟡Prioridad Media🟡;;"Entre $15.000 a $30.000 la hora.;";"Entre $200.000 a $250.000 el día.;";🟡Prioridad Media🟡;🔴Prioridad Alta🔴;🟡Prioridad Media🟡;🔴Prioridad Alta🔴;🔴Prioridad Alta🔴;🔴Prioridad Alta🔴;;;;1;Probable;"Un chat en la plataforma;Por llamada telefónica;Por chat con asesor mediante Whatsapp;Con un chatbot (Sea por plataforma, Whatsapp, u otro medio.)";12;[12, 14)
2025-05-03;Acepto.;26-35;Colombia;Bogotá D.C.;Femenino.;2;Empleado;Especialización / Diplomado;Diariamente.;"Buses municipales;Buses intermunicipales;SITP";Por trabajo;1;0;;;;;;;No;"Mayor flexibilidad en horarios;Mejor negociación en condiciones de arriendo;Diversidad de vehículos para rentar / arrendar;Promueve la economía colaborativa;Aprovechamiento de vehículos particulares inactivos";"Posibles daños o mal uso del vehículo rentado;Falta de control en la entrega o devolución del vehículo;Falta de regulación por parte de entidades oficiales";No;;;;No;;;;;1;"dias;dispersonal";🔴Prioridad Alta🔴;🔴Prioridad Alta🔴;🔴Prioridad Alta🔴;🔴Prioridad Alta🔴;🔴Prioridad Alta🔴;🔴Prioridad Alta🔴;🟡Prioridad Media🟡;🔴Prioridad Alta🔴;🔴Prioridad Alta🔴;🔴Prioridad Alta🔴;🔴Prioridad Alta🔴;🔴Prioridad Alta🔴;;"Reciba solicitudes y pueda aceptarlas o denegarlas.;Pueda configurar qué tipo de solicitudes quiero recibir, para luego aceptarlas o denegarlas.;";"No me encuentro interesado en rentar por horas.;";"No me encuentro interesado en rentar por días.;";"En efectivo, antes de entregar el vehículo al cliente;Por transacción bancaria inmediata, una vez aprobado el servicio por mí y el cliente";🔴Prioridad Alta🔴;🔴Prioridad Alta🔴;🔴Prioridad Alta🔴;🔴Prioridad Alta🔴;🔴Prioridad Alta🔴;;"Aceptaría pagar una comisión del 4% al 9% por servicio.;";1;exclusividad_propietario;🔴Prioridad Alta🔴;🔴Prioridad Alta🔴;🔴Prioridad Alta🔴;🔴Prioridad Alta🔴;🔴Prioridad Alta🔴;🔴Prioridad Alta🔴;🔴Prioridad Alta🔴;🔴Prioridad Alta🔴;🔴Prioridad Alta🔴;🔴Prioridad Alta🔴;;"Entre $15.000 a $30.000 la hora.;";"Entre $100.000 a $150.000 el día.;";🔴Prioridad Alta🔴;🔴Prioridad Alta🔴;🔴Prioridad Alta🔴;🔴Prioridad Alta🔴;🔴Prioridad Alta🔴;🔴Prioridad Alta🔴;;;;1;Probable;"Un chat en la plataforma;Por chat con asesor mediante Whatsapp";7;[6, 8)
2025-05-03;Acepto.;18-25;Colombia;Duitama (Boyacá);Femenino.;3;Universitario;Pregrado;Únicamente los fines de semana.;"Taxis;Buses municipales;Buses intermunicipales";"Por estudio;Por compromisos personales o familiares";1;0;;;;;;;Sí;Aprovechamiento de vehículos particulares inactivos;Desconfianza frente a clientes / personas desconocidas;No;;;;No;;;;;0;;;;;;;;;;;;;;;;;;;;;;;;;;0;;;;;;;;;;;;;;;;;;;;;;;;1;MuyProbable;Con un chatbot (Sea por plataforma, Whatsapp, u otro medio.);2;[2, 4)
2025-05-03;Acepto.;18-25;Colombia;Bogotá D.C.;Masculino.;4;Empleado;Pregrado;Diariamente.;"Buses municipales;SITP";"Por trabajo;Por compromisos personales o familiares";1;0;;;;;;;Sí;"Aprovechamiento de vehículos particulares inactivos;Promueve la economía colaborativa;Experiencia de negocio más personalizada;Diversidad de vehículos para rentar / arrendar;Posibilidad de generar ingresos como propietario del vehículo";"Falta de regulación por parte de entidades oficiales;Posibles daños o mal uso del vehículo rentado;Falta de control en la entrega o devolución del vehículo";No;;;;No;;;;;1;findesemana;🔴Prioridad Alta🔴;🟡Prioridad Media🟡;🔴Prioridad Alta🔴;🔴Prioridad Alta🔴;🔴Prioridad Alta🔴;🔴Prioridad Alta🔴;🔴Prioridad Alta🔴;🟡Prioridad Media🟡;🟢Prioridad Baja🟢;🔴Prioridad Alta🔴;🔴Prioridad Alta🔴;🟡Prioridad Media🟡;;"Pueda configurar qué tipo de solicitudes quiero recibir, para luego aceptarlas o denegarlas.;Pueda confiar en la plataforma para que me consulten, o ellos mismos acepten y denieguen un servicio que me solicitan.;";"Entre $15.000 a $30.000 la hora.;Entre $30.000 a $50.000 la hora.;";"Entre $150.000 a $200.000 el día.;Entre $200.000 a $250.000 el día.;";"En efectivo, antes de entregar el vehículo al cliente;Por transacción bancaria inmediata, una vez aprobado el servicio por mí y el cliente;Un respaldo con un pagaré automatizado por transferencia bancaria al finalizar el servicio por medio de Flex Drive";🔴Prioridad Alta🔴;🔴Prioridad Alta🔴;🟢Prioridad Baja🟢;🟡Prioridad Media🟡;🟡Prioridad Media🟡;;"Aceptaría pagar una comisión del 4% al 9% por servicio.;";1;semanas;🔴Prioridad Alta🔴;🟡Prioridad Media🟡;🔴Prioridad Alta🔴;🔴Prioridad Alta🔴;🟡Prioridad Media🟡;🟢Prioridad Baja🟢;🔴Prioridad Alta🔴;🟢Prioridad Baja🟢;🔴Prioridad Alta🔴;🟢Prioridad Baja🟢;;"Entre $15.000 a $30.000 la hora.;";"Entre $100.000 a $150.000 el día.;";🟢Prioridad Baja🟢;🔴Prioridad Alta🔴;🟡Prioridad Media🟡;🔴Prioridad Alta🔴;🔴Prioridad Alta🔴;🔴Prioridad Alta🔴;;;;1;Probable;"Un chat en la plataforma;Por chat con asesor mediante Whatsapp";10;[10, 12)
2025-05-03;Acepto.;36-45;Colombia;Bogotá D.C.;Femenino.;4;Empleado;Pregrado;Rara vez.;Otro: Plataformas digitales de transporte (servicios privados);Por trabajo;2;1;Solo durante fines de semana.;Varios;;;no;Scoo;No;Aprovechamiento de vehículos particulares inactivos;Falta de control en la entrega o devolución del vehículo;No;;;;No;;;;;0;;;;;;;;;;;;;;;;;;;;;;;;;;0;;;;;;;;;;;;;;;;;;;;;;;;1;Neutral;Por llamada telefónica;20;[20, 22)
2025-05-03;Acepto.;18-25;México;;Femenino.;4;Universitario;Pregrado;Rara vez.;"Taxis;Buses municipales";"Por estudio;Por compromisos personales o familiares;Por turismo";1;0;;;;;;;Sí;"Diversidad de vehículos para rentar / arrendar;Mayor flexibilidad en horarios;Promueve la economía colaborativa";"Posibles daños o mal uso del vehículo rentado;Desconfianza frente a clientes / personas desconocidas";No;;;;No;;;;;1;dispersonal;🔴Prioridad Alta🔴;🟡Prioridad Media🟡;🔴Prioridad Alta🔴;🔴Prioridad Alta🔴;🟡Prioridad Media🟡;🟡Prioridad Media🟡;🟡Prioridad Media🟡;🟡Prioridad Media🟡;🔴Prioridad Alta🔴;🟡Prioridad Media🟡;🔴Prioridad Alta🔴;🟡Prioridad Media🟡;;"Reciba solicitudes y pueda aceptarlas o denegarlas.;";"Entre $30.000 a $50.000 la hora.;Entre $15.000 a $30.000 la hora.;";"Entre $200.000 a $250.000 el día.;Entre $250.000 a $350.000 el día.;";"Por transacción bancaria inmediata, una vez aprobado el servicio por mí y el cliente;En efectivo, antes de entregar el vehículo al cliente";🟡Prioridad Media🟡;🟡Prioridad Media🟡;🔴Prioridad Alta🔴;🔴Prioridad Alta🔴;🟢Prioridad Baja🟢;;"Preferiría pagar una suscripción mensual.;";1;dias;🟡Prioridad Media🟡;🔴Prioridad Alta🔴;🔴Prioridad Alta🔴;🟡Prioridad Media🟡;🟡Prioridad Media🟡;🔴Prioridad Alta🔴;🟡Prioridad Media🟡;🔴Prioridad Alta🔴;🔴Prioridad Alta🔴;🔴Prioridad Alta🔴;;"Entre $30.000 a $50.000 la hora.;Entre $50.000 a $80.000 la hora.;";"Entre $200.000 a $250.000 el día.;Entre $250.000 a $350.000 el día.;";🔴Prioridad Alta🔴;🟡Prioridad Media🟡;🔴Prioridad Alta🔴;🟡Prioridad Media🟡;🔴Prioridad Alta🔴;🟡Prioridad Media🟡;;;;1;MuyProbable;"Un chat en la plataforma;Por chat con asesor mediante Whatsapp";10;[10, 12)
2025-05-03;Acepto.;18-25;Colombia;Tunja (Boyacá);Masculino.;3;Universitario;Pregrado;Únicamente entre semana.;"Taxis;Buses municipales;Buses intermunicipales";Por estudio;2;1;Solo durante fines de semana.;Único;No;Motocicleta;;;Sí;Posibilidad de generar ingresos como propietario del vehículo;Falta de control en la entrega o devolución del vehículo;No;;;;No;;;;;0;;;;;;;;;;;;;;;;;;;;;;;;;;0;;;;;;;;;;;;;;;;;;;;;;;;1;Probable;Por chat con asesor mediante Whatsapp;3;[2, 4)
2025-05-03;Acepto.;36-45;Colombia;Bogotá D.C.;Femenino.;3;Empleado;Pregrado;Diariamente.;Buses municipales;Por trabajo;2;0;;;;;;;Sí;Mayor flexibilidad en horarios;"Desconfianza frente a clientes / personas desconocidas;Falta de regulación por parte de entidades oficiales";No;;;;Sí;;;"Rapidez en los tiempos de respuesta.;";Lentitud en tiempos de atención y respuesta;1;horas;🔴Prioridad Alta🔴;🔴Prioridad Alta🔴;🔴Prioridad Alta🔴;🔴Prioridad Alta🔴;🔴Prioridad Alta🔴;🔴Prioridad Alta🔴;🔴Prioridad Alta🔴;🔴Prioridad Alta🔴;🔴Prioridad Alta🔴;🔴Prioridad Alta🔴;🔴Prioridad Alta🔴;🔴Prioridad Alta🔴;;"Pueda configurar qué tipo de solicitudes quiero recibir, para luego aceptarlas o denegarlas.;";"Entre $15.000 a $30.000 la hora.;";"Entre $100.000 a $150.000 el día.;";En efectivo, cuando el cliente devuelve el vehículo;🔴Prioridad Alta🔴;🔴Prioridad Alta🔴;🔴Prioridad Alta🔴;🔴Prioridad Alta🔴;🔴Prioridad Alta🔴;;"No estaría interesado en pagar comisión alguna.;";0;;;;;;;;;;;;;;;;;;;;;;;;1;Probable;Un chat en la plataforma;3;[2, 4)
2025-05-03;Acepto.;18-25;Colombia;Tunja (Boyacá);Masculino.;3;"Universitario;Freelancer";Pregrado;Únicamente entre semana.;"Taxis;Buses municipales;Buses intermunicipales";"Por estudio;Por compromisos personales o familiares";1;0;;;;;;;Sí;"Posibilidad de generar ingresos como propietario del vehículo;Promueve la economía colaborativa;Aprovechamiento de vehículos particulares inactivos;Otros: Acceso a un vehículo sin poseerlo";"Posibles daños o mal uso del vehículo rentado;Desconfianza frente a clientes / personas desconocidas";No;;;;No;;;;;1;dias;🟡Prioridad Media🟡;🔴Prioridad Alta🔴;🔴Prioridad Alta🔴;🟡Prioridad Media🟡;🟢Prioridad Baja🟢;🟢Prioridad Baja🟢;🟡Prioridad Media🟡;🟡Prioridad Media🟡;🟡Prioridad Media🟡;🔴Prioridad Alta🔴;🔴Prioridad Alta🔴;🟢Prioridad Baja🟢;;"Reciba solicitudes y pueda aceptarlas o denegarlas.;Pueda confiar en la plataforma para que me consulten, o ellos mismos acepten y denieguen un servicio que me solicitan.;";"Entre $15.000 a $30.000 la hora.;";"Entre $100.000 a $150.000 el día.;";"En efectivo, antes de entregar el vehículo al cliente;Por transacción bancaria inmediata, una vez aprobado el servicio por mí y el cliente";🟡Prioridad Media🟡;🔴Prioridad Alta🔴;🟢Prioridad Baja🟢;🔴Prioridad Alta🔴;🟡Prioridad Media🟡;;"No estaría interesado en pagar comisión alguna.;Aceptaría pagar una comisión del 4% al 9% por servicio.;";1;dias;🔴Prioridad Alta🔴;🟡Prioridad Media🟡;🟡Prioridad Media🟡;🔴Prioridad Alta🔴;🟡Prioridad Media🟡;🟡Prioridad Media🟡;🔴Prioridad Alta🔴;🟡Prioridad Media🟡;🟢Prioridad Baja🟢;🟢Prioridad Baja🟢;;"No me encuentro interesado en rentar por horas.;";"Entre $100.000 a $150.000 el día.;";🟢Prioridad Baja🟢;🟢Prioridad Baja🟢;🟢Prioridad Baja🟢;🔴Prioridad Alta🔴;🔴Prioridad Alta🔴;🟡Prioridad Media🟡;;;;1;Probable;"Por llamada telefónica;Por chat con asesor mediante Whatsapp;Un chat en la plataforma";9;[8, 10)
2025-05-03;Acepto.;18-25;Colombia;Tunja (Boyacá);Femenino.;3;Universitario;Pregrado;Rara vez.;Buses municipales;"Por estudio;Por compromisos personales o familiares";2;1;Diariamente.;Único;Sí;Auto;;;No;"Posibilidad de generar ingresos como propietario del vehículo;Aprovechamiento de vehículos particulares inactivos";"Posibles daños o mal uso del vehículo rentado;Desconfianza frente a clientes / personas desconocidas;Posible uso de vehículos para fines no autorizados;Falta de control en la entrega o devolución del vehículo";No;;;;No;;;;;0;;;;;;;;;;;;;;;;;;;;;;;;;;0;;;;;;;;;;;;;;;;;;;;;;;;1;Improbable;"Por chat con asesor mediante Whatsapp;Con un chatbot (Sea por plataforma, Whatsapp, u otro medio.)";4;[4, 6)
2025-05-03;Acepto.;18-25;Colombia;Tunja (Boyacá);Femenino.;4;Universitario;Pregrado;Rara vez.;"Taxis;Buses intermunicipales";"Por estudio;Por compromisos personales o familiares";1;0;;;;;;;Sí;"Mayor flexibilidad en horarios;Mejor negociación en condiciones de arriendo;Posibilidad de generar ingresos como propietario del vehículo;Diversidad de vehículos para rentar / arrendar;Promueve la economía colaborativa;Aprovechamiento de vehículos particulares inactivos";"Posible uso de vehículos para fines no autorizados;Posibles daños o mal uso del vehículo rentado;Falta de regulación por parte de entidades oficiales";No;;;;No;;;;;1;"horas;dias";🔴Prioridad Alta🔴;🔴Prioridad Alta🔴;🟡Prioridad Media🟡;🔴Prioridad Alta🔴;🟡Prioridad Media🟡;🔴Prioridad Alta🔴;🟡Prioridad Media🟡;🟡Prioridad Media🟡;🟡Prioridad Media🟡;🟡Prioridad Media🟡;🔴Prioridad Alta🔴;🟡Prioridad Media🟡;;"Reciba solicitudes y pueda aceptarlas o denegarlas.;";"Entre $30.000 a $50.000 la hora.;";"Entre $200.000 a $250.000 el día.;";"Por transacción bancaria inmediata, una vez aprobado el servicio por mí y el cliente;En efectivo, antes de entregar el vehículo al cliente;Por transacción bancaria inmediata, al finalizar el servicio";🟡Prioridad Media🟡;🔴Prioridad Alta🔴;🟡Prioridad Media🟡;🔴Prioridad Alta🔴;🟡Prioridad Media🟡;;"Aceptaría pagar una comisión del 4% al 9% por servicio.;Preferiría pagar una suscripción mensual.;";1;"dias;horas";🔴Prioridad Alta🔴;🟡Prioridad Media🟡;🔴Prioridad Alta🔴;🔴Prioridad Alta🔴;🔴Prioridad Alta🔴;🟡Prioridad Media🟡;🟡Prioridad Media🟡;🟡Prioridad Media🟡;🟡Prioridad Media🟡;🔴Prioridad Alta🔴;;"Entre $15.000 a $30.000 la hora.;Entre $30.000 a $50.000 la hora.;";"Entre $100.000 a $150.000 el día.;Entre $150.000 a $200.000 el día.;";🟡Prioridad Media🟡;🟡Prioridad Media🟡;🟡Prioridad Media🟡;🔴Prioridad Alta🔴;🔴Prioridad Alta🔴;🔴Prioridad Alta🔴;;;;1;Neutral;"Por llamada telefónica;Por chat con asesor mediante Whatsapp";19;[18, 20)
2025-05-03;Acepto.;18-25;Colombia;Tunja (Boyacá);Femenino.;3;Universitario;Pregrado;Rara vez.;Buses municipales;"Por estudio;Por compromisos personales o familiares;Por turismo";1;0;;;;;;;No;"Posibilidad de generar ingresos como propietario del vehículo;Aprovechamiento de vehículos particulares inactivos";"Posibles daños o mal uso del vehículo rentado;Posible uso de vehículos para fines no autorizados";No;;;;No;;;;;1;dispersonal;🔴Prioridad Alta🔴;🔴Prioridad Alta🔴;🔴Prioridad Alta🔴;🔴Prioridad Alta🔴;🔴Prioridad Alta🔴;🟡Prioridad Media🟡;🟡Prioridad Media🟡;🔴Prioridad Alta🔴;🟡Prioridad Media🟡;🟡Prioridad Media🟡;🔴Prioridad Alta🔴;🟡Prioridad Media🟡;;"Reciba solicitudes y pueda aceptarlas o denegarlas.;Pueda confiar en la plataforma para que me consulten, o ellos mismos acepten y denieguen un servicio que me solicitan.;";"Entre $15.000 a $30.000 la hora.;";"Entre $100.000 a $150.000 el día.;";Por transacción bancaria inmediata, una vez aprobado el servicio por mí y el cliente;🔴Prioridad Alta🔴;🔴Prioridad Alta🔴;🟡Prioridad Media🟡;🟡Prioridad Media🟡;🔴Prioridad Alta🔴;;"Preferiría pagar una suscripción mensual.;";1;exclusividad_propietario;🔴Prioridad Alta🔴;🟡Prioridad Media🟡;🔴Prioridad Alta🔴;🔴Prioridad Alta🔴;🔴Prioridad Alta🔴;🟡Prioridad Media🟡;🟢Prioridad Baja🟢;🔴Prioridad Alta🔴;🔴Prioridad Alta🔴;🟡Prioridad Media🟡;;"Entre $15.000 a $30.000 la hora.;";"Entre $100.000 a $150.000 el día.;";🟡Prioridad Media🟡;🟡Prioridad Media🟡;🟡Prioridad Media🟡;🔴Prioridad Alta🔴;🔴Prioridad Alta🔴;🔴Prioridad Alta🔴;;;;1;MuyProbable;Por llamada telefónica;23;[22, 24)
2025-05-03;Acepto.;18-25;Colombia;Tunja (Boyacá);Femenino.;3;Universitario;Pregrado;Únicamente entre semana.;"Taxis;Buses municipales";"Por estudio;Por compromisos personales o familiares";1;0;;;;;;;No;Posibilidad de generar ingresos como propietario del vehículo;Posibles daños o mal uso del vehículo rentado;No;;;;No;;;;;0;;;;;;;;;;;;;;;;;;;;;;;;;;0;;;;;;;;;;;;;;;;;;;;;;;;1;Neutral;"Un chat en la plataforma;Con un chatbot (Sea por plataforma, Whatsapp, u otro medio.)";40;[40, 42)
2025-05-04;Acepto.;26-35;Colombia;Tunja (Boyacá);Femenino.;4;"Universitario;Empleado";Pregrado;Rara vez.;Buses municipales;Por compromisos personales o familiares;0;0;;;;;;;Sí;"Posibilidad de generar ingresos como propietario del vehículo;Aprovechamiento de vehículos particulares inactivos";"Posibles daños o mal uso del vehículo rentado;Desconfianza frente a clientes / personas desconocidas;Posible uso de vehículos para fines no autorizados;Falta de control en la entrega o devolución del vehículo";No;;;;No;;;;;0;;;;;;;;;;;;;;;;;;;;;;;;;;1;"dias;semanas";🔴Prioridad Alta🔴;🔴Prioridad Alta🔴;🔴Prioridad Alta🔴;🔴Prioridad Alta🔴;🔴Prioridad Alta🔴;🔴Prioridad Alta🔴;🔴Prioridad Alta🔴;🔴Prioridad Alta🔴;🟡Prioridad Media🟡;🔴Prioridad Alta🔴;;"No me encuentro interesado en rentar por horas.;";"Entre $100.000 a $150.000 el día.;";🔴Prioridad Alta🔴;🔴Prioridad Alta🔴;🔴Prioridad Alta🔴;🔴Prioridad Alta🔴;🔴Prioridad Alta🔴;🔴Prioridad Alta🔴;🔴Prioridad Alta🔴;🔴Prioridad Alta🔴;;0;Neutral;"Por chat con asesor mediante Whatsapp;Un chat en la plataforma";6;[6, 8)
2025-05-04;Acepto.;26-35;Colombia;Tunja (Boyacá);Masculino.;3;Empleado;Secundaria media;Diariamente.;Taxis;Por trabajo;2;0;;;;;;;No;"Mejor negociación en condiciones de arriendo;Posibilidad de generar ingresos como propietario del vehículo;Diversidad de vehículos para rentar / arrendar";"Posibles daños o mal uso del vehículo rentado;Falta de regulación por parte de entidades oficiales;Posible uso de vehículos para fines no autorizados";No;;;;No;;;;;1;semana;🔴Prioridad Alta🔴;🔴Prioridad Alta🔴;🟡Prioridad Media🟡;🔴Prioridad Alta🔴;🔴Prioridad Alta🔴;🟡Prioridad Media🟡;🔴Prioridad Alta🔴;🔴Prioridad Alta🔴;🟡Prioridad Media🟡;🔴Prioridad Alta🔴;🔴Prioridad Alta🔴;🔴Prioridad Alta🔴;;"Reciba solicitudes y pueda aceptarlas o denegarlas.;Pueda configurar qué tipo de solicitudes quiero recibir, para luego aceptarlas o denegarlas.;Pueda confiar en la plataforma para que me consulten, o ellos mismos acepten y denieguen un servicio que me solicitan.;";"No me encuentro interesado en rentar por horas.;";"No me encuentro interesado en rentar por días.;";En efectivo, antes de entregar el vehículo al cliente;🔴Prioridad Alta🔴;🔴Prioridad Alta🔴;🟡Prioridad Media🟡;🔴Prioridad Alta🔴;🟡Prioridad Media🟡;;"Aceptaría pagar una comisión del 4% al 9% por servicio.;";1;semanas;🔴Prioridad Alta🔴;🟡Prioridad Media🟡;🔴Prioridad Alta🔴;🟡Prioridad Media🟡;🟡Prioridad Media🟡;🟡Prioridad Media🟡;🔴Prioridad Alta🔴;🔴Prioridad Alta🔴;🟡Prioridad Media🟡;🔴Prioridad Alta🔴;;"Entre $15.000 a $30.000 la hora.;";"Entre $100.000 a $150.000 el día.;";🟡Prioridad Media🟡;🟡Prioridad Media🟡;🟡Prioridad Media🟡;🔴Prioridad Alta🔴;🔴Prioridad Alta🔴;🔴Prioridad Alta🔴;🔴Prioridad Alta🔴;🔴Prioridad Alta🔴;;0;Neutral;"Un chat en la plataforma;Por chat con asesor mediante Whatsapp;Con un chatbot (Sea por plataforma, Whatsapp, u otro medio.)";8;[8, 10)
2025-05-04;Acepto.;26-35;Colombia;Tunja (Boyacá);Femenino.;4;Empleado;Especialización / Diplomado;Únicamente entre semana.;"Buses intermunicipales;SITP;Otro: Plataformas digitales de transporte (servicios privados)";Por trabajo;2;1;Diariamente.;Único;Sí;Auto;;;Sí;"Diversidad de vehículos para rentar / arrendar;Aprovechamiento de vehículos particulares inactivos";"Posibles daños o mal uso del vehículo rentado;Falta de regulación por parte de entidades oficiales";No;;;;Sí;;"Yango;Uber";"Facilidad en el acceso al servicio.;Rapidez en los tiempos de respuesta.;Acompañamiento y buen trato durante el proceso.;";;0;;;;;;;;;;;;;;;;;;;;;;;;;;1;horas;🔴Prioridad Alta🔴;🔴Prioridad Alta🔴;🔴Prioridad Alta🔴;🔴Prioridad Alta🔴;🟡Prioridad Media🟡;🔴Prioridad Alta🔴;🟡Prioridad Media🟡;🟡Prioridad Media🟡;🟡Prioridad Media🟡;🔴Prioridad Alta🔴;;"Entre $50.000 a $80.000 la hora.;";"Entre $200.000 a $250.000 el día.;";🟢Prioridad Baja🟢;🟡Prioridad Media🟡;🟡Prioridad Media🟡;🟡Prioridad Media🟡;🟡Prioridad Media🟡;🟡Prioridad Media🟡;🟡Prioridad Media🟡;🟡Prioridad Media🟡;;1;Probable;"Un chat en la plataforma;Por correo electrónico";91;
2025-05-04;Acepto.;36-45;Colombia;Tunja (Boyacá);Femenino.;3;Freelancer;Especialización / Diplomado;Diariamente.;Buses municipales;Por trabajo;2;1;Solo durante fines de semana.;Único;Sí;Auto;;;No;"Mayor flexibilidad en horarios;Diversidad de vehículos para rentar / arrendar";"Posibles daños o mal uso del vehículo rentado;Falta de regulación por parte de entidades oficiales;Posible uso de vehículos para fines no autorizados";No;;;;Sí;;"Uber;DiDi";"Facilidad en el acceso al servicio.;Rapidez en los tiempos de respuesta.;Acompañamiento y buen trato durante el proceso.;Flexibilidad para adaptarse a mis necesidades.;Tecnología fácil de utilizar (a través de plataformas digitales, aplicaciones o códigos personales / QRs).).;";;0;;;;;;;;;;;;;;;;;;;;;;;;;;1;horas;🔴Prioridad Alta🔴;🔴Prioridad Alta🔴;🔴Prioridad Alta🔴;🔴Prioridad Alta🔴;🔴Prioridad Alta🔴;🔴Prioridad Alta🔴;🟡Prioridad Media🟡;🟡Prioridad Media🟡;🔴Prioridad Alta🔴;🔴Prioridad Alta🔴;;"Entre $15.000 a $30.000 la hora.;";"No me encuentro interesado en rentar por días.;";🟡Prioridad Media🟡;🔴Prioridad Alta🔴;🔴Prioridad Alta🔴;🔴Prioridad Alta🔴;🔴Prioridad Alta🔴;🟡Prioridad Media🟡;🔴Prioridad Alta🔴;🔴Prioridad Alta🔴;;1;MuyProbable;Un chat en la plataforma;10;[10, 12)
2025-05-04;Acepto.;18-25;Colombia;Tunja (Boyacá);Masculino.;4;Universitario;Secundaria media;Diariamente.;"Taxis;Buses municipales";Por estudio;2;0;;;;;;;Sí;"Mejor negociación en condiciones de arriendo;Diversidad de vehículos para rentar / arrendar;Aprovechamiento de vehículos particulares inactivos";"Posibles daños o mal uso del vehículo rentado;Desconfianza frente a clientes / personas desconocidas;Falta de regulación por parte de entidades oficiales;Posible uso de vehículos para fines no autorizados";No;;;;No;;;;;1;semana;🔴Prioridad Alta🔴;🟡Prioridad Media🟡;🔴Prioridad Alta🔴;🔴Prioridad Alta🔴;🔴Prioridad Alta🔴;🔴Prioridad Alta🔴;🔴Prioridad Alta🔴;🟡Prioridad Media🟡;🔴Prioridad Alta🔴;🔴Prioridad Alta🔴;🔴Prioridad Alta🔴;🔴Prioridad Alta🔴;;"Pueda configurar qué tipo de solicitudes quiero recibir, para luego aceptarlas o denegarlas.;Pueda confiar en la plataforma para que me consulten, o ellos mismos acepten y denieguen un servicio que me solicitan.;Reciba solicitudes y pueda aceptarlas o denegarlas.;";"Entre $15.000 a $30.000 la hora.;";"Entre $150.000 a $200.000 el día.;";"Un respaldo con un pagaré automatizado por transferencia bancaria al finalizar el servicio por medio de Flex Drive;En efectivo, antes de entregar el vehículo al cliente;Por transacción bancaria inmediata, una vez aprobado el servicio por mí y el cliente";🟡Prioridad Media🟡;🔴Prioridad Alta🔴;🟡Prioridad Media🟡;🔴Prioridad Alta🔴;🟡Prioridad Media🟡;Obligatoriedad del Seguro todo riesgo (lo paga el arrendador);"No estaría interesado en pagar comisión alguna.;";1;meses;🔴Prioridad Alta🔴;🟡Prioridad Media🟡;🔴Prioridad Alta🔴;🔴Prioridad Alta🔴;🟡Prioridad Media🟡;🟡Prioridad Media🟡;🟡Prioridad Media🟡;🟡Prioridad Media🟡;🔴Prioridad Alta🔴;🟡Prioridad Media🟡;;"Entre $15.000 a $30.000 la hora.;";"Entre $150.000 a $200.000 el día.;";🟢Prioridad Baja🟢;🟡Prioridad Media🟡;🟡Prioridad Media🟡;🔴Prioridad Alta🔴;🔴Prioridad Alta🔴;🟡Prioridad Media🟡;🟡Prioridad Media🟡;🔴Prioridad Alta🔴;;1;Probable;"Un chat en la plataforma;Por llamada telefónica;Con un chatbot (Sea por plataforma, Whatsapp, u otro medio.)";8;[8, 10)
2025-05-04;Acepto.;18-25;Colombia;Tunja (Boyacá);Masculino.;3;Universitario;Pregrado;Diariamente.;"Taxis;Buses municipales;Otro: Plataformas digitales de transporte (servicios privados)";Por estudio;2;1;Diariamente.;Único;Ocasionalmente;Auto;;;Sí;"Posibilidad de generar ingresos como propietario del vehículo;Mayor flexibilidad en horarios;Mejor negociación en condiciones de arriendo;Experiencia de negocio más personalizada";"Posibles daños o mal uso del vehículo rentado;Desconfianza frente a clientes / personas desconocidas;Falta de regulación por parte de entidades oficiales;Posible uso de vehículos para fines no autorizados";No;;;;No;;;;;0;;;;;;;;;;;;;;;;;;;;;;;;;;1;"horas;dias;semanas";🔴Prioridad Alta🔴;🟡Prioridad Media🟡;🔴Prioridad Alta🔴;🔴Prioridad Alta🔴;🟢Prioridad Baja🟢;🟡Prioridad Media🟡;🔴Prioridad Alta🔴;🔴Prioridad Alta🔴;🟡Prioridad Media🟡;🟡Prioridad Media🟡;"Revisar 49H;Otro: Logística de Apoyo Legal para infracciones";"Entre $30.000 a $50.000 la hora.;";"Entre $150.000 a $200.000 el día.;";🟢Prioridad Baja🟢;🟡Prioridad Media🟡;🔴Prioridad Alta🔴;🔴Prioridad Alta🔴;🔴Prioridad Alta🔴;🔴Prioridad Alta🔴;🟡Prioridad Media🟡;🔴Prioridad Alta🔴;"Revisar 49H;Otro: El vehículo viene tanqueado";1;Neutral;"Un chat en la plataforma;Por chat con asesor mediante Whatsapp";33;[32, 34)
2025-05-04;Acepto.;36-45;Colombia;Duitama (Boyacá);Femenino.;3;"Freelancer;Desempleado";Técnico / Tecnológico;Rara vez.;"Buses municipales;Taxis";"Por trabajo;Por compromisos personales o familiares";0;0;;;;;;;No;;;No;;;;No;;;;;0;;;;;;;;;;;;;;;;;;;;;;;;;;0;;;;;;;;;;;;;;;;;;;;;;;;1;Neutral;"Un chat en la plataforma;Con un chatbot (Sea por plataforma, Whatsapp, u otro medio.)";11;[10, 12)
2025-05-05;Acepto.;56-65;Colombia;Yopal (Casanare);Masculino.;4;Freelancer;Especialización / Diplomado;Rara vez.;"Taxis;Buses intermunicipales;SITP";"Por compromisos personales o familiares;Por turismo";0;1;Diariamente.;Varios;;;no;Auto;Sí;Diversidad de vehículos para rentar / arrendar;"Falta de regulación por parte de entidades oficiales;Posibles daños o mal uso del vehículo rentado";No;;;;Sí;;;;Lentitud en tiempos de atención y respuesta;0;;;;;;;;;;;;;;;;;;;;;;;;;;0;;;;;;;;;;;;;;;;;;;;;;;;1;Neutral;Por chat con asesor mediante Whatsapp;4;[4, 6)
2025-05-05;Acepto.;26-35;Colombia;Yopal (Casanare);Femenino.;3;Empleado;Especialización / Diplomado;Rara vez.;"Taxis;Buses municipales";Por trabajo;2;1;Diariamente.;Único;No;Auto;;;No;Diversidad de vehículos para rentar / arrendar;"Posible uso de vehículos para fines no autorizados;Falta de regulación por parte de entidades oficiales";No;;;;Sí;;Localiza;"Rapidez en los tiempos de respuesta.;Transparencia en la información brindada.;";"Trato poco profesional o desinteresado;Información confusa sobre los contratos";1;findesemana;🔴Prioridad Alta🔴;🔴Prioridad Alta🔴;🟢Prioridad Baja🟢;🟢Prioridad Baja🟢;🟢Prioridad Baja🟢;🟢Prioridad Baja🟢;🟢Prioridad Baja🟢;🟢Prioridad Baja🟢;🔴Prioridad Alta🔴;🟢Prioridad Baja🟢;🟢Prioridad Baja🟢;🟢Prioridad Baja🟢;;"Pueda configurar qué tipo de solicitudes quiero recibir, para luego aceptarlas o denegarlas.;";"Entre $30.000 a $50.000 la hora.;";"Entre $150.000 a $200.000 el día.;";En efectivo, cuando el cliente devuelve el vehículo;🔴Prioridad Alta🔴;🔴Prioridad Alta🔴;🔴Prioridad Alta🔴;🔴Prioridad Alta🔴;🔴Prioridad Alta🔴;;"No estaría interesado en pagar comisión alguna.;";1;semanas;🔴Prioridad Alta🔴;🔴Prioridad Alta🔴;🔴Prioridad Alta🔴;🔴Prioridad Alta🔴;🔴Prioridad Alta🔴;🔴Prioridad Alta🔴;🔴Prioridad Alta🔴;🔴Prioridad Alta🔴;🔴Prioridad Alta🔴;🔴Prioridad Alta🔴;;"Entre $30.000 a $50.000 la hora.;";"Entre $150.000 a $200.000 el día.;";🔴Prioridad Alta🔴;🔴Prioridad Alta🔴;🔴Prioridad Alta🔴;🔴Prioridad Alta🔴;🔴Prioridad Alta🔴;🔴Prioridad Alta🔴;🔴Prioridad Alta🔴;🔴Prioridad Alta🔴;;1;Probable;Por correo electrónico;5;[4, 6)
2025-05-05;Acepto.;46-55;Colombia;Yopal (Casanare);Femenino.;4;Empleado;Pregrado;Rara vez.;"Taxis;Buses municipales;Buses intermunicipales";Por trabajo;2;1;Diariamente.;Único;Sí;Motocicleta;;;No;Experiencia de negocio más personalizada;Posible uso de vehículos para fines no autorizados;No;;;;No;;;;;1;horas;🔴Prioridad Alta🔴;🔴Prioridad Alta🔴;🔴Prioridad Alta🔴;🔴Prioridad Alta🔴;🔴Prioridad Alta🔴;🔴Prioridad Alta🔴;🔴Prioridad Alta🔴;🔴Prioridad Alta🔴;🟡Prioridad Media🟡;🔴Prioridad Alta🔴;🔴Prioridad Alta🔴;🔴Prioridad Alta🔴;;"Reciba solicitudes y pueda aceptarlas o denegarlas.;Pueda confiar en la plataforma para que me consulten, o ellos mismos acepten y denieguen un servicio que me solicitan.;Pueda configurar qué tipo de solicitudes quiero recibir, para luego aceptarlas o denegarlas.;";"Entre $15.000 a $30.000 la hora.;";"Entre $100.000 a $150.000 el día.;";"En efectivo, antes de entregar el vehículo al cliente;Por transacción bancaria inmediata, una vez aprobado el servicio por mí y el cliente";🔴Prioridad Alta🔴;🔴Prioridad Alta🔴;🔴Prioridad Alta🔴;🔴Prioridad Alta🔴;🔴Prioridad Alta🔴;;"Preferiría pagar una suscripción mensual.;";1;dias;🔴Prioridad Alta🔴;🔴Prioridad Alta🔴;🔴Prioridad Alta🔴;🔴Prioridad Alta🔴;🔴Prioridad Alta🔴;🔴Prioridad Alta🔴;🔴Prioridad Alta🔴;🔴Prioridad Alta🔴;🔴Prioridad Alta🔴;🔴Prioridad Alta🔴;;"Entre $15.000 a $30.000 la hora.;";"Entre $100.000 a $150.000 el día.;";🟡Prioridad Media🟡;🟡Prioridad Media🟡;🔴Prioridad Alta🔴;🔴Prioridad Alta🔴;🟡Prioridad Media🟡;🔴Prioridad Alta🔴;🔴Prioridad Alta🔴;🔴Prioridad Alta🔴;;1;Probable;"Un chat en la plataforma;Por llamada telefónica;Por correo electrónico;Por chat con asesor mediante Whatsapp";22;[22, 24)
2025-05-05;Acepto.;46-55;Colombia;Yopal (Casanare);Masculino.;3;Freelancer;Especialización / Diplomado;Rara vez.;"Taxis;Buses intermunicipales;SITP";Por compromisos personales o familiares;2;1;Diariamente.;Único;Ocasionalmente;Auto;;;No;"Mayor flexibilidad en horarios;Mejor negociación en condiciones de arriendo;Posibilidad de generar ingresos como propietario del vehículo;Diversidad de vehículos para rentar / arrendar;Aprovechamiento de vehículos particulares inactivos";"Posibles daños o mal uso del vehículo rentado;Desconfianza frente a clientes / personas desconocidas;Posible uso de vehículos para fines no autorizados";No;;;;Sí;;;"Facilidad en el acceso al servicio.;Rapidez en los tiempos de respuesta.;Tecnología fácil de utilizar (a través de plataformas digitales, aplicaciones o códigos personales / QRs).).;";;0;;;;;;;;;;;;;;;;;;;;;;;;;;0;;;;;;;;;;;;;;;;;;;;;;;;1;Neutral;Por chat con asesor mediante Whatsapp;8;[8, 10)
2025-05-05;Acepto.;16-17;Colombia;Yopal (Casanare);Femenino.;4;Estudiante de secundaria;Secundaria media;Diariamente.;Taxis;Por estudio;2;0;;;;;;;Sí;"Mayor flexibilidad en horarios;Diversidad de vehículos para rentar / arrendar;Aprovechamiento de vehículos particulares inactivos";"Posibles daños o mal uso del vehículo rentado;Posible uso de vehículos para fines no autorizados;Falta de control en la entrega o devolución del vehículo";No;;;;No;;;;;1;"horas;dias;dispersonal";🔴Prioridad Alta🔴;🟢Prioridad Baja🟢;🟡Prioridad Media🟡;🔴Prioridad Alta🔴;🔴Prioridad Alta🔴;🔴Prioridad Alta🔴;🔴Prioridad Alta🔴;🟡Prioridad Media🟡;🔴Prioridad Alta🔴;🔴Prioridad Alta🔴;🔴Prioridad Alta🔴;🔴Prioridad Alta🔴;;"Pueda confiar en la plataforma para que me consulten, o ellos mismos acepten y denieguen un servicio que me solicitan.;";"Entre $30.000 a $50.000 la hora.;";"Entre $150.000 a $200.000 el día.;";Por transacción bancaria inmediata, una vez aprobado el servicio por mí y el cliente;🟡Prioridad Media🟡;🔴Prioridad Alta🔴;🔴Prioridad Alta🔴;🔴Prioridad Alta🔴;🟡Prioridad Media🟡;;"Aceptaría pagar una comisión del 4% al 9% por servicio.;";1;"horas;dias";🔴Prioridad Alta🔴;🟡Prioridad Media🟡;🔴Prioridad Alta🔴;🔴Prioridad Alta🔴;🟡Prioridad Media🟡;🟡Prioridad Media🟡;🔴Prioridad Alta🔴;🔴Prioridad Alta🔴;🟡Prioridad Media🟡;🔴Prioridad Alta🔴;;"Entre $15.000 a $30.000 la hora.;";"Entre $150.000 a $200.000 el día.;";🔴Prioridad Alta🔴;🟡Prioridad Media🟡;🟡Prioridad Media🟡;🔴Prioridad Alta🔴;🔴Prioridad Alta🔴;🔴Prioridad Alta🔴;🔴Prioridad Alta🔴;🔴Prioridad Alta🔴;;1;Probable;Un chat en la plataforma;11;[10, 12)
2025-05-05;Acepto.;46-55;Colombia;Yopal (Casanare);Masculino.;4;Empresario;Especialización / Diplomado;Rara vez.;"Taxis;SITP";"Por compromisos personales o familiares;Por trabajo";2;1;Diariamente.;Único;Ocasionalmente;Auto;;;No;"Aprovechamiento de vehículos particulares inactivos;Posibilidad de generar ingresos como propietario del vehículo";"Desconfianza frente a clientes / personas desconocidas;Posible uso de vehículos para fines no autorizados";No;;;;Sí;;Hertz;"Tecnología fácil de utilizar (a través de plataformas digitales, aplicaciones o códigos personales / QRs).).;Rapidez en los tiempos de respuesta.;";"Información confusa sobre los contratos;Poca o nula seguridad para accidentes o sin atención ante riesgos";0;;;;;;;;;;;;;;;;;;;;;;;;;;1;dias;🟡Prioridad Media🟡;🟢Prioridad Baja🟢;🟢Prioridad Baja🟢;🟢Prioridad Baja🟢;🟡Prioridad Media🟡;🟢Prioridad Baja🟢;🟢Prioridad Baja🟢;🟡Prioridad Media🟡;🟢Prioridad Baja🟢;🟢Prioridad Baja🟢;Revisar 45F;"Entre $30.000 a $50.000 la hora.;";"Entre $150.000 a $200.000 el día.;";🟡Prioridad Media🟡;🔴Prioridad Alta🔴;🔴Prioridad Alta🔴;🟡Prioridad Media🟡;🟡Prioridad Media🟡;🔴Prioridad Alta🔴;🔴Prioridad Alta🔴;🔴Prioridad Alta🔴;Revisar 49I;1;Probable;"Un chat en la plataforma;Por llamada telefónica";17;[16, 18)
2025-05-05;Acepto.;46-55;Colombia;Yopal (Casanare);Prefiero no decir.;3;Empleado;Especialización / Diplomado;Rara vez.;Taxis;"Por trabajo;Por compromisos personales o familiares";2;1;Diariamente.;Único;Sí;Auto;;;No;"Mayor flexibilidad en horarios;Aprovechamiento de vehículos particulares inactivos;Diversidad de vehículos para rentar / arrendar";"Posibles daños o mal uso del vehículo rentado;Desconfianza frente a clientes / personas desconocidas;Falta de regulación por parte de entidades oficiales";No;;;;Sí;;Alamo;"Facilidad en el acceso al servicio.;Rapidez en los tiempos de respuesta.;Transparencia en la información brindada.;Flexibilidad para adaptarse a mis necesidades.;Tecnología fácil de utilizar (a través de plataformas digitales, aplicaciones o códigos personales / QRs).).;";;0;;;;;;;;;;;;;;;;;;;;;;;;;;1;"horas;dias;semanas;meses";🔴Prioridad Alta🔴;🔴Prioridad Alta🔴;🔴Prioridad Alta🔴;🔴Prioridad Alta🔴;🔴Prioridad Alta🔴;🔴Prioridad Alta🔴;🔴Prioridad Alta🔴;🔴Prioridad Alta🔴;🔴Prioridad Alta🔴;🔴Prioridad Alta🔴;;"Entre $15.000 a $30.000 la hora.;";"Entre $100.000 a $150.000 el día.;";🔴Prioridad Alta🔴;🔴Prioridad Alta🔴;🔴Prioridad Alta🔴;🔴Prioridad Alta🔴;🔴Prioridad Alta🔴;🔴Prioridad Alta🔴;🔴Prioridad Alta🔴;🔴Prioridad Alta🔴;;1;MuyProbable;"Un chat en la plataforma;Por llamada telefónica;Por correo electrónico";10;[10, 12)
2025-05-05;Acepto.;46-55;Colombia;Bucaramanga (Santander);Masculino.;3;Freelancer;Especialización / Diplomado;Rara vez.;"Taxis;Otro: Plataformas digitales de transporte (servicios privados)";"Por trabajo;Por turismo;Por compromisos personales o familiares";2;1;Diariamente.;Único;No;Auto;;;No;Diversidad de vehículos para rentar / arrendar;Posibles daños o mal uso del vehículo rentado;No;;;;No;;;;;0;;;;;;;;;;;;;;;;;;;;;;;;;;1;dias;🟡Prioridad Media🟡;🔴Prioridad Alta🔴;🟡Prioridad Media🟡;🟡Prioridad Media🟡;🔴Prioridad Alta🔴;🔴Prioridad Alta🔴;🔴Prioridad Alta🔴;🔴Prioridad Alta🔴;🔴Prioridad Alta🔴;🔴Prioridad Alta🔴;;"Entre $15.000 a $30.000 la hora.;";"Entre $150.000 a $200.000 el día.;";🔴Prioridad Alta🔴;🔴Prioridad Alta🔴;🟡Prioridad Media🟡;🔴Prioridad Alta🔴;🔴Prioridad Alta🔴;🔴Prioridad Alta🔴;🔴Prioridad Alta🔴;🔴Prioridad Alta🔴;;1;Probable;Por correo electrónico;7;[6, 8)
2025-05-05;Acepto.;46-55;Colombia;Bogotá D.C.;Masculino.;3;Empleado;Especialización / Diplomado;Diariamente.;"Taxis;SITP;Otro: Plataformas digitales de transporte (servicios privados)";Por trabajo;2;0;;;;;;;Sí;"Mejor negociación en condiciones de arriendo;Posibilidad de generar ingresos como propietario del vehículo;Diversidad de vehículos para rentar / arrendar";"Posibles daños o mal uso del vehículo rentado;Desconfianza frente a clientes / personas desconocidas;Falta de regulación por parte de entidades oficiales;Posible uso de vehículos para fines no autorizados";No;;;;No;;;;;0;;;;;;;;;;;;;;;;;;;;;;;;;;0;;;;;;;;;;;;;;;;;;;;;;;;0;Neutral;Por chat con asesor mediante Whatsapp;13;[12, 14)
2025-05-05;Acepto.;36-45;Colombia;Yopal (Casanare);Masculino.;3;"Desempleado;Universitario";Pregrado;Rara vez.;"Taxis;Buses municipales;Buses intermunicipales";"Por compromisos personales o familiares;Por trabajo";2;1;Diariamente.;Único;No;Motocicleta;;;No;Posibilidad de generar ingresos como propietario del vehículo;Posibles daños o mal uso del vehículo rentado;No;;;;No;;;;;1;dias;🔴Prioridad Alta🔴;🔴Prioridad Alta🔴;🔴Prioridad Alta🔴;🔴Prioridad Alta🔴;🔴Prioridad Alta🔴;🔴Prioridad Alta🔴;🔴Prioridad Alta🔴;🔴Prioridad Alta🔴;🟡Prioridad Media🟡;🔴Prioridad Alta🔴;🔴Prioridad Alta🔴;🔴Prioridad Alta🔴;;"Pueda configurar qué tipo de solicitudes quiero recibir, para luego aceptarlas o denegarlas.;";"Entre $50.000 a $80.000 la hora.;";"Desde $350.000 en adelante.;";Un respaldo con un pagaré automatizado por transferencia bancaria al finalizar el servicio por medio de Flex Drive;🔴Prioridad Alta🔴;🟡Prioridad Media🟡;🔴Prioridad Alta🔴;🟡Prioridad Media🟡;🔴Prioridad Alta🔴;;"Preferiría pagar una suscripción mensual.;";1;dias;🔴Prioridad Alta🔴;🔴Prioridad Alta🔴;🔴Prioridad Alta🔴;🔴Prioridad Alta🔴;🔴Prioridad Alta🔴;🔴Prioridad Alta🔴;🔴Prioridad Alta🔴;🔴Prioridad Alta🔴;🔴Prioridad Alta🔴;🔴Prioridad Alta🔴;;"Entre $30.000 a $50.000 la hora.;";"Desde $350.000 en adelante.;";🔴Prioridad Alta🔴;🟡Prioridad Media🟡;🔴Prioridad Alta🔴;🔴Prioridad Alta🔴;🔴Prioridad Alta🔴;🔴Prioridad Alta🔴;🔴Prioridad Alta🔴;🔴Prioridad Alta🔴;;1;Probable;"Por chat con asesor mediante Whatsapp;Un chat en la plataforma";12;[12, 14)
2025-05-05;Acepto.;46-55;Colombia;Tunja (Boyacá);Masculino.;2;Empleado;Pregrado;Únicamente entre semana.;"Buses intermunicipales;Buses municipales";"Por trabajo;Por compromisos personales o familiares";2;1;Diariamente.;Único;No;Auto;;;Sí;Posibilidad de generar ingresos como propietario del vehículo;"Posibles daños o mal uso del vehículo rentado;Desconfianza frente a clientes / personas desconocidas;Posible uso de vehículos para fines no autorizados";No;;;;No;;;;;0;;;;;;;;;;;;;;;;;;;;;;;;;;0;;;;;;;;;;;;;;;;;;;;;;;;1;Neutral;Con un chatbot (Sea por plataforma, Whatsapp, u otro medio.);7;[6, 8)
2025-05-05;Acepto.;36-45;Colombia;Bogotá D.C.;Masculino.;3;Empleado;Especialización / Diplomado;Rara vez.;Otro: Plataformas digitales de transporte (servicios privados);Por trabajo;2;1;Solo durante fines de semana.;Único;Ocasionalmente;Auto;;;No;;"Desconfianza frente a clientes / personas desconocidas;Posibles daños o mal uso del vehículo rentado;Posible uso de vehículos para fines no autorizados;Falta de control en la entrega o devolución del vehículo";No;;;;No;;;;;0;;;;;;;;;;;;;;;;;;;;;;;;;;0;;;;;;;;;;;;;;;;;;;;;;;;1;Neutral;"Por chat con asesor mediante Whatsapp;Un chat en la plataforma";4;[4, 6)
2025-05-05;Acepto.;46-55;Colombia;Yopal (Casanare);Masculino.;2;Freelancer;Pregrado;Rara vez.;"Buses municipales;Buses intermunicipales";Por compromisos personales o familiares;2;0;;;;;;;No;;;No;;;;Sí;;Localiza;"Flexibilidad para adaptarse a mis necesidades.;";Costos elevados en comparación con lo esperado;0;;;;;;;;;;;;;;;;;;;;;;;;;;1;dias;🔴Prioridad Alta🔴;🔴Prioridad Alta🔴;🔴Prioridad Alta🔴;🔴Prioridad Alta🔴;🔴Prioridad Alta🔴;🔴Prioridad Alta🔴;🔴Prioridad Alta🔴;🔴Prioridad Alta🔴;🔴Prioridad Alta🔴;🔴Prioridad Alta🔴;;"No me encuentro interesado en rentar por horas.;";"Entre $100.000 a $150.000 el día.;";🔴Prioridad Alta🔴;🔴Prioridad Alta🔴;🔴Prioridad Alta🔴;🔴Prioridad Alta🔴;🔴Prioridad Alta🔴;🔴Prioridad Alta🔴;🔴Prioridad Alta🔴;🔴Prioridad Alta🔴;;1;MuyProbable;"Un chat en la plataforma;Por chat con asesor mediante Whatsapp;Con un chatbot (Sea por plataforma, Whatsapp, u otro medio.)";13;[12, 14)
2025-05-05;Acepto.;46-55;Colombia;Bucaramanga (Santander);Masculino.;3;Empleado;Especialización / Diplomado;Únicamente los fines de semana.;Taxis;Por trabajo;2;1;Solo entre semana laboral.;Único;Sí;Auto;;;No;Posibilidad de generar ingresos como propietario del vehículo;"Posibles daños o mal uso del vehículo rentado;Posible uso de vehículos para fines no autorizados;Falta de control en la entrega o devolución del vehículo";No;;;;Sí;;;"Facilidad en el acceso al servicio.;Transparencia en la información brindada.;Flexibilidad para adaptarse a mis necesidades.;";"Dificultad para solicitar o acceder al servicio;Lentitud en tiempos de atención y respuesta;Trato poco profesional o desinteresado;Información confusa sobre los contratos;Costos elevados en comparación con lo esperado;Falta de información en el servicio o vehículo a recibir;Poca o nula seguridad para accidentes o sin atención ante riesgos";1;findesemana;🔴Prioridad Alta🔴;🔴Prioridad Alta🔴;🔴Prioridad Alta🔴;🔴Prioridad Alta🔴;🔴Prioridad Alta🔴;🔴Prioridad Alta🔴;🔴Prioridad Alta🔴;🔴Prioridad Alta🔴;🔴Prioridad Alta🔴;🔴Prioridad Alta🔴;🔴Prioridad Alta🔴;🔴Prioridad Alta🔴;;"Reciba solicitudes y pueda aceptarlas o denegarlas.;Pueda configurar qué tipo de solicitudes quiero recibir, para luego aceptarlas o denegarlas.;Pueda confiar en la plataforma para que me consulten, o ellos mismos acepten y denieguen un servicio que me solicitan.;";"Entre $30.000 a $50.000 la hora.;";"Desde $350.000 en adelante.;";"Por transacción bancaria inmediata, una vez aprobado el servicio por mí y el cliente;Un respaldo con un pagaré automatizado por transferencia bancaria al finalizar el servicio por medio de Flex Drive";🔴Prioridad Alta🔴;🔴Prioridad Alta🔴;🔴Prioridad Alta🔴;🔴Prioridad Alta🔴;🔴Prioridad Alta🔴;;"Aceptaría pagar una comisión del 4% al 9% por servicio.;";1;"dias;horas";🔴Prioridad Alta🔴;🔴Prioridad Alta🔴;🔴Prioridad Alta🔴;🔴Prioridad Alta🔴;🔴Prioridad Alta🔴;🔴Prioridad Alta🔴;🔴Prioridad Alta🔴;🔴Prioridad Alta🔴;🔴Prioridad Alta🔴;🔴Prioridad Alta🔴;;"Entre $30.000 a $50.000 la hora.;";"Desde $350.000 en adelante.;";🔴Prioridad Alta🔴;🔴Prioridad Alta🔴;🔴Prioridad Alta🔴;🔴Prioridad Alta🔴;🔴Prioridad Alta🔴;🔴Prioridad Alta🔴;🔴Prioridad Alta🔴;🔴Prioridad Alta🔴;;1;Probable;Un chat en la plataforma;11;[10, 12)
2025-05-05;Acepto.;46-55;Colombia;Bogotá D.C.;Masculino.;4;Empresario;Especialización / Diplomado;Únicamente los fines de semana.;"Taxis;Buses municipales;Buses intermunicipales;SITP";"Por trabajo;Por compromisos personales o familiares";2;1;Solo entre semana laboral.;Varios;;;sí_otros;Auto;No;"Aprovechamiento de vehículos particulares inactivos;Promueve la economía colaborativa";"Desconfianza frente a clientes / personas desconocidas;Falta de regulación por parte de entidades oficiales";No;;;;Sí;;Localiza;"Seguridad durante los procesos del servicio.;Tecnología fácil de utilizar (a través de plataformas digitales, aplicaciones o códigos personales / QRs).).;";"Dificultad para solicitar o acceder al servicio;Costos elevados en comparación con lo esperado";1;horas;🔴Prioridad Alta🔴;🔴Prioridad Alta🔴;🔴Prioridad Alta🔴;🔴Prioridad Alta🔴;🔴Prioridad Alta🔴;🔴Prioridad Alta🔴;🔴Prioridad Alta🔴;🔴Prioridad Alta🔴;🔴Prioridad Alta🔴;🔴Prioridad Alta🔴;🔴Prioridad Alta🔴;🔴Prioridad Alta🔴;;"Reciba solicitudes y pueda aceptarlas o denegarlas.;";"Entre $30.000 a $50.000 la hora.;";"Entre $250.000 a $350.000 el día.;";Por transacción bancaria inmediata, una vez aprobado el servicio por mí y el cliente;🟡Prioridad Media🟡;🔴Prioridad Alta🔴;🔴Prioridad Alta🔴;🔴Prioridad Alta🔴;🔴Prioridad Alta🔴;;"Preferiría pagar una suscripción mensual.;";1;dias;🔴Prioridad Alta🔴;🔴Prioridad Alta🔴;🔴Prioridad Alta🔴;🔴Prioridad Alta🔴;🔴Prioridad Alta🔴;🔴Prioridad Alta🔴;🔴Prioridad Alta🔴;🔴Prioridad Alta🔴;🔴Prioridad Alta🔴;🔴Prioridad Alta🔴;;"Entre $30.000 a $50.000 la hora.;";"Entre $250.000 a $350.000 el día.;";🟡Prioridad Media🟡;🟡Prioridad Media🟡;🔴Prioridad Alta🔴;🔴Prioridad Alta🔴;🔴Prioridad Alta🔴;🔴Prioridad Alta🔴;🔴Prioridad Alta🔴;🔴Prioridad Alta🔴;;1;Neutral;Por correo electrónico;8;[8, 10)
2025-05-05;Acepto.;46-55;Colombia;Yopal (Casanare);Masculino.;3;Empleado;Especialización / Diplomado;Rara vez.;Taxis;Por trabajo;2;1;Diariamente.;Único;Ocasionalmente;Auto;;;No;"Mayor flexibilidad en horarios;Diversidad de vehículos para rentar / arrendar";Falta de control en la entrega o devolución del vehículo;No;;;;No;;;;;0;;;;;;;;;;;;;;;;;;;;;;;;;;0;;;;;;;;;;;;;;;;;;;;;;;;1;Probable;Un chat en la plataforma;6;[6, 8)
2025-05-05;Acepto.;46-55;Colombia;Yopal (Casanare);Masculino.;2;Empresario;Maestría;Rara vez.;Taxis;"Por trabajo;Por compromisos personales o familiares";2;1;Diariamente.;Varios;;;no;"Moto;Auto";No;Diversidad de vehículos para rentar / arrendar;"Posibles daños o mal uso del vehículo rentado;Desconfianza frente a clientes / personas desconocidas;Falta de regulación por parte de entidades oficiales;Posible uso de vehículos para fines no autorizados";No;;;;Sí;;Localiza;"Facilidad en el acceso al servicio.;Rapidez en los tiempos de respuesta.;Flexibilidad para adaptarse a mis necesidades.;";"Información confusa sobre los contratos;Costos elevados en comparación con lo esperado";0;;;;;;;;;;;;;;;;;;;;;;;;;;0;;;;;;;;;;;;;;;;;;;;;;;;1;Probable;Un chat en la plataforma;8;[8, 10)
2025-05-05;Acepto.;46-55;Colombia;Bogotá D.C.;Masculino.;4;Empleado;Especialización / Diplomado;Rara vez.;Otro: Plataformas digitales de transporte (servicios privados);"Por trabajo;Por compromisos personales o familiares";2;1;Diariamente.;Único;Ocasionalmente;Auto;;;No;"Aprovechamiento de vehículos particulares inactivos;Promueve la economía colaborativa;Posibilidad de generar ingresos como propietario del vehículo";"Posibles daños o mal uso del vehículo rentado;Desconfianza frente a clientes / personas desconocidas;Posible uso de vehículos para fines no autorizados;Falta de control en la entrega o devolución del vehículo;Falta de regulación por parte de entidades oficiales";No;;;;Sí;;Hertz;"Facilidad en el acceso al servicio.;Acompañamiento y buen trato durante el proceso.;Rapidez en los tiempos de respuesta.;Seguridad durante los procesos del servicio.;Flexibilidad para adaptarse a mis necesidades.;Tecnología fácil de utilizar (a través de plataformas digitales, aplicaciones o códigos personales / QRs).).;";;1;"dias;dispersonal";🟡Prioridad Media🟡;🟡Prioridad Media🟡;🔴Prioridad Alta🔴;🔴Prioridad Alta🔴;🟢Prioridad Baja🟢;🟡Prioridad Media🟡;🟢Prioridad Baja🟢;🟢Prioridad Baja🟢;🟡Prioridad Media🟡;🟢Prioridad Baja🟢;🟡Prioridad Media🟡;🟡Prioridad Media🟡;;"Reciba solicitudes y pueda aceptarlas o denegarlas.;Pueda configurar qué tipo de solicitudes quiero recibir, para luego aceptarlas o denegarlas.;";"Entre $15.000 a $30.000 la hora.;";"Entre $100.000 a $150.000 el día.;";Por transacción bancaria inmediata, una vez aprobado el servicio por mí y el cliente;🟡Prioridad Media🟡;🟡Prioridad Media🟡;🟡Prioridad Media🟡;🔴Prioridad Alta🔴;🔴Prioridad Alta🔴;;"Aceptaría pagar una comisión del 4% al 9% por servicio.;";1;"horas;dias";🟡Prioridad Media🟡;🔴Prioridad Alta🔴;🔴Prioridad Alta🔴;🔴Prioridad Alta🔴;🔴Prioridad Alta🔴;🔴Prioridad Alta🔴;🔴Prioridad Alta🔴;🔴Prioridad Alta🔴;🟡Prioridad Media🟡;🟡Prioridad Media🟡;;"Entre $15.000 a $30.000 la hora.;";"Entre $100.000 a $150.000 el día.;";🟡Prioridad Media🟡;🟡Prioridad Media🟡;🟡Prioridad Media🟡;🔴Prioridad Alta🔴;🔴Prioridad Alta🔴;🔴Prioridad Alta🔴;🔴Prioridad Alta🔴;🔴Prioridad Alta🔴;;1;MuyProbable;"Un chat en la plataforma;Por chat con asesor mediante Whatsapp";136;
2025-05-05;Acepto.;36-45;Colombia;Tunja (Boyacá);Femenino.;4;Empleado;Doctorado;Rara vez.;"Taxis;Buses municipales;Buses intermunicipales";"Por compromisos personales o familiares;Por turismo";0;0;;;;;;;Sí;"Mayor flexibilidad en horarios;Diversidad de vehículos para rentar / arrendar";Posibles daños o mal uso del vehículo rentado;Sí;"De forma independiente.;";"Buena gestión por parte de la entidad sobre el vehículo.;";"Poca atención o soporte al usuario desde la plataforma o la entidad.;";Sí;;;"Acompañamiento y buen trato durante el proceso.;";Información confusa sobre los contratos;1;semana;🔴Prioridad Alta🔴;🔴Prioridad Alta🔴;🔴Prioridad Alta🔴;🔴Prioridad Alta🔴;🔴Prioridad Alta🔴;🔴Prioridad Alta🔴;🔴Prioridad Alta🔴;🔴Prioridad Alta🔴;🔴Prioridad Alta🔴;🔴Prioridad Alta🔴;🔴Prioridad Alta🔴;🔴Prioridad Alta🔴;;"Pueda confiar en la plataforma para que me consulten, o ellos mismos acepten y denieguen un servicio que me solicitan.;";"No me encuentro interesado en rentar por horas.;Entre $15.000 a $30.000 la hora.;Entre $30.000 a $50.000 la hora.;Entre $50.000 a $80.000 la hora.;";"Entre $150.000 a $200.000 el día.;";Por transacción bancaria inmediata, al finalizar el servicio;🔴Prioridad Alta🔴;🔴Prioridad Alta🔴;🔴Prioridad Alta🔴;🔴Prioridad Alta🔴;🔴Prioridad Alta🔴;;"Aceptaría pagar una comisión del 4% al 9% por servicio.;";1;horas;🔴Prioridad Alta🔴;🔴Prioridad Alta🔴;🔴Prioridad Alta🔴;🔴Prioridad Alta🔴;🔴Prioridad Alta🔴;🔴Prioridad Alta🔴;🔴Prioridad Alta🔴;🔴Prioridad Alta🔴;🔴Prioridad Alta🔴;🔴Prioridad Alta🔴;;"Entre $15.000 a $30.000 la hora.;";"Entre $100.000 a $150.000 el día.;";🔴Prioridad Alta🔴;🔴Prioridad Alta🔴;🔴Prioridad Alta🔴;🔴Prioridad Alta🔴;🔴Prioridad Alta🔴;🔴Prioridad Alta🔴;🔴Prioridad Alta🔴;🔴Prioridad Alta🔴;;1;Probable;Un chat en la plataforma;61;
2025-05-05;Acepto.;56-65;Colombia;Bogotá D.C.;Masculino.;3;Empleado;Especialización / Diplomado;Rara vez.;Taxis;Por trabajo;2;0;;;;;;;No;"Posibilidad de generar ingresos como propietario del vehículo;Diversidad de vehículos para rentar / arrendar;Aprovechamiento de vehículos particulares inactivos";Desconfianza frente a clientes / personas desconocidas;No;;;;Sí;;;"Rapidez en los tiempos de respuesta.;";Poca o nula seguridad para accidentes o sin atención ante riesgos;1;dias;🔴Prioridad Alta🔴;🔴Prioridad Alta🔴;🔴Prioridad Alta🔴;🔴Prioridad Alta🔴;🔴Prioridad Alta🔴;🔴Prioridad Alta🔴;🟡Prioridad Media🟡;🟡Prioridad Media🟡;🔴Prioridad Alta🔴;🟡Prioridad Media🟡;🔴Prioridad Alta🔴;🟡Prioridad Media🟡;;"Reciba solicitudes y pueda aceptarlas o denegarlas.;Pueda configurar qué tipo de solicitudes quiero recibir, para luego aceptarlas o denegarlas.;";"Entre $50.000 a $80.000 la hora.;";"Entre $200.000 a $250.000 el día.;";"En efectivo, antes de entregar el vehículo al cliente;Por transacción bancaria inmediata, una vez aprobado el servicio por mí y el cliente;Un respaldo con un pagaré automatizado por transferencia bancaria al finalizar el servicio por medio de Flex Drive";🟡Prioridad Media🟡;🔴Prioridad Alta🔴;🔴Prioridad Alta🔴;🔴Prioridad Alta🔴;🟡Prioridad Media🟡;;"Preferiría pagar una suscripción mensual.;";1;dias;🔴Prioridad Alta🔴;🔴Prioridad Alta🔴;🔴Prioridad Alta🔴;🔴Prioridad Alta🔴;🔴Prioridad Alta🔴;🟡Prioridad Media🟡;🔴Prioridad Alta🔴;🟡Prioridad Media🟡;🟡Prioridad Media🟡;🟡Prioridad Media🟡;;"Entre $50.000 a $80.000 la hora.;";"Entre $200.000 a $250.000 el día.;";🔴Prioridad Alta🔴;🟡Prioridad Media🟡;🔴Prioridad Alta🔴;🟡Prioridad Media🟡;🔴Prioridad Alta🔴;🔴Prioridad Alta🔴;🔴Prioridad Alta🔴;🔴Prioridad Alta🔴;;1;MuyProbable;Por chat con asesor mediante Whatsapp;45;[44, 46)
2025-05-06;Acepto.;56-65;Colombia;Tunja (Boyacá);Masculino.;3;"Freelancer;Empleado";Especialización / Diplomado;Rara vez.;"Taxis;Buses intermunicipales;Buses municipales;SITP";"Por trabajo;Por compromisos personales o familiares";2;1;Solo entre semana laboral.;Único;Ocasionalmente;Auto;;;No;;;No;;;;No;;;;;0;;;;;;;;;;;;;;;;;;;;;;;;;;0;;;;;;;;;;;;;;;;;;;;;;;;1;Probable;"Un chat en la plataforma;Por correo electrónico;Por chat con asesor mediante Whatsapp";10;[10, 12)
2025-05-06;Acepto.;46-55;Colombia;Yopal (Casanare);Masculino.;4;Empresario;Pregrado;Rara vez.;Taxis;Por compromisos personales o familiares;2;1;Diariamente.;Único;Ocasionalmente;Auto;;;No;"Mayor flexibilidad en horarios;Mejor negociación en condiciones de arriendo;Posibilidad de generar ingresos como propietario del vehículo;Aprovechamiento de vehículos particulares inactivos;Diversidad de vehículos para rentar / arrendar";"Posibles daños o mal uso del vehículo rentado;Desconfianza frente a clientes / personas desconocidas;Falta de regulación por parte de entidades oficiales;Posible uso de vehículos para fines no autorizados;Falta de control en la entrega o devolución del vehículo";No;;;;Sí;Tanto en Colombia como en el exterior;Localiza;"Facilidad en el acceso al servicio.;Rapidez en los tiempos de respuesta.;";Costos elevados en comparación con lo esperado;0;;;;;;;;;;;;;;;;;;;;;;;;;;1;"dias;semanas";🔴Prioridad Alta🔴;🔴Prioridad Alta🔴;🔴Prioridad Alta🔴;🔴Prioridad Alta🔴;🔴Prioridad Alta🔴;🔴Prioridad Alta🔴;🔴Prioridad Alta🔴;🔴Prioridad Alta🔴;🔴Prioridad Alta🔴;🔴Prioridad Alta🔴;;"Entre $15.000 a $30.000 la hora.;";"Entre $100.000 a $150.000 el día.;";🔴Prioridad Alta🔴;🔴Prioridad Alta🔴;🔴Prioridad Alta🔴;🔴Prioridad Alta🔴;🔴Prioridad Alta🔴;🔴Prioridad Alta🔴;🔴Prioridad Alta🔴;🔴Prioridad Alta🔴;;1;Probable;Por llamada telefónica;12;[12, 14)
2025-05-06;Acepto.;26-35;Colombia;Duitama (Boyacá);Femenino.;3;Freelancer;Especialización / Diplomado;Diariamente.;"Taxis;SITP";"Por trabajo;Por compromisos personales o familiares";2;1;Diariamente.;Único;Sí;Auto;;;No;;"Posibles daños o mal uso del vehículo rentado;Desconfianza frente a clientes / personas desconocidas;Falta de regulación por parte de entidades oficiales";No;;;;No;;;;;0;;;;;;;;;;;;;;;;;;;;;;;;;;0;;;;;;;;;;;;;;;;;;;;;;;;1;Probable;"Por llamada telefónica;Por chat con asesor mediante Whatsapp;Un chat en la plataforma";5;[4, 6)
2025-05-06;Acepto.;26-35;Colombia;Medellín (Antioquia);Femenino.;4;Freelancer;Pregrado;Únicamente entre semana.;"Buses municipales;Buses intermunicipales;Taxis;SITP";"Por compromisos personales o familiares;Por trabajo";2;0;;;;;;;No;"Posibilidad de generar ingresos como propietario del vehículo;Promueve la economía colaborativa;Aprovechamiento de vehículos particulares inactivos";"Posibles daños o mal uso del vehículo rentado;Desconfianza frente a clientes / personas desconocidas;Falta de regulación por parte de entidades oficiales;Posible uso de vehículos para fines no autorizados;Falta de control en la entrega o devolución del vehículo";No;;;;Sí;Colombia;;"Facilidad en el acceso al servicio.;Rapidez en los tiempos de respuesta.;Transparencia en la información brindada.;Acompañamiento y buen trato durante el proceso.;Seguridad durante los procesos del servicio.;Eficacia en la solución de problemas y dudas.;Flexibilidad para adaptarse a mis necesidades.;Tecnología fácil de utilizar (a través de plataformas digitales, aplicaciones o códigos personales / QRs).).;";"Información confusa sobre los contratos;Costos elevados en comparación con lo esperado;Falta de información en el servicio o vehículo a recibir";1;"semana;horas;dias";🔴Prioridad Alta🔴;🔴Prioridad Alta🔴;🔴Prioridad Alta🔴;🔴Prioridad Alta🔴;🟡Prioridad Media🟡;🟡Prioridad Media🟡;🔴Prioridad Alta🔴;🔴Prioridad Alta🔴;🔴Prioridad Alta🔴;🟡Prioridad Media🟡;🔴Prioridad Alta🔴;🔴Prioridad Alta🔴;;"Reciba solicitudes y pueda aceptarlas o denegarlas.;Pueda confiar en la plataforma para que me consulten, o ellos mismos acepten y denieguen un servicio que me solicitan.;";"Entre $15.000 a $30.000 la hora.;";"Entre $150.000 a $200.000 el día.;";Por transacción bancaria inmediata, al finalizar el servicio;🟡Prioridad Media🟡;🔴Prioridad Alta🔴;🟡Prioridad Media🟡;🔴Prioridad Alta🔴;🟡Prioridad Media🟡;;"Aceptaría pagar una comisión del 4% al 9% por servicio.;";1;"horas;dias";🟢Prioridad Baja🟢;🟡Prioridad Media🟡;🔴Prioridad Alta🔴;🔴Prioridad Alta🔴;🔴Prioridad Alta🔴;🔴Prioridad Alta🔴;🔴Prioridad Alta🔴;🔴Prioridad Alta🔴;🟡Prioridad Media🟡;🟡Prioridad Media🟡;;"Entre $30.000 a $50.000 la hora.;";"Entre $100.000 a $150.000 el día.;Entre $150.000 a $200.000 el día.;";🟡Prioridad Media🟡;🟡Prioridad Media🟡;🔴Prioridad Alta🔴;🔴Prioridad Alta🔴;🔴Prioridad Alta🔴;🔴Prioridad Alta🔴;🔴Prioridad Alta🔴;🔴Prioridad Alta🔴;"Revisar 49H;Otro: El vehículo viene tanqueado";1;MuyProbable;"Un chat en la plataforma;Por llamada telefónica;Por chat con asesor mediante Whatsapp";15;[14, 16)
2025-05-07;Acepto.;46-55;Colombia;Yopal (Casanare);Femenino.;3;Empleado;Especialización / Diplomado;Rara vez.;Taxis;Por trabajo;2;1;Diariamente.;Único;Ocasionalmente;Auto;;;No;"Posibilidad de generar ingresos como propietario del vehículo;Diversidad de vehículos para rentar / arrendar;Promueve la economía colaborativa;Aprovechamiento de vehículos particulares inactivos";;Sí;"A través de una empresa o entidad presencial.;";"Buen margen de ganancias.;Control sobre las decisiones tomadas sobre el vehículo.;";;No;;;;;1;dispersonal;🔴Prioridad Alta🔴;🔴Prioridad Alta🔴;🔴Prioridad Alta🔴;🔴Prioridad Alta🔴;🟡Prioridad Media🟡;🟡Prioridad Media🟡;🟡Prioridad Media🟡;🟡Prioridad Media🟡;🔴Prioridad Alta🔴;🔴Prioridad Alta🔴;🔴Prioridad Alta🔴;🟡Prioridad Media🟡;;"Reciba solicitudes y pueda aceptarlas o denegarlas.;";"Entre $15.000 a $30.000 la hora.;";"Entre $150.000 a $200.000 el día.;";Por transacción bancaria inmediata, una vez aprobado el servicio por mí y el cliente;🟡Prioridad Media🟡;🟡Prioridad Media🟡;🔴Prioridad Alta🔴;🟡Prioridad Media🟡;🟡Prioridad Media🟡;;"Preferiría pagar una suscripción mensual.;";1;dias;🔴Prioridad Alta🔴;🔴Prioridad Alta🔴;🔴Prioridad Alta🔴;🔴Prioridad Alta🔴;🟡Prioridad Media🟡;🔴Prioridad Alta🔴;🔴Prioridad Alta🔴;🔴Prioridad Alta🔴;🟡Prioridad Media🟡;🟡Prioridad Media🟡;;"Entre $15.000 a $30.000 la hora.;";"Entre $150.000 a $200.000 el día.;";🔴Prioridad Alta🔴;🔴Prioridad Alta🔴;🔴Prioridad Alta🔴;🔴Prioridad Alta🔴;🟡Prioridad Media🟡;🔴Prioridad Alta🔴;🔴Prioridad Alta🔴;🔴Prioridad Alta🔴;;1;MuyProbable;Un chat en la plataforma;13;[12, 14)
2025-05-07;Acepto.;56-65;Colombia;Bogotá D.C.;Femenino.;4;Empleado;Maestría;Diariamente.;"Taxis;SITP";"Por trabajo;Por compromisos personales o familiares";1;0;;;;;;;Sí;Posibilidad de generar ingresos como propietario del vehículo;Falta de regulación por parte de entidades oficiales;No;;;;No;;;;;1;horas;🔴Prioridad Alta🔴;🔴Prioridad Alta🔴;🔴Prioridad Alta🔴;🔴Prioridad Alta🔴;🟡Prioridad Media🟡;🔴Prioridad Alta🔴;🔴Prioridad Alta🔴;🟡Prioridad Media🟡;🟡Prioridad Media🟡;🔴Prioridad Alta🔴;🔴Prioridad Alta🔴;🔴Prioridad Alta🔴;;"Reciba solicitudes y pueda aceptarlas o denegarlas.;";"Entre $15.000 a $30.000 la hora.;";"Entre $100.000 a $150.000 el día.;";Por transacción bancaria inmediata, una vez aprobado el servicio por mí y el cliente;🟡Prioridad Media🟡;🔴Prioridad Alta🔴;🔴Prioridad Alta🔴;🔴Prioridad Alta🔴;🔴Prioridad Alta🔴;;"Preferiría pagar una suscripción mensual.;";1;horas;🔴Prioridad Alta🔴;🟡Prioridad Media🟡;🔴Prioridad Alta🔴;🟡Prioridad Media🟡;🟡Prioridad Media🟡;🔴Prioridad Alta🔴;🔴Prioridad Alta🔴;🔴Prioridad Alta🔴;🟡Prioridad Media🟡;🔴Prioridad Alta🔴;;"Entre $15.000 a $30.000 la hora.;";"Entre $100.000 a $150.000 el día.;";🟡Prioridad Media🟡;🟡Prioridad Media🟡;🔴Prioridad Alta🔴;🟡Prioridad Media🟡;🔴Prioridad Alta🔴;🔴Prioridad Alta🔴;🔴Prioridad Alta🔴;🔴Prioridad Alta🔴;;1;Probable;"Un chat en la plataforma;Por llamada telefónica;Por chat con asesor mediante Whatsapp";12;[12, 14)
2025-05-08;Acepto.;18-25;Colombia;Tunja (Boyacá);Masculino.;3;Universitario;Pregrado;Diariamente.;"Taxis;Otro: Plataformas digitales de transporte (servicios privados)";Por estudio;1;0;;;;;;;No;Mayor flexibilidad en horarios;Posibles daños o mal uso del vehículo rentado;No;;;;No;;;;;0;;;;;;;;;;;;;;;;;;;;;;;;;;0;;;;;;;;;;;;;;;;;;;;;;;;0;Neutral;Un chat en la plataforma;4;[4, 6)
2025-05-08;Acepto.;18-25;Colombia;Tunja (Boyacá);Femenino.;3;Universitario;Pregrado;Diariamente.;Buses intermunicipales;Por estudio;0;0;;;;;;;No;Mejor negociación en condiciones de arriendo;Posibles daños o mal uso del vehículo rentado;No;;;;No;;;;;1;dias;🔴Prioridad Alta🔴;🟡Prioridad Media🟡;🔴Prioridad Alta🔴;🔴Prioridad Alta🔴;🟡Prioridad Media🟡;🟡Prioridad Media🟡;🟡Prioridad Media🟡;🟡Prioridad Media🟡;🟡Prioridad Media🟡;🟡Prioridad Media🟡;🔴Prioridad Alta🔴;🟡Prioridad Media🟡;;"Pueda confiar en la plataforma para que me consulten, o ellos mismos acepten y denieguen un servicio que me solicitan.;";"Entre $30.000 a $50.000 la hora.;";"Entre $150.000 a $200.000 el día.;";En efectivo, antes de entregar el vehículo al cliente;🔴Prioridad Alta🔴;🔴Prioridad Alta🔴;🟡Prioridad Media🟡;🟡Prioridad Media🟡;🟡Prioridad Media🟡;;"Preferiría pagar una suscripción mensual.;";1;dias;🔴Prioridad Alta🔴;🟡Prioridad Media🟡;🔴Prioridad Alta🔴;🟡Prioridad Media🟡;🟡Prioridad Media🟡;🔴Prioridad Alta🔴;🔴Prioridad Alta🔴;🔴Prioridad Alta🔴;🟡Prioridad Media🟡;🟡Prioridad Media🟡;;"Entre $30.000 a $50.000 la hora.;";"Entre $150.000 a $200.000 el día.;";🟡Prioridad Media🟡;🟡Prioridad Media🟡;🟡Prioridad Media🟡;🔴Prioridad Alta🔴;🔴Prioridad Alta🔴;🟡Prioridad Media🟡;🟡Prioridad Media🟡;🟡Prioridad Media🟡;;1;Probable;Por chat con asesor mediante Whatsapp;18;[18, 20)
2025-05-08;Acepto.;18-25;Colombia;Tunja (Boyacá);Masculino.;4;"Universitario;Freelancer";Pregrado;Rara vez.;Taxis;Otro: Por pico y placa o relacionados;2;1;Diariamente.;Varios;;;no;"Moto;Auto";No;"Mayor flexibilidad en horarios;Posibilidad de generar ingresos como propietario del vehículo;Diversidad de vehículos para rentar / arrendar;Promueve la economía colaborativa";"Posibles daños o mal uso del vehículo rentado;Desconfianza frente a clientes / personas desconocidas;Falta de control en la entrega o devolución del vehículo";No;;;;No;;;;;1;findesemana;🔴Prioridad Alta🔴;🔴Prioridad Alta🔴;🔴Prioridad Alta🔴;🔴Prioridad Alta🔴;🟢Prioridad Baja🟢;🟢Prioridad Baja🟢;🟡Prioridad Media🟡;🟢Prioridad Baja🟢;🟢Prioridad Baja🟢;🔴Prioridad Alta🔴;🔴Prioridad Alta🔴;🔴Prioridad Alta🔴;;"Pueda configurar qué tipo de solicitudes quiero recibir, para luego aceptarlas o denegarlas.;";"Entre $15.000 a $30.000 la hora.;Entre $30.000 a $50.000 la hora.;";"Entre $100.000 a $150.000 el día.;";"En efectivo, antes de entregar el vehículo al cliente;Por transacción bancaria inmediata, una vez aprobado el servicio por mí y el cliente";🟢Prioridad Baja🟢;🔴Prioridad Alta🔴;🔴Prioridad Alta🔴;🟢Prioridad Baja🟢;🔴Prioridad Alta🔴;;"Aceptaría pagar una comisión del 4% al 9% por servicio.;";0;;;;;;;;;;;;;;;;;;;;;;;;1;Probable;"Un chat en la plataforma;Por llamada telefónica;Por chat con asesor mediante Whatsapp";6;[6, 8)
2025-05-08;Acepto.;18-25;Colombia;Tunja (Boyacá);Femenino.;3;Universitario;Pregrado;Diariamente.;"Buses municipales;Buses intermunicipales";Por estudio;1;0;;;;;;;No;"Posibilidad de generar ingresos como propietario del vehículo;Mayor flexibilidad en horarios";"Posibles daños o mal uso del vehículo rentado;Desconfianza frente a clientes / personas desconocidas;Posible uso de vehículos para fines no autorizados";No;;;;No;;;;;0;;;;;;;;;;;;;;;;;;;;;;;;;;0;;;;;;;;;;;;;;;;;;;;;;;;1;Neutral;"Por chat con asesor mediante Whatsapp;Un chat en la plataforma;Con un chatbot (Sea por plataforma, Whatsapp, u otro medio.)";22;[22, 24)
2025-05-08;Acepto.;46-55;Colombia;Bogotá D.C.;Masculino.;3;Empleado;Maestría;Diariamente.;SITP;Por trabajo;0;0;;;;;;;No;;;No;;;;No;;;;;0;;;;;;;;;;;;;;;;;;;;;;;;;;0;;;;;;;;;;;;;;;;;;;;;;;;1;Neutral;Por chat con asesor mediante Whatsapp;2;[2, 4)
2025-05-08;Acepto.;56-65;Colombia;Bogotá D.C.;Masculino.;3;Empleado;Maestría;Diariamente.;"Taxis;SITP";Por trabajo;2;1;Solo durante fines de semana.;Único;Ocasionalmente;Auto;;;Sí;Posibilidad de generar ingresos como propietario del vehículo;Posibles daños o mal uso del vehículo rentado;No;;;;Sí;En el exterior;;"Facilidad en el acceso al servicio.;";Costos elevados en comparación con lo esperado;1;semana;🔴Prioridad Alta🔴;🔴Prioridad Alta🔴;🔴Prioridad Alta🔴;🔴Prioridad Alta🔴;🔴Prioridad Alta🔴;🔴Prioridad Alta🔴;🔴Prioridad Alta🔴;🔴Prioridad Alta🔴;🔴Prioridad Alta🔴;🔴Prioridad Alta🔴;🔴Prioridad Alta🔴;🔴Prioridad Alta🔴;;"Pueda confiar en la plataforma para que me consulten, o ellos mismos acepten y denieguen un servicio que me solicitan.;";"Entre $15.000 a $30.000 la hora.;";"Entre $100.000 a $150.000 el día.;";Por transacción bancaria inmediata, una vez aprobado el servicio por mí y el cliente;🔴Prioridad Alta🔴;🔴Prioridad Alta🔴;🔴Prioridad Alta🔴;🔴Prioridad Alta🔴;🔴Prioridad Alta🔴;;"Preferiría pagar una suscripción mensual.;";1;semanas;🔴Prioridad Alta🔴;🔴Prioridad Alta🔴;🔴Prioridad Alta🔴;🔴Prioridad Alta🔴;🔴Prioridad Alta🔴;🔴Prioridad Alta🔴;🔴Prioridad Alta🔴;🔴Prioridad Alta🔴;🔴Prioridad Alta🔴;🔴Prioridad Alta🔴;;"Entre $15.000 a $30.000 la hora.;";"Entre $100.000 a $150.000 el día.;";🔴Prioridad Alta🔴;🔴Prioridad Alta🔴;🔴Prioridad Alta🔴;🔴Prioridad Alta🔴;🔴Prioridad Alta🔴;🔴Prioridad Alta🔴;🔴Prioridad Alta🔴;🔴Prioridad Alta🔴;;1;Probable;"Un chat en la plataforma;Por chat con asesor mediante Whatsapp;Por correo electrónico";8;[8, 10)
2025-05-08;Acepto.;56-65;Colombia;Paipa (Boyacá);Femenino.;4;Pensionado;Técnico / Tecnológico;Rara vez.;"Taxis;Buses intermunicipales";Por compromisos personales o familiares;0;0;;;;;;;Sí;;;No;;;;No;;;;;0;;;;;;;;;;;;;;;;;;;;;;;;;;0;;;;;;;;;;;;;;;;;;;;;;;;1;MuyImprobable;Por llamada telefónica;7;[6, 8)
2025-05-09;Acepto.;18-25;Colombia;Tunja (Boyacá);Masculino.;4;"Estudiante de secundaria;Universitario";Pregrado;Rara vez.;"Taxis;SITP";"Por estudio;Por turismo";2;0;;;;;;;Sí;"Posibilidad de generar ingresos como propietario del vehículo;Diversidad de vehículos para rentar / arrendar";"Desconfianza frente a clientes / personas desconocidas;Falta de control en la entrega o devolución del vehículo";No;;;;No;;;;;0;;;;;;;;;;;;;;;;;;;;;;;;;;0;;;;;;;;;;;;;;;;;;;;;;;;1;Neutral;Por chat con asesor mediante Whatsapp;1;[0, 2)
2025-05-09;Acepto.;18-25;Colombia;Tunja (Boyacá);Masculino.;3;Universitario;Pregrado;Rara vez.;"SITP;Taxis";"Por estudio;Por turismo;Por compromisos personales o familiares";1;0;;;;;;;Sí;"Aprovechamiento de vehículos particulares inactivos;Promueve la economía colaborativa;Experiencia de negocio más personalizada";Posibles daños o mal uso del vehículo rentado;No;;;;No;;;;;0;;;;;;;;;;;;;;;;;;;;;;;;;;1;"horas;dias;semanas;meses";🔴Prioridad Alta🔴;🔴Prioridad Alta🔴;🔴Prioridad Alta🔴;🔴Prioridad Alta🔴;🔴Prioridad Alta🔴;🔴Prioridad Alta🔴;🔴Prioridad Alta🔴;🔴Prioridad Alta🔴;🔴Prioridad Alta🔴;🔴Prioridad Alta🔴;;"Entre $15.000 a $30.000 la hora.;";"Entre $150.000 a $200.000 el día.;";🔴Prioridad Alta🔴;🔴Prioridad Alta🔴;🔴Prioridad Alta🔴;🔴Prioridad Alta🔴;🔴Prioridad Alta🔴;🔴Prioridad Alta🔴;🔴Prioridad Alta🔴;🔴Prioridad Alta🔴;;1;Neutral;"Por llamada telefónica;Por correo electrónico;Un chat en la plataforma;Por chat con asesor mediante Whatsapp;Con un chatbot (Sea por plataforma, Whatsapp, u otro medio.)";3;[2, 4)
2025-05-09;Acepto.;18-25;Colombia;Tunja (Boyacá);Masculino.;3;Universitario;Pregrado;Únicamente entre semana.;"Buses municipales;Buses intermunicipales;SITP";"Por estudio;Por compromisos personales o familiares";2;0;;;;;;;No;"Mayor flexibilidad en horarios;Mejor negociación en condiciones de arriendo;Posibilidad de generar ingresos como propietario del vehículo";"Posibles daños o mal uso del vehículo rentado;Falta de regulación por parte de entidades oficiales;Desconfianza frente a clientes / personas desconocidas";No;;;;No;;;;;0;;;;;;;;;;;;;;;;;;;;;;;;;;0;;;;;;;;;;;;;;;;;;;;;;;;1;MuyProbable;"Un chat en la plataforma;Por correo electrónico";2;[2, 4)
2025-05-12;Acepto.;18-25;Colombia;;Femenino.;3;Universitario;Pregrado;Diariamente.;"Buses municipales;Taxis";"Por estudio;Por compromisos personales o familiares";1;0;;;;;;;Sí;;"Desconfianza frente a clientes / personas desconocidas;Posibles daños o mal uso del vehículo rentado;Posible uso de vehículos para fines no autorizados";No;;;;No;;;;;0;;;;;;;;;;;;;;;;;;;;;;;;;;0;;;;;;;;;;;;;;;;;;;;;;;;1;Neutral;"Por chat con asesor mediante Whatsapp;Un chat en la plataforma;Por llamada telefónica";3;[2, 4)
2025-05-12;Acepto.;18-25;Colombia;Tunja (Boyacá);Masculino.;3;Universitario;Pregrado;Diariamente.;Buses municipales;Por estudio;2;1;Diariamente.;Único;No;Auto;;;Sí;"Posibilidad de generar ingresos como propietario del vehículo;Diversidad de vehículos para rentar / arrendar;Aprovechamiento de vehículos particulares inactivos";"Falta de regulación por parte de entidades oficiales;Posibles daños o mal uso del vehículo rentado";No;;;;No;;;;;0;;;;;;;;;;;;;;;;;;;;;;;;;;0;;;;;;;;;;;;;;;;;;;;;;;;1;Neutral;Un chat en la plataforma;3;[2, 4)
2025-05-12;Acepto.;18-25;Colombia;Tunja (Boyacá);Masculino.;2;Universitario;Pregrado;Rara vez.;Buses municipales;Por estudio;2;0;;;;;;;Sí;Experiencia de negocio más personalizada;"Posibles daños o mal uso del vehículo rentado;Posible uso de vehículos para fines no autorizados";No;;;;No;;;;;0;;;;;;;;;;;;;;;;;;;;;;;;;;0;;;;;;;;;;;;;;;;;;;;;;;;0;Neutral;"Un chat en la plataforma;Por llamada telefónica";6;[6, 8)
2025-05-12;Acepto.;18-25;Colombia;Tunja (Boyacá);Femenino.;2;Universitario;Pregrado;Rara vez.;"Buses municipales;Buses intermunicipales";Por estudio;0;0;;;;;;;No;Mayor flexibilidad en horarios;Falta de control en la entrega o devolución del vehículo;No;;;;No;;;;;0;;;;;;;;;;;;;;;;;;;;;;;;;;0;;;;;;;;;;;;;;;;;;;;;;;;1;MuyImprobable;Con un chatbot (Sea por plataforma, Whatsapp, u otro medio.);3;[2, 4)
2025-05-12;Acepto.;26-35;Colombia;Tunja (Boyacá);Masculino.;3;Universitario;Pregrado;Diariamente.;"Buses municipales;SITP";"Por estudio;Por compromisos personales o familiares";2;0;;;;;;;Sí;"Posibilidad de generar ingresos como propietario del vehículo;Promueve la economía colaborativa";"Posibles daños o mal uso del vehículo rentado;Desconfianza frente a clientes / personas desconocidas;Falta de regulación por parte de entidades oficiales;Posible uso de vehículos para fines no autorizados;Falta de control en la entrega o devolución del vehículo";No;;;;No;;;;;1;dispersonal;🔴Prioridad Alta🔴;🔴Prioridad Alta🔴;🔴Prioridad Alta🔴;🔴Prioridad Alta🔴;🔴Prioridad Alta🔴;🔴Prioridad Alta🔴;🔴Prioridad Alta🔴;🔴Prioridad Alta🔴;🟡Prioridad Media🟡;🔴Prioridad Alta🔴;🔴Prioridad Alta🔴;🔴Prioridad Alta🔴;;"Reciba solicitudes y pueda aceptarlas o denegarlas.;Pueda configurar qué tipo de solicitudes quiero recibir, para luego aceptarlas o denegarlas.;Pueda confiar en la plataforma para que me consulten, o ellos mismos acepten y denieguen un servicio que me solicitan.;";"Entre $50.000 a $80.000 la hora.;";"Entre $100.000 a $150.000 el día.;";"Por transacción bancaria inmediata, una vez aprobado el servicio por mí y el cliente;En efectivo, antes de entregar el vehículo al cliente";🟡Prioridad Media🟡;🔴Prioridad Alta🔴;🟡Prioridad Media🟡;🔴Prioridad Alta🔴;🟡Prioridad Media🟡;;"Aceptaría pagar una comisión del 4% al 9% por servicio.;";1;"horas;dias;semanas;exclusividad_propietario";🔴Prioridad Alta🔴;🔴Prioridad Alta🔴;🔴Prioridad Alta🔴;🔴Prioridad Alta🔴;🔴Prioridad Alta🔴;🔴Prioridad Alta🔴;🔴Prioridad Alta🔴;🔴Prioridad Alta🔴;🔴Prioridad Alta🔴;🔴Prioridad Alta🔴;;"Entre $30.000 a $50.000 la hora.;";"Entre $100.000 a $150.000 el día.;";🟡Prioridad Media🟡;🔴Prioridad Alta🔴;🔴Prioridad Alta🔴;🔴Prioridad Alta🔴;🔴Prioridad Alta🔴;🔴Prioridad Alta🔴;🔴Prioridad Alta🔴;🔴Prioridad Alta🔴;;1;Probable;"Un chat en la plataforma;Por chat con asesor mediante Whatsapp;Con un chatbot (Sea por plataforma, Whatsapp, u otro medio.)";8;[8, 10)
2025-05-12;Acepto.;18-25;Colombia;Duitama (Boyacá);Femenino.;3;Universitario;Pregrado;Únicamente los fines de semana.;"Buses municipales;Buses intermunicipales";Por estudio;0;0;;;;;;;No;"Diversidad de vehículos para rentar / arrendar;Mayor flexibilidad en horarios";"Posibles daños o mal uso del vehículo rentado;Falta de regulación por parte de entidades oficiales";No;;;;No;;;;;0;;;;;;;;;;;;;;;;;;;;;;;;;;0;;;;;;;;;;;;;;;;;;;;;;;;1;Probable;Por chat con asesor mediante Whatsapp;1;[0, 2)
2025-05-12;Acepto.;18-25;Colombia;Tunja (Boyacá);Masculino.;3;Universitario;Técnico / Tecnológico;Rara vez.;Buses municipales;Por estudio;2;0;;;;;;;No;;;No;;;;No;;;;;0;;;;;;;;;;;;;;;;;;;;;;;;;;1;horas;🔴Prioridad Alta🔴;🔴Prioridad Alta🔴;🔴Prioridad Alta🔴;🔴Prioridad Alta🔴;🔴Prioridad Alta🔴;🔴Prioridad Alta🔴;🔴Prioridad Alta🔴;🔴Prioridad Alta🔴;🟡Prioridad Media🟡;🟡Prioridad Media🟡;;"Entre $15.000 a $30.000 la hora.;";"Entre $100.000 a $150.000 el día.;";🟡Prioridad Media🟡;🔴Prioridad Alta🔴;🟡Prioridad Media🟡;🔴Prioridad Alta🔴;🔴Prioridad Alta🔴;🟡Prioridad Media🟡;🔴Prioridad Alta🔴;🔴Prioridad Alta🔴;;1;Improbable;"Por chat con asesor mediante Whatsapp;Un chat en la plataforma";6;[6, 8)
2025-05-12;Acepto.;18-25;Colombia;Tunja (Boyacá);Masculino.;2;Universitario;Pregrado;Diariamente.;"Taxis;Buses municipales";Por estudio;1;0;;;;;;;No;"Mayor flexibilidad en horarios;Aprovechamiento de vehículos particulares inactivos";Desconfianza frente a clientes / personas desconocidas;No;;;;No;;;;;1;dias;🔴Prioridad Alta🔴;🔴Prioridad Alta🔴;🔴Prioridad Alta🔴;🔴Prioridad Alta🔴;🟡Prioridad Media🟡;🟡Prioridad Media🟡;🟡Prioridad Media🟡;🟢Prioridad Baja🟢;🟢Prioridad Baja🟢;🔴Prioridad Alta🔴;🔴Prioridad Alta🔴;🟡Prioridad Media🟡;;"Pueda configurar qué tipo de solicitudes quiero recibir, para luego aceptarlas o denegarlas.;";"Desde $80.000 en adelante.;";"Entre $150.000 a $200.000 el día.;";En efectivo, antes de entregar el vehículo al cliente;🟡Prioridad Media🟡;🟡Prioridad Media🟡;🟡Prioridad Media🟡;🟡Prioridad Media🟡;🟡Prioridad Media🟡;;"Aceptaría pagar una comisión del 4% al 9% por servicio.;";0;;;;;;;;;;;;;;;;;;;;;;;;1;Probable;Por llamada telefónica;5;[4, 6)
2025-05-12;Acepto.;18-25;Colombia;Tunja (Boyacá);Masculino.;3;Universitario;Técnico / Tecnológico;Rara vez.;Buses municipales;Por estudio;2;0;;;;;;;No;;;No;;;;No;;;;;0;;;;;;;;;;;;;;;;;;;;;;;;;;1;horas;🔴Prioridad Alta🔴;🔴Prioridad Alta🔴;🔴Prioridad Alta🔴;🔴Prioridad Alta🔴;🔴Prioridad Alta🔴;🔴Prioridad Alta🔴;🔴Prioridad Alta🔴;🔴Prioridad Alta🔴;🟡Prioridad Media🟡;🟡Prioridad Media🟡;;"Entre $15.000 a $30.000 la hora.;";"Entre $100.000 a $150.000 el día.;";🟡Prioridad Media🟡;🔴Prioridad Alta🔴;🟡Prioridad Media🟡;🔴Prioridad Alta🔴;🔴Prioridad Alta🔴;🟡Prioridad Media🟡;🔴Prioridad Alta🔴;🔴Prioridad Alta🔴;;1;Improbable;"Por chat con asesor mediante Whatsapp;Un chat en la plataforma";6;[6, 8)
2025-05-12;Acepto.;18-25;Colombia;Tunja (Boyacá);Masculino.;3;Universitario;Técnico / Tecnológico;Rara vez.;Buses municipales;Por estudio;2;0;;;;;;;No;;;No;;;;No;;;;;0;;;;;;;;;;;;;;;;;;;;;;;;;;1;horas;🔴Prioridad Alta🔴;🔴Prioridad Alta🔴;🔴Prioridad Alta🔴;🔴Prioridad Alta🔴;🔴Prioridad Alta🔴;🔴Prioridad Alta🔴;🔴Prioridad Alta🔴;🔴Prioridad Alta🔴;🟡Prioridad Media🟡;🟡Prioridad Media🟡;;"Entre $15.000 a $30.000 la hora.;";"Entre $100.000 a $150.000 el día.;";🟡Prioridad Media🟡;🔴Prioridad Alta🔴;🟡Prioridad Media🟡;🔴Prioridad Alta🔴;🔴Prioridad Alta🔴;🟡Prioridad Media🟡;🔴Prioridad Alta🔴;🔴Prioridad Alta🔴;;1;Improbable;"Por chat con asesor mediante Whatsapp;Un chat en la plataforma";6;[6, 8)
2025-05-12;Acepto.;18-25;Colombia;Tunja (Boyacá);Masculino.;3;"Freelancer;Universitario";Pregrado;Diariamente.;Buses municipales;Por estudio;1;0;;;;;;;No;Diversidad de vehículos para rentar / arrendar;Desconfianza frente a clientes / personas desconocidas;No;;;;No;;;;;1;dias;🟢Prioridad Baja🟢;🔴Prioridad Alta🔴;🔴Prioridad Alta🔴;🟡Prioridad Media🟡;🟡Prioridad Media🟡;🟡Prioridad Media🟡;🟡Prioridad Media🟡;🟡Prioridad Media🟡;🟡Prioridad Media🟡;🔴Prioridad Alta🔴;🟡Prioridad Media🟡;🟡Prioridad Media🟡;;"Pueda configurar qué tipo de solicitudes quiero recibir, para luego aceptarlas o denegarlas.;";"No me encuentro interesado en rentar por horas.;";"Entre $100.000 a $150.000 el día.;";En efectivo, cuando el cliente devuelve el vehículo;🟡Prioridad Media🟡;🔴Prioridad Alta🔴;🟡Prioridad Media🟡;🔴Prioridad Alta🔴;🔴Prioridad Alta🔴;;"No estaría interesado en pagar comisión alguna.;";0;;;;;;;;;;;;;;;;;;;;;;;;0;Probable;Por correo electrónico;3;[2, 4)
2025-05-12;Acepto.;18-25;Colombia;Tunja (Boyacá);Femenino.;4;Universitario;Pregrado;Diariamente.;"Buses municipales;Buses intermunicipales;Taxis";"Por estudio;Por compromisos personales o familiares";1;0;;;;;;;Sí;"Aprovechamiento de vehículos particulares inactivos;Promueve la economía colaborativa";"Posibles daños o mal uso del vehículo rentado;Posible uso de vehículos para fines no autorizados";No;;;;No;;;;;0;;;;;;;;;;;;;;;;;;;;;;;;;;0;;;;;;;;;;;;;;;;;;;;;;;;1;Probable;Un chat en la plataforma;6;[6, 8)
2025-05-12;Acepto.;18-25;Colombia;Tunja (Boyacá);Masculino.;3;Universitario;Técnico / Tecnológico;Rara vez.;Taxis;Por estudio;2;0;;;;;;;Sí;"Mejor negociación en condiciones de arriendo;Mayor flexibilidad en horarios";Desconfianza frente a clientes / personas desconocidas;Sí;"A través de una empresa o entidad presencial.;";"Buena gestión por parte de la entidad sobre el vehículo.;";"Decisiones arbitrarias por parte de la entidad sobre el vehículo propio.;";No;;;;;0;;;;;;;;;;;;;;;;;;;;;;;;;;0;;;;;;;;;;;;;;;;;;;;;;;;0;MuyImprobable;Por chat con asesor mediante Whatsapp;1;[0, 2)
2025-05-12;Acepto.;18-25;Colombia;Tunja (Boyacá);Masculino.;6;"Estudiante de secundaria;Universitario;Empleado";Secundaria básica;Diariamente.;Taxis;Por trabajo;2;0;;;;;;;Sí;Mayor flexibilidad en horarios;Posibles daños o mal uso del vehículo rentado;No;;;;No;;;;;1;"dias;horas";🟡Prioridad Media🟡;🔴Prioridad Alta🔴;🔴Prioridad Alta🔴;🔴Prioridad Alta🔴;🔴Prioridad Alta🔴;🔴Prioridad Alta🔴;🔴Prioridad Alta🔴;🔴Prioridad Alta🔴;🔴Prioridad Alta🔴;🔴Prioridad Alta🔴;🔴Prioridad Alta🔴;🔴Prioridad Alta🔴;;"Reciba solicitudes y pueda aceptarlas o denegarlas.;";"No me encuentro interesado en rentar por horas.;";"No me encuentro interesado en rentar por días.;";En efectivo, antes de entregar el vehículo al cliente;🔴Prioridad Alta🔴;🔴Prioridad Alta🔴;🔴Prioridad Alta🔴;🔴Prioridad Alta🔴;🔴Prioridad Alta🔴;;"Preferiría pagar una suscripción mensual.;";1;dias;🔴Prioridad Alta🔴;🔴Prioridad Alta🔴;🔴Prioridad Alta🔴;🔴Prioridad Alta🔴;🔴Prioridad Alta🔴;🔴Prioridad Alta🔴;🔴Prioridad Alta🔴;🔴Prioridad Alta🔴;🔴Prioridad Alta🔴;🔴Prioridad Alta🔴;;"Entre $15.000 a $30.000 la hora.;";"Entre $100.000 a $150.000 el día.;";🔴Prioridad Alta🔴;🔴Prioridad Alta🔴;🔴Prioridad Alta🔴;🔴Prioridad Alta🔴;🔴Prioridad Alta🔴;🔴Prioridad Alta🔴;🔴Prioridad Alta🔴;🔴Prioridad Alta🔴;;1;Probable;"Un chat en la plataforma;Por correo electrónico;Por llamada telefónica;Por chat con asesor mediante Whatsapp";6;[6, 8)
2025-05-12;Acepto.;18-25;Colombia;Tunja (Boyacá);Masculino.;3;Universitario;Pregrado;Rara vez.;;Por estudio;2;1;Diariamente.;Varios;;;sí_prop;Auto;Sí;Posibilidad de generar ingresos como propietario del vehículo;Posibles daños o mal uso del vehículo rentado;No;;;;No;;;;;1;dias;🔴Prioridad Alta🔴;🔴Prioridad Alta🔴;🔴Prioridad Alta🔴;🔴Prioridad Alta🔴;🟡Prioridad Media🟡;🔴Prioridad Alta🔴;🔴Prioridad Alta🔴;🔴Prioridad Alta🔴;🔴Prioridad Alta🔴;🔴Prioridad Alta🔴;🔴Prioridad Alta🔴;🔴Prioridad Alta🔴;;"Pueda configurar qué tipo de solicitudes quiero recibir, para luego aceptarlas o denegarlas.;";"Entre $50.000 a $80.000 la hora.;";"Entre $250.000 a $350.000 el día.;";Por transacción bancaria inmediata, una vez aprobado el servicio por mí y el cliente;🔴Prioridad Alta🔴;🔴Prioridad Alta🔴;🔴Prioridad Alta🔴;🔴Prioridad Alta🔴;🟡Prioridad Media🟡;;"Preferiría pagar una suscripción mensual.;";1;horas;🔴Prioridad Alta🔴;🔴Prioridad Alta🔴;🔴Prioridad Alta🔴;🔴Prioridad Alta🔴;🔴Prioridad Alta🔴;🔴Prioridad Alta🔴;🔴Prioridad Alta🔴;🔴Prioridad Alta🔴;🔴Prioridad Alta🔴;🔴Prioridad Alta🔴;;"Entre $15.000 a $30.000 la hora.;Entre $30.000 a $50.000 la hora.;";"Entre $100.000 a $150.000 el día.;Entre $150.000 a $200.000 el día.;";🔴Prioridad Alta🔴;🔴Prioridad Alta🔴;🔴Prioridad Alta🔴;🔴Prioridad Alta🔴;🔴Prioridad Alta🔴;🔴Prioridad Alta🔴;🔴Prioridad Alta🔴;🔴Prioridad Alta🔴;;1;MuyImprobable;Por chat con asesor mediante Whatsapp;6;[6, 8)
2025-05-12;Acepto.;18-25;Colombia;Tunja (Boyacá);Masculino.;2;Universitario;Técnico / Tecnológico;Diariamente.;Buses municipales;Por estudio;1;0;;;;;;;No;Posibilidad de generar ingresos como propietario del vehículo;Desconfianza frente a clientes / personas desconocidas;No;;;;No;;;;;1;dias;🔴Prioridad Alta🔴;🔴Prioridad Alta🔴;🔴Prioridad Alta🔴;🟡Prioridad Media🟡;🟡Prioridad Media🟡;🟡Prioridad Media🟡;🟡Prioridad Media🟡;🟡Prioridad Media🟡;🟡Prioridad Media🟡;🔴Prioridad Alta🔴;🔴Prioridad Alta🔴;🟡Prioridad Media🟡;;"Pueda configurar qué tipo de solicitudes quiero recibir, para luego aceptarlas o denegarlas.;";"Entre $15.000 a $30.000 la hora.;";"Entre $150.000 a $200.000 el día.;";Por transacción bancaria inmediata, una vez aprobado el servicio por mí y el cliente;🟡Prioridad Media🟡;🟡Prioridad Media🟡;🟡Prioridad Media🟡;🟡Prioridad Media🟡;🟡Prioridad Media🟡;;"Aceptaría pagar una comisión del 10% al 14% por servicio.;";1;dias;🟡Prioridad Media🟡;🟡Prioridad Media🟡;🟡Prioridad Media🟡;🟡Prioridad Media🟡;🟡Prioridad Media🟡;🟡Prioridad Media🟡;🟡Prioridad Media🟡;🟡Prioridad Media🟡;🟡Prioridad Media🟡;🟡Prioridad Media🟡;;"Entre $15.000 a $30.000 la hora.;";"Entre $150.000 a $200.000 el día.;";🟡Prioridad Media🟡;🟡Prioridad Media🟡;🟡Prioridad Media🟡;🟡Prioridad Media🟡;🟡Prioridad Media🟡;🟡Prioridad Media🟡;🟡Prioridad Media🟡;🟡Prioridad Media🟡;;1;Probable;Un chat en la plataforma;16;[16, 18)
2025-05-12;Acepto.;18-25;Colombia;Tunja (Boyacá);Masculino.;2;Universitario;Pregrado;Únicamente entre semana.;Buses municipales;Por estudio;2;0;;;;;;;No;Posibilidad de generar ingresos como propietario del vehículo;Posible uso de vehículos para fines no autorizados;No;;;;No;;;;;0;;;;;;;;;;;;;;;;;;;;;;;;;;0;;;;;;;;;;;;;;;;;;;;;;;;1;Neutral;Un chat en la plataforma;5;[4, 6)
2025-05-12;Acepto.;36-45;Colombia;Tunja (Boyacá);Masculino.;3;"Universitario;Desempleado";Técnico / Tecnológico;Diariamente.;"Buses municipales;Taxis;Buses intermunicipales";Por estudio;2;0;;;;;;;No;"Mayor flexibilidad en horarios;Posibilidad de generar ingresos como propietario del vehículo;Diversidad de vehículos para rentar / arrendar;Promueve la economía colaborativa";"Falta de regulación por parte de entidades oficiales;Posible uso de vehículos para fines no autorizados";No;;;;No;;;;;0;;;;;;;;;;;;;;;;;;;;;;;;;;1;dias;🔴Prioridad Alta🔴;🟡Prioridad Media🟡;🔴Prioridad Alta🔴;🟢Prioridad Baja🟢;🟢Prioridad Baja🟢;🟢Prioridad Baja🟢;🔴Prioridad Alta🔴;🟡Prioridad Media🟡;🔴Prioridad Alta🔴;🔴Prioridad Alta🔴;;"Entre $30.000 a $50.000 la hora.;";"Entre $150.000 a $200.000 el día.;";🟡Prioridad Media🟡;🔴Prioridad Alta🔴;🟡Prioridad Media🟡;🔴Prioridad Alta🔴;🔴Prioridad Alta🔴;🔴Prioridad Alta🔴;🟢Prioridad Baja🟢;🔴Prioridad Alta🔴;;1;MuyProbable;"Un chat en la plataforma;Por correo electrónico;Por chat con asesor mediante Whatsapp";9;[8, 10)
2025-05-16;Acepto.;18-25;Colombia;Tunja (Boyacá);Masculino.;4;"Universitario;Freelancer";Pregrado;Rara vez.;Otro: Servicios (informales);"Por compromisos personales o familiares;Por estudio";2;1;Diariamente.;Varios;;;no;Auto;Sí;Posibilidad de generar ingresos como propietario del vehículo;"Desconfianza frente a clientes / personas desconocidas;Posibles daños o mal uso del vehículo rentado;Falta de regulación por parte de entidades oficiales;Posible uso de vehículos para fines no autorizados;Falta de control en la entrega o devolución del vehículo";No;;;;No;;;;;0;;;;;;;;;;;;;;;;;;;;;;;;;;0;;;;;;;;;;;;;;;;;;;;;;;;1;MuyImprobable;"Un chat en la plataforma;Por chat con asesor mediante Whatsapp;Con un chatbot (Sea por plataforma, Whatsapp, u otro medio.)";4;[4, 6)
2025-05-16;Acepto.;18-25;Colombia;Cómbita (Boyacá);Masculino.;1;Universitario;Secundaria media;Únicamente entre semana.;"Buses intermunicipales;Buses municipales;Taxis";Por estudio;1;0;;;;;;;No;Mejor negociación en condiciones de arriendo;Posibles daños o mal uso del vehículo rentado;No;;;;No;;;;;0;;;;;;;;;;;;;;;;;;;;;;;;;;0;;;;;;;;;;;;;;;;;;;;;;;;1;MuyProbable;Por correo electrónico;3;[2, 4)
2025-05-16;Acepto.;18-25;Colombia;Bogotá D.C.;Femenino.;4;Universitario;Pregrado;Únicamente entre semana.;"Taxis;Buses municipales";Por estudio;1;0;;;;;;;No;Mayor flexibilidad en horarios;Falta de regulación por parte de entidades oficiales;No;;;;No;;;;;0;;;;;;;;;;;;;;;;;;;;;;;;;;0;;;;;;;;;;;;;;;;;;;;;;;;1;Probable;Un chat en la plataforma;2;[2, 4)
2025-05-16;Acepto.;18-25;Colombia;Tunja (Boyacá);Femenino.;4;Estudiante de secundaria;Secundaria media;Diariamente.;"Taxis;Buses municipales";Por estudio;1;0;;;;;;;No;Mayor flexibilidad en horarios;Posibles daños o mal uso del vehículo rentado;No;;;;No;;;;;0;;;;;;;;;;;;;;;;;;;;;;;;;;0;;;;;;;;;;;;;;;;;;;;;;;;1;MuyImprobable;Por chat con asesor mediante Whatsapp;2;[2, 4)
2025-05-16;Acepto.;18-25;Colombia;Tunja (Boyacá);Masculino.;4;Universitario;Pregrado;Diariamente.;Buses municipales;Por estudio;1;1;Solo entre semana laboral.;Único;Sí;Auto;;;Sí;"Diversidad de vehículos para rentar / arrendar;Promueve la economía colaborativa";"Posibles daños o mal uso del vehículo rentado;Desconfianza frente a clientes / personas desconocidas;Posible uso de vehículos para fines no autorizados";No;;;;No;;;;;0;;;;;;;;;;;;;;;;;;;;;;;;;;0;;;;;;;;;;;;;;;;;;;;;;;;1;Neutral;"Un chat en la plataforma;Por chat con asesor mediante Whatsapp;Por llamada telefónica";3;[2, 4)
2025-05-16;Acepto.;18-25;Colombia;Tunja (Boyacá);Masculino.;3;Empleado;Pregrado;Rara vez.;"Taxis;Buses intermunicipales";"Por compromisos personales o familiares;Por trabajo";2;1;Diariamente.;Único;Ocasionalmente;Motocicleta;;;Sí;"Posibilidad de generar ingresos como propietario del vehículo;Diversidad de vehículos para rentar / arrendar;Aprovechamiento de vehículos particulares inactivos";"Posibles daños o mal uso del vehículo rentado;Desconfianza frente a clientes / personas desconocidas;Falta de regulación por parte de entidades oficiales";No;;;;Sí;Colombia;;;;0;;;;;;;;;;;;;;;;;;;;;;;;;;0;;;;;;;;;;;;;;;;;;;;;;;;1;Neutral;"Un chat en la plataforma;Por llamada telefónica;Por chat con asesor mediante Whatsapp;Con un chatbot (Sea por plataforma, Whatsapp, u otro medio.);Por correo electrónico";4;[4, 6)
2025-05-16;Acepto.;16-17;Colombia;Tunja (Boyacá);Femenino.;3;Universitario;Pregrado;Diariamente.;"Taxis;Buses municipales";"Por estudio;Por compromisos personales o familiares";2;1;Solo durante fines de semana.;Varios;;;sí_prop;"Scoo;Auto";Sí;Experiencia de negocio más personalizada;Posibles daños o mal uso del vehículo rentado;No;;;;No;;;;;0;;;;;;;;;;;;;;;;;;;;;;;;;;1;"dias;horas";🔴Prioridad Alta🔴;🟡Prioridad Media🟡;🔴Prioridad Alta🔴;🔴Prioridad Alta🔴;🟡Prioridad Media🟡;🟡Prioridad Media🟡;🟡Prioridad Media🟡;🔴Prioridad Alta🔴;🟡Prioridad Media🟡;🟡Prioridad Media🟡;;"Entre $30.000 a $50.000 la hora.;";"Entre $100.000 a $150.000 el día.;";🔴Prioridad Alta🔴;🟡Prioridad Media🟡;🔴Prioridad Alta🔴;🔴Prioridad Alta🔴;🔴Prioridad Alta🔴;🔴Prioridad Alta🔴;🔴Prioridad Alta🔴;🔴Prioridad Alta🔴;;1;Probable;"Un chat en la plataforma;Por chat con asesor mediante Whatsapp;Con un chatbot (Sea por plataforma, Whatsapp, u otro medio.)";6;[6, 8)
2025-05-16;Acepto.;18-25;Colombia;Tunja (Boyacá);Femenino.;4;Universitario;Pregrado;Diariamente.;"Taxis;Buses municipales";Por estudio;1;0;;;;;;;No;"Mayor flexibilidad en horarios;Posibilidad de generar ingresos como propietario del vehículo";"Posibles daños o mal uso del vehículo rentado;Posible uso de vehículos para fines no autorizados;Falta de control en la entrega o devolución del vehículo;Falta de regulación por parte de entidades oficiales;Desconfianza frente a clientes / personas desconocidas";No;;;;No;;;;;1;dias;🔴Prioridad Alta🔴;🔴Prioridad Alta🔴;🔴Prioridad Alta🔴;🔴Prioridad Alta🔴;🔴Prioridad Alta🔴;🔴Prioridad Alta🔴;🔴Prioridad Alta🔴;🔴Prioridad Alta🔴;🔴Prioridad Alta🔴;🔴Prioridad Alta🔴;🔴Prioridad Alta🔴;🔴Prioridad Alta🔴;;"Pueda configurar qué tipo de solicitudes quiero recibir, para luego aceptarlas o denegarlas.;";"No me encuentro interesado en rentar por horas.;";"Entre $100.000 a $150.000 el día.;Entre $150.000 a $200.000 el día.;";"En efectivo, antes de entregar el vehículo al cliente;Por transacción bancaria inmediata, una vez aprobado el servicio por mí y el cliente";🟡Prioridad Media🟡;🔴Prioridad Alta🔴;🔴Prioridad Alta🔴;🔴Prioridad Alta🔴;🔴Prioridad Alta🔴;;"Preferiría pagar una suscripción mensual.;";0;;;;;;;;;;;;;;;;;;;;;;;;1;Neutral;"Por llamada telefónica;Un chat en la plataforma";6;[6, 8)
2025-05-16;Acepto.;36-45;Colombia;Tunja (Boyacá);Masculino.;2;Empleado;Pregrado;Rara vez.;"Taxis;Buses intermunicipales";"Por trabajo;Por compromisos personales o familiares";2;1;Diariamente.;Único;Ocasionalmente;Motocicleta;;;No;"Mayor flexibilidad en horarios;Mejor negociación en condiciones de arriendo;Posibilidad de generar ingresos como propietario del vehículo;Diversidad de vehículos para rentar / arrendar;Promueve la economía colaborativa;Aprovechamiento de vehículos particulares inactivos";"Posibles daños o mal uso del vehículo rentado;Desconfianza frente a clientes / personas desconocidas;Falta de regulación por parte de entidades oficiales;Posible uso de vehículos para fines no autorizados;Falta de control en la entrega o devolución del vehículo";No;;;;No;;;;;1;dias;🔴Prioridad Alta🔴;🔴Prioridad Alta🔴;🔴Prioridad Alta🔴;🔴Prioridad Alta🔴;🔴Prioridad Alta🔴;🟡Prioridad Media🟡;🔴Prioridad Alta🔴;🔴Prioridad Alta🔴;🟡Prioridad Media🟡;🔴Prioridad Alta🔴;🔴Prioridad Alta🔴;🔴Prioridad Alta🔴;;"Pueda confiar en la plataforma para que me consulten, o ellos mismos acepten y denieguen un servicio que me solicitan.;";"No me encuentro interesado en rentar por horas.;";"Entre $100.000 a $150.000 el día.;";Por transacción bancaria inmediata, una vez aprobado el servicio por mí y el cliente;🔴Prioridad Alta🔴;🔴Prioridad Alta🔴;🔴Prioridad Alta🔴;🔴Prioridad Alta🔴;🔴Prioridad Alta🔴;;"No estaría interesado en pagar comisión alguna.;";1;dias;🔴Prioridad Alta🔴;🔴Prioridad Alta🔴;🔴Prioridad Alta🔴;🟡Prioridad Media🟡;🔴Prioridad Alta🔴;🔴Prioridad Alta🔴;🔴Prioridad Alta🔴;🔴Prioridad Alta🔴;🔴Prioridad Alta🔴;🔴Prioridad Alta🔴;;"No me encuentro interesado en rentar por horas.;";"Entre $100.000 a $150.000 el día.;";🔴Prioridad Alta🔴;🔴Prioridad Alta🔴;🔴Prioridad Alta🔴;🔴Prioridad Alta🔴;🔴Prioridad Alta🔴;🔴Prioridad Alta🔴;🔴Prioridad Alta🔴;🔴Prioridad Alta🔴;;1;Probable;Por chat con asesor mediante Whatsapp;8;[8, 10)
2025-05-16;Acepto.;18-25;Colombia;Tunja (Boyacá);Femenino.;2;Universitario;Pregrado;Diariamente.;"Taxis;Buses municipales;Buses intermunicipales";Por estudio;2;1;Solo entre semana laboral.;Único;Sí;Auto;;;Sí;"Posibilidad de generar ingresos como propietario del vehículo;Experiencia de negocio más personalizada;Promueve la economía colaborativa";"Posibles daños o mal uso del vehículo rentado;Desconfianza frente a clientes / personas desconocidas;Falta de regulación por parte de entidades oficiales";No;;;;No;;;;;0;;;;;;;;;;;;;;;;;;;;;;;;;;1;horas;🔴Prioridad Alta🔴;🔴Prioridad Alta🔴;🔴Prioridad Alta🔴;🔴Prioridad Alta🔴;🔴Prioridad Alta🔴;🔴Prioridad Alta🔴;🔴Prioridad Alta🔴;🔴Prioridad Alta🔴;🔴Prioridad Alta🔴;🔴Prioridad Alta🔴;;"Entre $15.000 a $30.000 la hora.;No me encuentro interesado en rentar por horas.;";"No me encuentro interesado en rentar por días.;";🔴Prioridad Alta🔴;🔴Prioridad Alta🔴;🔴Prioridad Alta🔴;🔴Prioridad Alta🔴;🔴Prioridad Alta🔴;🔴Prioridad Alta🔴;🔴Prioridad Alta🔴;🔴Prioridad Alta🔴;;1;Neutral;Un chat en la plataforma;19;[18, 20)
2025-05-16;Acepto.;18-25;Colombia;Tunja (Boyacá);Femenino.;2;Empleado;Técnico / Tecnológico;Diariamente.;Buses municipales;Por trabajo;1;0;;;;;;;Sí;"Posibilidad de generar ingresos como propietario del vehículo;Diversidad de vehículos para rentar / arrendar;Aprovechamiento de vehículos particulares inactivos";"Posibles daños o mal uso del vehículo rentado;Falta de control en la entrega o devolución del vehículo;Desconfianza frente a clientes / personas desconocidas";No;;;;No;;;;;1;horas;🔴Prioridad Alta🔴;🔴Prioridad Alta🔴;🔴Prioridad Alta🔴;🔴Prioridad Alta🔴;🟡Prioridad Media🟡;🟡Prioridad Media🟡;🟡Prioridad Media🟡;🟡Prioridad Media🟡;🔴Prioridad Alta🔴;🟡Prioridad Media🟡;🔴Prioridad Alta🔴;🟡Prioridad Media🟡;REVISAR 40B;"Reciba solicitudes y pueda aceptarlas o denegarlas.;Pueda configurar qué tipo de solicitudes quiero recibir, para luego aceptarlas o denegarlas.;";"Entre $30.000 a $50.000 la hora.;";"Entre $150.000 a $200.000 el día.;";Por transacción bancaria inmediata, una vez aprobado el servicio por mí y el cliente;🔴Prioridad Alta🔴;🔴Prioridad Alta🔴;🟡Prioridad Media🟡;🔴Prioridad Alta🔴;🟡Prioridad Media🟡;;"Preferiría pagar una suscripción mensual.;";1;horas;🟡Prioridad Media🟡;🔴Prioridad Alta🔴;🔴Prioridad Alta🔴;🔴Prioridad Alta🔴;🟡Prioridad Media🟡;🔴Prioridad Alta🔴;🟡Prioridad Media🟡;🔴Prioridad Alta🔴;🔴Prioridad Alta🔴;🟡Prioridad Media🟡;;"Entre $30.000 a $50.000 la hora.;";"Entre $150.000 a $200.000 el día.;Entre $100.000 a $150.000 el día.;";🟡Prioridad Media🟡;🟡Prioridad Media🟡;🔴Prioridad Alta🔴;🔴Prioridad Alta🔴;🔴Prioridad Alta🔴;🟡Prioridad Media🟡;🔴Prioridad Alta🔴;🔴Prioridad Alta🔴;;1;Probable;Por chat con asesor mediante Whatsapp;4;[4, 6)
2025-05-16;Acepto.;18-25;Colombia;Tunja (Boyacá);Masculino.;2;Universitario;Pregrado;Únicamente los fines de semana.;"Buses municipales;Buses intermunicipales";"Por estudio;Por trabajo;Por compromisos personales o familiares";1;0;;;;;;;Sí;"Mayor flexibilidad en horarios;Mejor negociación en condiciones de arriendo;Posibilidad de generar ingresos como propietario del vehículo;Diversidad de vehículos para rentar / arrendar;Experiencia de negocio más personalizada;Promueve la economía colaborativa;Aprovechamiento de vehículos particulares inactivos";"Posibles daños o mal uso del vehículo rentado;Falta de regulación por parte de entidades oficiales;Posible uso de vehículos para fines no autorizados";No;;;;No;;;;;1;horas;🔴Prioridad Alta🔴;🔴Prioridad Alta🔴;🔴Prioridad Alta🔴;🔴Prioridad Alta🔴;🔴Prioridad Alta🔴;🟡Prioridad Media🟡;🟡Prioridad Media🟡;🔴Prioridad Alta🔴;🟡Prioridad Media🟡;🟡Prioridad Media🟡;🔴Prioridad Alta🔴;🔴Prioridad Alta🔴;REVISAR 40B;"Reciba solicitudes y pueda aceptarlas o denegarlas.;Pueda configurar qué tipo de solicitudes quiero recibir, para luego aceptarlas o denegarlas.;Pueda confiar en la plataforma para que me consulten, o ellos mismos acepten y denieguen un servicio que me solicitan.;";"Entre $30.000 a $50.000 la hora.;Entre $15.000 a $30.000 la hora.;";"Entre $100.000 a $150.000 el día.;Entre $150.000 a $200.000 el día.;";Por transacción bancaria inmediata, una vez aprobado el servicio por mí y el cliente;🟡Prioridad Media🟡;🔴Prioridad Alta🔴;🟡Prioridad Media🟡;🟡Prioridad Media🟡;🔴Prioridad Alta🔴;;"Aceptaría pagar una comisión del 4% al 9% por servicio.;";1;"horas;dias";🟡Prioridad Media🟡;🔴Prioridad Alta🔴;🔴Prioridad Alta🔴;🔴Prioridad Alta🔴;🔴Prioridad Alta🔴;🔴Prioridad Alta🔴;🟡Prioridad Media🟡;🟡Prioridad Media🟡;🔴Prioridad Alta🔴;🟡Prioridad Media🟡;;"Entre $15.000 a $30.000 la hora.;";"Entre $100.000 a $150.000 el día.;";🟡Prioridad Media🟡;🟡Prioridad Media🟡;🟡Prioridad Media🟡;🟡Prioridad Media🟡;🟡Prioridad Media🟡;🔴Prioridad Alta🔴;🔴Prioridad Alta🔴;🔴Prioridad Alta🔴;;1;Probable;"Un chat en la plataforma;Por chat con asesor mediante Whatsapp;Con un chatbot (Sea por plataforma, Whatsapp, u otro medio.)";17;[16, 18)
2025-05-16;Acepto.;18-25;Colombia;Tunja (Boyacá);Masculino.;3;Universitario;Pregrado;Diariamente.;"Buses municipales;Buses intermunicipales";"Por estudio;Por compromisos personales o familiares";2;1;Solo entre semana laboral.;Único;Sí;Auto;;;No;;"Desconfianza frente a clientes / personas desconocidas;Posibles daños o mal uso del vehículo rentado";No;;;;No;;;;;1;"horas;dias";🔴Prioridad Alta🔴;🔴Prioridad Alta🔴;🔴Prioridad Alta🔴;🔴Prioridad Alta🔴;🟡Prioridad Media🟡;🟡Prioridad Media🟡;🟡Prioridad Media🟡;🔴Prioridad Alta🔴;🟡Prioridad Media🟡;🟡Prioridad Media🟡;🟡Prioridad Media🟡;🟡Prioridad Media🟡;;"Reciba solicitudes y pueda aceptarlas o denegarlas.;Pueda configurar qué tipo de solicitudes quiero recibir, para luego aceptarlas o denegarlas.;Pueda confiar en la plataforma para que me consulten, o ellos mismos acepten y denieguen un servicio que me solicitan.;";"Entre $30.000 a $50.000 la hora.;Entre $50.000 a $80.000 la hora.;";"Entre $200.000 a $250.000 el día.;";"Un respaldo con un pagaré automatizado por transferencia bancaria al finalizar el servicio por medio de Flex Drive;En efectivo, antes de entregar el vehículo al cliente";🟡Prioridad Media🟡;🔴Prioridad Alta🔴;🟡Prioridad Media🟡;🟡Prioridad Media🟡;🟢Prioridad Baja🟢;;"Aceptaría pagar una comisión del 4% al 9% por servicio.;Aceptaría pagar una comisión del 10% al 14% por servicio.;";1;"horas;dias";🔴Prioridad Alta🔴;🟡Prioridad Media🟡;🔴Prioridad Alta🔴;🔴Prioridad Alta🔴;🟡Prioridad Media🟡;🟡Prioridad Media🟡;🔴Prioridad Alta🔴;🟡Prioridad Media🟡;🟡Prioridad Media🟡;🟡Prioridad Media🟡;;"Entre $30.000 a $50.000 la hora.;";"Entre $200.000 a $250.000 el día.;Entre $150.000 a $200.000 el día.;";🔴Prioridad Alta🔴;🔴Prioridad Alta🔴;🟡Prioridad Media🟡;🟡Prioridad Media🟡;🟡Prioridad Media🟡;🟡Prioridad Media🟡;🔴Prioridad Alta🔴;🔴Prioridad Alta🔴;;1;MuyProbable;"Un chat en la plataforma;Por llamada telefónica";78;
2025-05-16;Acepto.;16-17;Colombia;Sogamoso (Boyacá);Femenino.;2;Estudiante de secundaria;Secundaria media;Rara vez.;Buses municipales;Por compromisos personales o familiares;1;0;;;;;;;No;Diversidad de vehículos para rentar / arrendar;Falta de control en la entrega o devolución del vehículo;No;;;;No;;;;;1;dispersonal;🔴Prioridad Alta🔴;🟡Prioridad Media🟡;🟡Prioridad Media🟡;🔴Prioridad Alta🔴;🔴Prioridad Alta🔴;🟡Prioridad Media🟡;🔴Prioridad Alta🔴;🔴Prioridad Alta🔴;🟢Prioridad Baja🟢;🟢Prioridad Baja🟢;🔴Prioridad Alta🔴;🔴Prioridad Alta🔴;;"Pueda configurar qué tipo de solicitudes quiero recibir, para luego aceptarlas o denegarlas.;";"Entre $30.000 a $50.000 la hora.;";"No me encuentro interesado en rentar por días.;";En efectivo, antes de entregar el vehículo al cliente;🔴Prioridad Alta🔴;🔴Prioridad Alta🔴;🔴Prioridad Alta🔴;🔴Prioridad Alta🔴;🔴Prioridad Alta🔴;;"Aceptaría pagar una comisión del 4% al 9% por servicio.;";1;dias;🔴Prioridad Alta🔴;🟡Prioridad Media🟡;🔴Prioridad Alta🔴;🔴Prioridad Alta🔴;🟡Prioridad Media🟡;🟡Prioridad Media🟡;🟡Prioridad Media🟡;🔴Prioridad Alta🔴;🟡Prioridad Media🟡;🟢Prioridad Baja🟢;;"Desde $80.000 en adelante.;";"Entre $200.000 a $250.000 el día.;";🟡Prioridad Media🟡;🔴Prioridad Alta🔴;🟡Prioridad Media🟡;🔴Prioridad Alta🔴;🟡Prioridad Media🟡;🟡Prioridad Media🟡;🔴Prioridad Alta🔴;🟡Prioridad Media🟡;;1;Probable;Por llamada telefónica;7;[6, 8)
2025-05-16;Acepto.;18-25;Colombia;Tunja (Boyacá);Masculino.;4;Universitario;Pregrado;Únicamente entre semana.;Buses municipales;Por estudio;2;0;;;;;;;No;"Posibilidad de generar ingresos como propietario del vehículo;Mayor flexibilidad en horarios";"Posibles daños o mal uso del vehículo rentado;Desconfianza frente a clientes / personas desconocidas";No;;;;No;;;;;1;"horas;dias";🔴Prioridad Alta🔴;🔴Prioridad Alta🔴;🔴Prioridad Alta🔴;🔴Prioridad Alta🔴;🟡Prioridad Media🟡;🔴Prioridad Alta🔴;🟡Prioridad Media🟡;🔴Prioridad Alta🔴;🟡Prioridad Media🟡;🟡Prioridad Media🟡;🟡Prioridad Media🟡;🟡Prioridad Media🟡;;"Pueda confiar en la plataforma para que me consulten, o ellos mismos acepten y denieguen un servicio que me solicitan.;";"Entre $15.000 a $30.000 la hora.;";"Entre $100.000 a $150.000 el día.;";Por transacción bancaria inmediata, una vez aprobado el servicio por mí y el cliente;🔴Prioridad Alta🔴;🔴Prioridad Alta🔴;🔴Prioridad Alta🔴;🟡Prioridad Media🟡;🔴Prioridad Alta🔴;;"Preferiría pagar una suscripción mensual.;";1;dias;🔴Prioridad Alta🔴;🔴Prioridad Alta🔴;🔴Prioridad Alta🔴;🔴Prioridad Alta🔴;🟡Prioridad Media🟡;🔴Prioridad Alta🔴;🔴Prioridad Alta🔴;🔴Prioridad Alta🔴;🟡Prioridad Media🟡;🟡Prioridad Media🟡;;"Entre $15.000 a $30.000 la hora.;";"Entre $100.000 a $150.000 el día.;";🔴Prioridad Alta🔴;🔴Prioridad Alta🔴;🔴Prioridad Alta🔴;🟡Prioridad Media🟡;🟡Prioridad Media🟡;🔴Prioridad Alta🔴;🔴Prioridad Alta🔴;🔴Prioridad Alta🔴;;1;Probable;Un chat en la plataforma;8;[8, 10)
2025-05-16;Acepto.;18-25;Colombia;Tunja (Boyacá);Masculino.;2;"Universitario;Empleado";Pregrado;Rara vez.;Buses municipales;"Por estudio;Por trabajo";2;1;Diariamente.;Único;No;Motocicleta;;;Sí;"Mayor flexibilidad en horarios;Mejor negociación en condiciones de arriendo;Promueve la economía colaborativa";"Posibles daños o mal uso del vehículo rentado;Desconfianza frente a clientes / personas desconocidas;Falta de regulación por parte de entidades oficiales;Posible uso de vehículos para fines no autorizados;Falta de control en la entrega o devolución del vehículo";No;;;;No;;;;;1;horas;🔴Prioridad Alta🔴;🔴Prioridad Alta🔴;🟡Prioridad Media🟡;🔴Prioridad Alta🔴;🟡Prioridad Media🟡;🟡Prioridad Media🟡;🟡Prioridad Media🟡;🟡Prioridad Media🟡;🟢Prioridad Baja🟢;🟡Prioridad Media🟡;🔴Prioridad Alta🔴;🟡Prioridad Media🟡;;"Pueda confiar en la plataforma para que me consulten, o ellos mismos acepten y denieguen un servicio que me solicitan.;";"Entre $50.000 a $80.000 la hora.;Entre $30.000 a $50.000 la hora.;";"Entre $150.000 a $200.000 el día.;Entre $200.000 a $250.000 el día.;";"Un respaldo con un pagaré automatizado por transferencia bancaria al finalizar el servicio por medio de Flex Drive;En efectivo, antes de entregar el vehículo al cliente;Por transacción bancaria inmediata, una vez aprobado el servicio por mí y el cliente";🔴Prioridad Alta🔴;🔴Prioridad Alta🔴;🟢Prioridad Baja🟢;🔴Prioridad Alta🔴;🟡Prioridad Media🟡;;"Aceptaría pagar una comisión del 4% al 9% por servicio.;";1;horas;🔴Prioridad Alta🔴;🟢Prioridad Baja🟢;🔴Prioridad Alta🔴;🔴Prioridad Alta🔴;🟡Prioridad Media🟡;🟡Prioridad Media🟡;🔴Prioridad Alta🔴;🔴Prioridad Alta🔴;🔴Prioridad Alta🔴;🔴Prioridad Alta🔴;;"Entre $30.000 a $50.000 la hora.;Entre $50.000 a $80.000 la hora.;";"Entre $150.000 a $200.000 el día.;Entre $200.000 a $250.000 el día.;";🟡Prioridad Media🟡;🟡Prioridad Media🟡;🟢Prioridad Baja🟢;🔴Prioridad Alta🔴;🔴Prioridad Alta🔴;🔴Prioridad Alta🔴;🔴Prioridad Alta🔴;🔴Prioridad Alta🔴;;1;Probable;"Un chat en la plataforma;Por chat con asesor mediante Whatsapp";7;[6, 8)
2025-05-16;Acepto.;36-45;Colombia;Tunja (Boyacá);Masculino.;3;Empleado;Especialización / Diplomado;Únicamente los fines de semana.;"Taxis;Buses municipales;Buses intermunicipales;SITP";"Por compromisos personales o familiares;Por turismo";2;1;Solo durante fines de semana.;Varios;;;"no;sí_otros";Auto;Sí;Aprovechamiento de vehículos particulares inactivos;"Posibles daños o mal uso del vehículo rentado;Desconfianza frente a clientes / personas desconocidas;Falta de regulación por parte de entidades oficiales;Posible uso de vehículos para fines no autorizados;Falta de control en la entrega o devolución del vehículo";No;;;;No;;;;;0;;;;;;;;;;;;;;;;;;;;;;;;;;0;;;;;;;;;;;;;;;;;;;;;;;;1;Improbable;"Un chat en la plataforma;Por llamada telefónica";7;[6, 8)
2025-05-16;Acepto.;26-35;Colombia;Bogotá D.C.;Femenino.;3;Empleado;Maestría;Rara vez.;"Taxis;SITP";"Por trabajo;Por compromisos personales o familiares";2;0;;;;;;;No;"Posibilidad de generar ingresos como propietario del vehículo;Promueve la economía colaborativa";"Posibles daños o mal uso del vehículo rentado;Desconfianza frente a clientes / personas desconocidas;Falta de regulación por parte de entidades oficiales";No;;;;No;;;;;0;;;;;;;;;;;;;;;;;;;;;;;;;;1;dias;🔴Prioridad Alta🔴;🟡Prioridad Media🟡;🔴Prioridad Alta🔴;🔴Prioridad Alta🔴;🟡Prioridad Media🟡;🔴Prioridad Alta🔴;🔴Prioridad Alta🔴;🔴Prioridad Alta🔴;🔴Prioridad Alta🔴;🔴Prioridad Alta🔴;;"Entre $15.000 a $30.000 la hora.;";"Entre $100.000 a $150.000 el día.;";🟡Prioridad Media🟡;🟡Prioridad Media🟡;🔴Prioridad Alta🔴;🔴Prioridad Alta🔴;🔴Prioridad Alta🔴;🔴Prioridad Alta🔴;🔴Prioridad Alta🔴;🔴Prioridad Alta🔴;;1;Neutral;"Por chat con asesor mediante Whatsapp;Por llamada telefónica";7;[6, 8)
2025-05-16;Acepto.;18-25;Colombia;Barrancabermeja (Santander);Masculino.;3;Desempleado;Pregrado;Únicamente los fines de semana.;Otro: Plataformas digitales de transporte (servicios privados);Por compromisos personales o familiares;2;0;;;;;;;Sí;"Posibilidad de generar ingresos como propietario del vehículo;Aprovechamiento de vehículos particulares inactivos;Promueve la economía colaborativa";"Posibles daños o mal uso del vehículo rentado;Posible uso de vehículos para fines no autorizados;Falta de control en la entrega o devolución del vehículo";No;;;;No;;;;;0;;;;;;;;;;;;;;;;;;;;;;;;;;1;"dias;semanas;meses";🔴Prioridad Alta🔴;🔴Prioridad Alta🔴;🔴Prioridad Alta🔴;🔴Prioridad Alta🔴;🔴Prioridad Alta🔴;🔴Prioridad Alta🔴;🔴Prioridad Alta🔴;🔴Prioridad Alta🔴;🔴Prioridad Alta🔴;🔴Prioridad Alta🔴;;"Entre $15.000 a $30.000 la hora.;";"Entre $100.000 a $150.000 el día.;";🔴Prioridad Alta🔴;🟡Prioridad Media🟡;🔴Prioridad Alta🔴;🔴Prioridad Alta🔴;🔴Prioridad Alta🔴;🔴Prioridad Alta🔴;🟡Prioridad Media🟡;🔴Prioridad Alta🔴;;1;Probable;"Un chat en la plataforma;Por correo electrónico;Por llamada telefónica;Por chat con asesor mediante Whatsapp";28;[28, 30)
2025-05-16;Acepto.;26-35;Colombia;Barrancabermeja (Santander);Masculino.;3;Empleado;Especialización / Diplomado;Rara vez.;Taxis;Por compromisos personales o familiares;2;1;Diariamente.;Único;No;Auto;;;Sí;Posibilidad de generar ingresos como propietario del vehículo;"Posibles daños o mal uso del vehículo rentado;Desconfianza frente a clientes / personas desconocidas;Posible uso de vehículos para fines no autorizados";No;;;;No;;;;;1;"dias;findesemana";🔴Prioridad Alta🔴;🔴Prioridad Alta🔴;🔴Prioridad Alta🔴;🔴Prioridad Alta🔴;🟡Prioridad Media🟡;🟡Prioridad Media🟡;🔴Prioridad Alta🔴;🟡Prioridad Media🟡;🟡Prioridad Media🟡;🔴Prioridad Alta🔴;🔴Prioridad Alta🔴;🟡Prioridad Media🟡;;"Pueda configurar qué tipo de solicitudes quiero recibir, para luego aceptarlas o denegarlas.;";"No me encuentro interesado en rentar por horas.;";"Entre $200.000 a $250.000 el día.;";Por transacción bancaria inmediata, una vez aprobado el servicio por mí y el cliente;🟡Prioridad Media🟡;🔴Prioridad Alta🔴;🟡Prioridad Media🟡;🔴Prioridad Alta🔴;🟡Prioridad Media🟡;;"Aceptaría pagar una comisión del 4% al 9% por servicio.;";1;dias;🟡Prioridad Media🟡;🟡Prioridad Media🟡;🔴Prioridad Alta🔴;🔴Prioridad Alta🔴;🔴Prioridad Alta🔴;🟡Prioridad Media🟡;🔴Prioridad Alta🔴;🔴Prioridad Alta🔴;🔴Prioridad Alta🔴;🟡Prioridad Media🟡;;"Entre $50.000 a $80.000 la hora.;";"Entre $200.000 a $250.000 el día.;";🔴Prioridad Alta🔴;🟡Prioridad Media🟡;🟡Prioridad Media🟡;🔴Prioridad Alta🔴;🔴Prioridad Alta🔴;🟡Prioridad Media🟡;🟡Prioridad Media🟡;🔴Prioridad Alta🔴;;1;Probable;"Por llamada telefónica;Por chat con asesor mediante Whatsapp";15;[14, 16)
2025-05-16;Acepto.;26-35;Colombia;Tunja (Boyacá);Masculino.;3;"Freelancer;Empleado;Desempleado";Pregrado;Rara vez.;"Buses municipales;Taxis";"Por trabajo;Por compromisos personales o familiares";2;0;;;;;;;No;Diversidad de vehículos para rentar / arrendar;"Posibles daños o mal uso del vehículo rentado;Desconfianza frente a clientes / personas desconocidas;Falta de control en la entrega o devolución del vehículo";No;;;;No;;;;;0;;;;;;;;;;;;;;;;;;;;;;;;;;1;"dias;horas;semanas";🔴Prioridad Alta🔴;🟡Prioridad Media🟡;🔴Prioridad Alta🔴;🔴Prioridad Alta🔴;🟡Prioridad Media🟡;🟡Prioridad Media🟡;🔴Prioridad Alta🔴;🟡Prioridad Media🟡;🟡Prioridad Media🟡;🟡Prioridad Media🟡;;"Desde $80.000 en adelante.;Entre $50.000 a $80.000 la hora.;";"Entre $100.000 a $150.000 el día.;Entre $150.000 a $200.000 el día.;";🟡Prioridad Media🟡;🔴Prioridad Alta🔴;🔴Prioridad Alta🔴;🔴Prioridad Alta🔴;🔴Prioridad Alta🔴;🔴Prioridad Alta🔴;🟡Prioridad Media🟡;🔴Prioridad Alta🔴;;1;Probable;"Un chat en la plataforma;Por chat con asesor mediante Whatsapp;Por llamada telefónica";16;[16, 18)
2025-05-16;Acepto.;46-55;Colombia;Tunja (Boyacá);Femenino.;3;Empleado;Maestría;Únicamente los fines de semana.;Buses municipales;Por trabajo;2;1;Solo entre semana laboral.;Único;Ocasionalmente;Auto;;;No;Mejor negociación en condiciones de arriendo;Desconfianza frente a clientes / personas desconocidas;No;;;;No;;;;;0;;;;;;;;;;;;;;;;;;;;;;;;;;0;;;;;;;;;;;;;;;;;;;;;;;;1;MuyProbable;"Por llamada telefónica;Un chat en la plataforma";9;[8, 10)
2025-05-16;Acepto.;46-55;Colombia;Tunja (Boyacá);Femenino.;3;Empleado;Secundaria media;Diariamente.;"Buses municipales;Buses intermunicipales";Por trabajo;1;0;;;;;;;No;;Falta de control en la entrega o devolución del vehículo;No;;;;No;;;;;0;;;;;;;;;;;;;;;;;;;;;;;;;;0;;;;;;;;;;;;;;;;;;;;;;;;0;Neutral;Por llamada telefónica;7;[6, 8)
2025-05-16;Acepto.;56-65;Colombia;Tunja (Boyacá);Masculino.;3;Empleado;Maestría;Rara vez.;"Taxis;Buses municipales";"Por trabajo;Por compromisos personales o familiares";2;1;Muy rara vez.;Único;Sí;Auto;;;No;"Mayor flexibilidad en horarios;Posibilidad de generar ingresos como propietario del vehículo;Promueve la economía colaborativa;Aprovechamiento de vehículos particulares inactivos";"Posibles daños o mal uso del vehículo rentado;Desconfianza frente a clientes / personas desconocidas;Falta de regulación por parte de entidades oficiales";No;;;;No;;;;;1;"horas;dispersonal";🔴Prioridad Alta🔴;🔴Prioridad Alta🔴;🔴Prioridad Alta🔴;🔴Prioridad Alta🔴;🔴Prioridad Alta🔴;🔴Prioridad Alta🔴;🔴Prioridad Alta🔴;🔴Prioridad Alta🔴;🔴Prioridad Alta🔴;🟡Prioridad Media🟡;🔴Prioridad Alta🔴;🔴Prioridad Alta🔴;;"Pueda configurar qué tipo de solicitudes quiero recibir, para luego aceptarlas o denegarlas.;";"Entre $50.000 a $80.000 la hora.;";"Entre $150.000 a $200.000 el día.;";En efectivo, antes de entregar el vehículo al cliente;🔴Prioridad Alta🔴;🔴Prioridad Alta🔴;🔴Prioridad Alta🔴;🔴Prioridad Alta🔴;🔴Prioridad Alta🔴;;"Aceptaría pagar una comisión del 4% al 9% por servicio.;";1;"horas;dias";🔴Prioridad Alta🔴;🔴Prioridad Alta🔴;🔴Prioridad Alta🔴;🔴Prioridad Alta🔴;🔴Prioridad Alta🔴;🔴Prioridad Alta🔴;🔴Prioridad Alta🔴;🔴Prioridad Alta🔴;🔴Prioridad Alta🔴;🔴Prioridad Alta🔴;;"Entre $15.000 a $30.000 la hora.;";"Entre $100.000 a $150.000 el día.;";🔴Prioridad Alta🔴;🔴Prioridad Alta🔴;🔴Prioridad Alta🔴;🔴Prioridad Alta🔴;🔴Prioridad Alta🔴;🔴Prioridad Alta🔴;🔴Prioridad Alta🔴;🔴Prioridad Alta🔴;;1;MuyProbable;Por llamada telefónica;7;[6, 8)
2025-05-17;Acepto.;26-35;Colombia;Tunja (Boyacá);Masculino.;4;Empleado;Especialización / Diplomado;Diariamente.;"Taxis;Buses municipales;Buses intermunicipales";"Por trabajo;Por estudio;Por compromisos personales o familiares";2;0;;;;;;;No;"Mejor negociación en condiciones de arriendo;Posibilidad de generar ingresos como propietario del vehículo;Promueve la economía colaborativa";Desconfianza frente a clientes / personas desconocidas;No;;;;No;;;;;0;;;;;;;;;;;;;;;;;;;;;;;;;;1;"dias;horas";🟡Prioridad Media🟡;🟢Prioridad Baja🟢;🟢Prioridad Baja🟢;🟢Prioridad Baja🟢;🟡Prioridad Media🟡;🟡Prioridad Media🟡;🟢Prioridad Baja🟢;🟢Prioridad Baja🟢;🟢Prioridad Baja🟢;🟢Prioridad Baja🟢;;"Entre $15.000 a $30.000 la hora.;";"Entre $100.000 a $150.000 el día.;";🟡Prioridad Media🟡;🟡Prioridad Media🟡;🟢Prioridad Baja🟢;🟢Prioridad Baja🟢;🟢Prioridad Baja🟢;🟡Prioridad Media🟡;🟡Prioridad Media🟡;🟡Prioridad Media🟡;;1;Probable;"Por llamada telefónica;Por chat con asesor mediante Whatsapp";7;[6, 8)
2025-05-17;Acepto.;76 en adelante.;Colombia;Tunja (Boyacá);Femenino.;3;Empleado;Maestría;Únicamente entre semana.;Buses intermunicipales;Por trabajo;0;0;;;;;;;No;Posibilidad de generar ingresos como propietario del vehículo;"Posibles daños o mal uso del vehículo rentado;Desconfianza frente a clientes / personas desconocidas;Falta de regulación por parte de entidades oficiales";No;;;;No;;;;;1;dias;🔴Prioridad Alta🔴;🔴Prioridad Alta🔴;🔴Prioridad Alta🔴;🔴Prioridad Alta🔴;🔴Prioridad Alta🔴;🔴Prioridad Alta🔴;🔴Prioridad Alta🔴;🔴Prioridad Alta🔴;🔴Prioridad Alta🔴;🔴Prioridad Alta🔴;🔴Prioridad Alta🔴;🔴Prioridad Alta🔴;;"Pueda configurar qué tipo de solicitudes quiero recibir, para luego aceptarlas o denegarlas.;";"No me encuentro interesado en rentar por horas.;";"Entre $200.000 a $250.000 el día.;";Por transacción bancaria inmediata, una vez aprobado el servicio por mí y el cliente;🔴Prioridad Alta🔴;🔴Prioridad Alta🔴;🔴Prioridad Alta🔴;🔴Prioridad Alta🔴;🔴Prioridad Alta🔴;;"Preferiría pagar una suscripción mensual.;";1;dias;🔴Prioridad Alta🔴;🔴Prioridad Alta🔴;🔴Prioridad Alta🔴;🔴Prioridad Alta🔴;🔴Prioridad Alta🔴;🔴Prioridad Alta🔴;🔴Prioridad Alta🔴;🔴Prioridad Alta🔴;🔴Prioridad Alta🔴;🔴Prioridad Alta🔴;;"No me encuentro interesado en rentar por horas.;";"Entre $100.000 a $150.000 el día.;";🔴Prioridad Alta🔴;🟡Prioridad Media🟡;🔴Prioridad Alta🔴;🟡Prioridad Media🟡;🔴Prioridad Alta🔴;🟡Prioridad Media🟡;🔴Prioridad Alta🔴;🔴Prioridad Alta🔴;;1;Neutral;"Un chat en la plataforma;Por chat con asesor mediante Whatsapp";20;[20, 22)
2025-05-17;Acepto.;16-17;Colombia;Boyacá (Boyacá);Femenino.;2;Estudiante de secundaria;Secundaria media;Diariamente.;Buses municipales;"Por estudio;Por compromisos personales o familiares";1;0;;;;;;;No;"Mayor flexibilidad en horarios;Posibilidad de generar ingresos como propietario del vehículo;Experiencia de negocio más personalizada";Desconfianza frente a clientes / personas desconocidas;No;;;;No;;;;;0;;;;;;;;;;;;;;;;;;;;;;;;;;0;;;;;;;;;;;;;;;;;;;;;;;;1;Neutral;"Un chat en la plataforma;Con un chatbot (Sea por plataforma, Whatsapp, u otro medio.)";3;[2, 4)
2025-05-17;Acepto.;56-65;Colombia;Tunja (Boyacá);Femenino.;3;Amo(a) de casa;Técnico / Tecnológico;Diariamente.;"Taxis;Buses municipales;Buses intermunicipales";Por compromisos personales o familiares;0;0;;;;;;;No;;"Posibles daños o mal uso del vehículo rentado;Desconfianza frente a clientes / personas desconocidas";No;;;;No;;;;;0;;;;;;;;;;;;;;;;;;;;;;;;;;0;;;;;;;;;;;;;;;;;;;;;;;;1;MuyImprobable;Por chat con asesor mediante Whatsapp;9;[8, 10)
2025-05-17;Acepto.;16-17;Colombia;Ventaquemada (Boyacá);Femenino.;2;Estudiante de secundaria;Secundaria media;Rara vez.;;Por estudio;0;0;;;;;;;No;Mayor flexibilidad en horarios;;No;;;;No;;;;;0;;;;;;;;;;;;;;;;;;;;;;;;;;0;;;;;;;;;;;;;;;;;;;;;;;;1;Neutral;"Un chat en la plataforma;Por llamada telefónica;Por chat con asesor mediante Whatsapp";5;[4, 6)
2025-05-17;Acepto.;16-17;Colombia;Ventaquemada (Boyacá);Femenino.;2;Estudiante de secundaria;Secundaria media;Únicamente entre semana.;Buses municipales;Por estudio;1;0;;;;;;;No;;;No;;;;No;;;;;0;;;;;;;;;;;;;;;;;;;;;;;;;;0;;;;;;;;;;;;;;;;;;;;;;;;1;MuyImprobable;Con un chatbot (Sea por plataforma, Whatsapp, u otro medio.);9;[8, 10)
2025-05-17;Acepto.;16-17;Colombia;Ventaquemada (Boyacá);Femenino.;1;Estudiante de secundaria;Secundaria media;Únicamente entre semana.;;Por estudio;0;0;;;;;;;No;;;No;;;;No;;;;;0;;;;;;;;;;;;;;;;;;;;;;;;;;0;;;;;;;;;;;;;;;;;;;;;;;;1;Neutral;Por llamada telefónica;13;[12, 14)
2025-05-17;Acepto.;18-25;Ecuador;Riobamba (Ecuador);Femenino.;1;"Universitario;Desempleado";Pregrado;Rara vez.;Taxis;Por compromisos personales o familiares;1;0;;;;;;;No;"Mayor flexibilidad en horarios;Diversidad de vehículos para rentar / arrendar";"Posibles daños o mal uso del vehículo rentado;Posible uso de vehículos para fines no autorizados";No;;;;No;;;;;0;;;;;;;;;;;;;;;;;;;;;;;;;;0;;;;;;;;;;;;;;;;;;;;;;;;1;Neutral;Por chat con asesor mediante Whatsapp;4;[4, 6)
2025-05-17;Acepto.;26-35;Colombia;Medellín (Antioquia);Masculino.;4;Empleado;Especialización / Diplomado;Únicamente entre semana.;"Buses municipales;SITP";Por trabajo;0;0;;;;;;;Sí;"Experiencia de negocio más personalizada;Promueve la economía colaborativa";"Falta de regulación por parte de entidades oficiales;Desconfianza frente a clientes / personas desconocidas";No;;;;No;;;;;1;"horas;semana";🟡Prioridad Media🟡;🟡Prioridad Media🟡;🟡Prioridad Media🟡;🟡Prioridad Media🟡;🟡Prioridad Media🟡;🟡Prioridad Media🟡;🟡Prioridad Media🟡;🟢Prioridad Baja🟢;🟡Prioridad Media🟡;🟡Prioridad Media🟡;🟡Prioridad Media🟡;🟢Prioridad Baja🟢;;"Pueda configurar qué tipo de solicitudes quiero recibir, para luego aceptarlas o denegarlas.;Pueda confiar en la plataforma para que me consulten, o ellos mismos acepten y denieguen un servicio que me solicitan.;Reciba solicitudes y pueda aceptarlas o denegarlas.;";"Entre $15.000 a $30.000 la hora.;";"Entre $150.000 a $200.000 el día.;";Por transacción bancaria inmediata, una vez aprobado el servicio por mí y el cliente;🟡Prioridad Media🟡;🟡Prioridad Media🟡;🟡Prioridad Media🟡;🟢Prioridad Baja🟢;🟡Prioridad Media🟡;;"Preferiría pagar una suscripción mensual.;";1;dias;🟡Prioridad Media🟡;🟡Prioridad Media🟡;🟢Prioridad Baja🟢;🟢Prioridad Baja🟢;🟡Prioridad Media🟡;🟢Prioridad Baja🟢;🟡Prioridad Media🟡;🟡Prioridad Media🟡;🟡Prioridad Media🟡;🟢Prioridad Baja🟢;;"Entre $15.000 a $30.000 la hora.;Entre $30.000 a $50.000 la hora.;";"Entre $100.000 a $150.000 el día.;Entre $150.000 a $200.000 el día.;";🟡Prioridad Media🟡;🔴Prioridad Alta🔴;🔴Prioridad Alta🔴;🔴Prioridad Alta🔴;🔴Prioridad Alta🔴;🔴Prioridad Alta🔴;🔴Prioridad Alta🔴;🔴Prioridad Alta🔴;;1;Probable;"Por correo electrónico;Un chat en la plataforma";4;[4, 6)
2025-05-17;Acepto.;18-25;Ecuador;El Carmen (Norte De Santander);Masculino.;3;"Universitario;Desempleado";Pregrado;Diariamente.;Buses municipales;"Por estudio;Por compromisos personales o familiares";1;0;;;;;;;Sí;"Experiencia de negocio más personalizada;Promueve la economía colaborativa";"Posibles daños o mal uso del vehículo rentado;Falta de regulación por parte de entidades oficiales";No;;;;No;;;;;0;;;;;;;;;;;;;;;;;;;;;;;;;;0;;;;;;;;;;;;;;;;;;;;;;;;1;Neutral;Por chat con asesor mediante Whatsapp;4;[4, 6)
2025-05-17;Acepto.;18-25;Guatemala;Ciudad de Guatemala (Guatemala);Masculino.;2;Universitario;Especialización / Diplomado;Únicamente entre semana.;Buses municipales;Por estudio;0;0;;;;;;;No;Aprovechamiento de vehículos particulares inactivos;Desconfianza frente a clientes / personas desconocidas;No;;;;No;;;;;1;semana;🔴Prioridad Alta🔴;🔴Prioridad Alta🔴;🔴Prioridad Alta🔴;🔴Prioridad Alta🔴;🔴Prioridad Alta🔴;🔴Prioridad Alta🔴;🔴Prioridad Alta🔴;🔴Prioridad Alta🔴;🟡Prioridad Media🟡;🔴Prioridad Alta🔴;🔴Prioridad Alta🔴;🔴Prioridad Alta🔴;;"Reciba solicitudes y pueda aceptarlas o denegarlas.;";"No me encuentro interesado en rentar por horas.;";"Entre $150.000 a $200.000 el día.;";Por transacción bancaria inmediata, una vez aprobado el servicio por mí y el cliente;🟡Prioridad Media🟡;🔴Prioridad Alta🔴;🔴Prioridad Alta🔴;🔴Prioridad Alta🔴;🔴Prioridad Alta🔴;;"Preferiría pagar una suscripción mensual.;Aceptaría pagar una comisión del 4% al 9% por servicio.;";1;dias;🔴Prioridad Alta🔴;🔴Prioridad Alta🔴;🔴Prioridad Alta🔴;🔴Prioridad Alta🔴;🔴Prioridad Alta🔴;🔴Prioridad Alta🔴;🔴Prioridad Alta🔴;🔴Prioridad Alta🔴;🔴Prioridad Alta🔴;🔴Prioridad Alta🔴;;"No me encuentro interesado en rentar por horas.;";"Entre $150.000 a $200.000 el día.;";🔴Prioridad Alta🔴;🔴Prioridad Alta🔴;🔴Prioridad Alta🔴;🔴Prioridad Alta🔴;🔴Prioridad Alta🔴;🔴Prioridad Alta🔴;🔴Prioridad Alta🔴;🔴Prioridad Alta🔴;;1;Neutral;Un chat en la plataforma;9;[8, 10)
2025-05-17;Acepto.;18-25;Honduras;Catacamas (Honduras);Masculino.;3;Universitario;Pregrado;Únicamente los fines de semana.;Buses municipales;Por estudio;0;0;;;;;;;No;"Mayor flexibilidad en horarios;Posibilidad de generar ingresos como propietario del vehículo;Promueve la economía colaborativa";"Posibles daños o mal uso del vehículo rentado;Desconfianza frente a clientes / personas desconocidas;Falta de regulación por parte de entidades oficiales;Posible uso de vehículos para fines no autorizados;Falta de control en la entrega o devolución del vehículo";No;;;;No;;;;;0;;;;;;;;;;;;;;;;;;;;;;;;;;1;horas;🔴Prioridad Alta🔴;🔴Prioridad Alta🔴;🟡Prioridad Media🟡;🔴Prioridad Alta🔴;🔴Prioridad Alta🔴;🔴Prioridad Alta🔴;🔴Prioridad Alta🔴;🟡Prioridad Media🟡;🟡Prioridad Media🟡;🟡Prioridad Media🟡;;"Entre $15.000 a $30.000 la hora.;";"No me encuentro interesado en rentar por días.;";🔴Prioridad Alta🔴;🟢Prioridad Baja🟢;🟡Prioridad Media🟡;🟡Prioridad Media🟡;🟡Prioridad Media🟡;🔴Prioridad Alta🔴;🔴Prioridad Alta🔴;🔴Prioridad Alta🔴;;1;Neutral;"Un chat en la plataforma;Por llamada telefónica;Por correo electrónico";5;[4, 6)
2025-05-17;Acepto.;18-25;Colombia;Barbosa (Santander);Masculino.;3;"Universitario;Empleado";Especialización / Diplomado;Únicamente entre semana.;Taxis;Por trabajo;1;0;;;;;;;No;"Posibilidad de generar ingresos como propietario del vehículo;Aprovechamiento de vehículos particulares inactivos";"Posibles daños o mal uso del vehículo rentado;Desconfianza frente a clientes / personas desconocidas;Falta de regulación por parte de entidades oficiales;Posible uso de vehículos para fines no autorizados;Falta de control en la entrega o devolución del vehículo";No;;;;No;;;;;0;;;;;;;;;;;;;;;;;;;;;;;;;;1;"meses;dias;semanas";🔴Prioridad Alta🔴;🔴Prioridad Alta🔴;🔴Prioridad Alta🔴;🔴Prioridad Alta🔴;🔴Prioridad Alta🔴;🔴Prioridad Alta🔴;🔴Prioridad Alta🔴;🔴Prioridad Alta🔴;🔴Prioridad Alta🔴;🔴Prioridad Alta🔴;;"No me encuentro interesado en rentar por horas.;";"Entre $150.000 a $200.000 el día.;";🔴Prioridad Alta🔴;🔴Prioridad Alta🔴;🔴Prioridad Alta🔴;🔴Prioridad Alta🔴;🔴Prioridad Alta🔴;🔴Prioridad Alta🔴;🔴Prioridad Alta🔴;🔴Prioridad Alta🔴;;1;Probable;"Un chat en la plataforma;Por correo electrónico;Por llamada telefónica;Por chat con asesor mediante Whatsapp;Con un chatbot (Sea por plataforma, Whatsapp, u otro medio.)";16;[16, 18)
2025-05-17;Acepto.;16-17;Colombia;Ventaquemada (Boyacá);Masculino.;3;Estudiante de secundaria;Secundaria media;Rara vez.;SITP;Por estudio;0;0;;;;;;;No;Aprovechamiento de vehículos particulares inactivos;Posibles daños o mal uso del vehículo rentado;No;;;;No;;;;;0;;;;;;;;;;;;;;;;;;;;;;;;;;0;;;;;;;;;;;;;;;;;;;;;;;;1;MuyProbable;"Un chat en la plataforma;Con un chatbot (Sea por plataforma, Whatsapp, u otro medio.)";13;[12, 14)
2025-05-17;Acepto.;16-17;Colombia;Ventaquemada (Boyacá);Masculino.;3;Estudiante de secundaria;Secundaria media;Únicamente entre semana.;Buses intermunicipales;Por estudio;0;1;Diariamente.;Único;Ocasionalmente;BiciCov;;;No;Mayor flexibilidad en horarios;Falta de control en la entrega o devolución del vehículo;No;;;;No;;;;;0;;;;;;;;;;;;;;;;;;;;;;;;;;0;;;;;;;;;;;;;;;;;;;;;;;;0;Neutral;Un chat en la plataforma;0;[0, 2)
2025-05-18;Acepto.;46-55;Colombia;Sogamoso (Boyacá);Femenino.;3;Empleado;Especialización / Diplomado;Rara vez.;Buses municipales;Por compromisos personales o familiares;2;1;Diariamente.;Único;Ocasionalmente;Auto;;;Sí;Promueve la economía colaborativa;Posibles daños o mal uso del vehículo rentado;No;;;;No;;;;;1;horas;🔴Prioridad Alta🔴;🔴Prioridad Alta🔴;🔴Prioridad Alta🔴;🔴Prioridad Alta🔴;🔴Prioridad Alta🔴;🔴Prioridad Alta🔴;🔴Prioridad Alta🔴;🔴Prioridad Alta🔴;🔴Prioridad Alta🔴;🔴Prioridad Alta🔴;🔴Prioridad Alta🔴;🔴Prioridad Alta🔴;;"Pueda configurar qué tipo de solicitudes quiero recibir, para luego aceptarlas o denegarlas.;Pueda confiar en la plataforma para que me consulten, o ellos mismos acepten y denieguen un servicio que me solicitan.;";"Entre $30.000 a $50.000 la hora.;";"No me encuentro interesado en rentar por días.;";En efectivo, antes de entregar el vehículo al cliente;🔴Prioridad Alta🔴;🔴Prioridad Alta🔴;🔴Prioridad Alta🔴;🔴Prioridad Alta🔴;🟡Prioridad Media🟡;;"Preferiría pagar una suscripción mensual.;";1;horas;🔴Prioridad Alta🔴;🔴Prioridad Alta🔴;🔴Prioridad Alta🔴;🔴Prioridad Alta🔴;🔴Prioridad Alta🔴;🔴Prioridad Alta🔴;🔴Prioridad Alta🔴;🔴Prioridad Alta🔴;🔴Prioridad Alta🔴;🔴Prioridad Alta🔴;;"Entre $30.000 a $50.000 la hora.;";"No me encuentro interesado en rentar por días.;";🔴Prioridad Alta🔴;🔴Prioridad Alta🔴;🔴Prioridad Alta🔴;🔴Prioridad Alta🔴;🔴Prioridad Alta🔴;🔴Prioridad Alta🔴;🔴Prioridad Alta🔴;🔴Prioridad Alta🔴;;1;Probable;Por chat con asesor mediante Whatsapp;32;[32, 34)
2025-05-18;Acepto.;56-65;Colombia;Tunja (Boyacá);Femenino.;3;Empleado;Secundaria media;Únicamente los fines de semana.;Buses municipales;Por compromisos personales o familiares;2;1;Muy rara vez.;Único;No;Auto;;;No;Promueve la economía colaborativa;"Posibles daños o mal uso del vehículo rentado;Desconfianza frente a clientes / personas desconocidas;Posible uso de vehículos para fines no autorizados";No;;;;No;;;;;1;dispersonal;🔴Prioridad Alta🔴;🔴Prioridad Alta🔴;🔴Prioridad Alta🔴;🔴Prioridad Alta🔴;🔴Prioridad Alta🔴;🔴Prioridad Alta🔴;🔴Prioridad Alta🔴;🔴Prioridad Alta🔴;🔴Prioridad Alta🔴;🔴Prioridad Alta🔴;🔴Prioridad Alta🔴;🔴Prioridad Alta🔴;;"Pueda confiar en la plataforma para que me consulten, o ellos mismos acepten y denieguen un servicio que me solicitan.;";"Entre $30.000 a $50.000 la hora.;";"No me encuentro interesado en rentar por días.;";RESPUESTA INVÁLIDA - REVISAR;🔴Prioridad Alta🔴;🔴Prioridad Alta🔴;🔴Prioridad Alta🔴;🔴Prioridad Alta🔴;🔴Prioridad Alta🔴;;"No estaría interesado en pagar comisión alguna.;";1;dias;🔴Prioridad Alta🔴;🔴Prioridad Alta🔴;🔴Prioridad Alta🔴;🔴Prioridad Alta🔴;🔴Prioridad Alta🔴;🔴Prioridad Alta🔴;🔴Prioridad Alta🔴;🔴Prioridad Alta🔴;🔴Prioridad Alta🔴;🔴Prioridad Alta🔴;;"No me encuentro interesado en rentar por horas.;";"Entre $100.000 a $150.000 el día.;";🔴Prioridad Alta🔴;🔴Prioridad Alta🔴;🔴Prioridad Alta🔴;🔴Prioridad Alta🔴;🔴Prioridad Alta🔴;🔴Prioridad Alta🔴;🔴Prioridad Alta🔴;🔴Prioridad Alta🔴;;1;Probable;Un chat en la plataforma;11;[10, 12)
2025-05-18;Acepto.;18-25;Colombia;Tunja (Boyacá);Masculino.;3;Universitario;Pregrado;Diariamente.;Buses municipales;Por estudio;2;0;;;;;;;No;"Mayor flexibilidad en horarios;Diversidad de vehículos para rentar / arrendar";Posibles daños o mal uso del vehículo rentado;No;;;;No;;;;;1;dias;🔴Prioridad Alta🔴;🔴Prioridad Alta🔴;🔴Prioridad Alta🔴;🔴Prioridad Alta🔴;🔴Prioridad Alta🔴;🔴Prioridad Alta🔴;🟡Prioridad Media🟡;🟡Prioridad Media🟡;🟡Prioridad Media🟡;🟡Prioridad Media🟡;🔴Prioridad Alta🔴;🔴Prioridad Alta🔴;;"Pueda confiar en la plataforma para que me consulten, o ellos mismos acepten y denieguen un servicio que me solicitan.;";"No me encuentro interesado en rentar por horas.;Entre $30.000 a $50.000 la hora.;";"Entre $150.000 a $200.000 el día.;";Por transacción bancaria inmediata, una vez aprobado el servicio por mí y el cliente;🟢Prioridad Baja🟢;🔴Prioridad Alta🔴;🟡Prioridad Media🟡;🟡Prioridad Media🟡;🟢Prioridad Baja🟢;;"No estaría interesado en pagar comisión alguna.;";1;"dias;horas";🔴Prioridad Alta🔴;🔴Prioridad Alta🔴;🔴Prioridad Alta🔴;🔴Prioridad Alta🔴;🔴Prioridad Alta🔴;🔴Prioridad Alta🔴;🟡Prioridad Media🟡;🟡Prioridad Media🟡;🟡Prioridad Media🟡;🟡Prioridad Media🟡;;"Entre $15.000 a $30.000 la hora.;Entre $30.000 a $50.000 la hora.;";"Entre $100.000 a $150.000 el día.;";🟡Prioridad Media🟡;🟡Prioridad Media🟡;🔴Prioridad Alta🔴;🟡Prioridad Media🟡;🟡Prioridad Media🟡;🔴Prioridad Alta🔴;🔴Prioridad Alta🔴;🔴Prioridad Alta🔴;;1;MuyProbable;"Un chat en la plataforma;Por llamada telefónica";13;[12, 14)
2025-05-18;Acepto.;18-25;Colombia;Tunja (Boyacá);Femenino.;2;Universitario;Pregrado;Únicamente entre semana.;Buses municipales;Por estudio;1;0;;;;;;;Sí;Aprovechamiento de vehículos particulares inactivos;"Posibles daños o mal uso del vehículo rentado;Posible uso de vehículos para fines no autorizados";No;;;;No;;;;;0;;;;;;;;;;;;;;;;;;;;;;;;;;0;;;;;;;;;;;;;;;;;;;;;;;;1;Neutral;Por chat con asesor mediante Whatsapp;2;[2, 4)
2025-05-18;Acepto.;56-65;Colombia;Sogamoso (Boyacá);Femenino.;3;Desempleado;Técnico / Tecnológico;Rara vez.;Buses municipales;Por compromisos personales o familiares;0;1;Muy rara vez.;Único;Sí;Auto;;;No;"Mejor negociación en condiciones de arriendo;Promueve la economía colaborativa";Posibles daños o mal uso del vehículo rentado;No;;;;No;;;;;0;;;;;;;;;;;;;;;;;;;;;;;;;;0;;;;;;;;;;;;;;;;;;;;;;;;1;Probable;"Por llamada telefónica;Con un chatbot (Sea por plataforma, Whatsapp, u otro medio.);Por chat con asesor mediante Whatsapp";5;[4, 6)
2025-05-18;Acepto.;56-65;Colombia;Sogamoso (Boyacá);Femenino.;2;Empleado;Técnico / Tecnológico;Diariamente.;Buses municipales;Por trabajo;1;0;;;;;;;Sí;Mayor flexibilidad en horarios;Posibles daños o mal uso del vehículo rentado;No;;;;No;;;;;1;dias;🔴Prioridad Alta🔴;🔴Prioridad Alta🔴;🔴Prioridad Alta🔴;🔴Prioridad Alta🔴;🔴Prioridad Alta🔴;🔴Prioridad Alta🔴;🔴Prioridad Alta🔴;🔴Prioridad Alta🔴;🔴Prioridad Alta🔴;🔴Prioridad Alta🔴;🔴Prioridad Alta🔴;🔴Prioridad Alta🔴;;"Pueda confiar en la plataforma para que me consulten, o ellos mismos acepten y denieguen un servicio que me solicitan.;";"No me encuentro interesado en rentar por horas.;";"Entre $100.000 a $150.000 el día.;";Un respaldo con un pagaré automatizado por transferencia bancaria al finalizar el servicio por medio de Flex Drive;🔴Prioridad Alta🔴;🔴Prioridad Alta🔴;🔴Prioridad Alta🔴;🔴Prioridad Alta🔴;🔴Prioridad Alta🔴;;"No estaría interesado en pagar comisión alguna.;";1;dias;🔴Prioridad Alta🔴;🔴Prioridad Alta🔴;🔴Prioridad Alta🔴;🔴Prioridad Alta🔴;🔴Prioridad Alta🔴;🔴Prioridad Alta🔴;🔴Prioridad Alta🔴;🔴Prioridad Alta🔴;🔴Prioridad Alta🔴;🔴Prioridad Alta🔴;Revisar 49H;"Entre $15.000 a $30.000 la hora.;";"Entre $100.000 a $150.000 el día.;";🔴Prioridad Alta🔴;🔴Prioridad Alta🔴;🔴Prioridad Alta🔴;🔴Prioridad Alta🔴;🔴Prioridad Alta🔴;🔴Prioridad Alta🔴;🔴Prioridad Alta🔴;🔴Prioridad Alta🔴;;1;MuyProbable;Un chat en la plataforma;10;[10, 12)
2025-05-18;Acepto.;56-65;Colombia;Sogamoso (Boyacá);Femenino.;2;Empleado;Secundaria media;Diariamente.;"Taxis;Buses municipales;Buses intermunicipales;SITP";"Por trabajo;Por compromisos personales o familiares";0;0;;;;;;;Sí;Promueve la economía colaborativa;Falta de regulación por parte de entidades oficiales;No;;;;No;;;;;0;;;;;;;;;;;;;;;;;;;;;;;;;;0;;;;;;;;;;;;;;;;;;;;;;;;1;MuyProbable;Por chat con asesor mediante Whatsapp;7;[6, 8)
2025-05-18;Acepto.;16-17;Colombia;Sogamoso (Boyacá);Masculino.;2;Freelancer;Primaria;Únicamente entre semana.;Buses intermunicipales;Por estudio;1;0;;;;;;;No;Aprovechamiento de vehículos particulares inactivos;Falta de regulación por parte de entidades oficiales;No;;;;No;;;;;1;dias;🔴Prioridad Alta🔴;🟡Prioridad Media🟡;🟡Prioridad Media🟡;🔴Prioridad Alta🔴;🔴Prioridad Alta🔴;🔴Prioridad Alta🔴;🟡Prioridad Media🟡;🔴Prioridad Alta🔴;🟡Prioridad Media🟡;🔴Prioridad Alta🔴;🔴Prioridad Alta🔴;🔴Prioridad Alta🔴;;"Pueda configurar qué tipo de solicitudes quiero recibir, para luego aceptarlas o denegarlas.;";"Entre $30.000 a $50.000 la hora.;";"Entre $100.000 a $150.000 el día.;";Por transacción bancaria inmediata, una vez aprobado el servicio por mí y el cliente;🔴Prioridad Alta🔴;🟡Prioridad Media🟡;🔴Prioridad Alta🔴;🟡Prioridad Media🟡;🟡Prioridad Media🟡;;"Aceptaría pagar una comisión del 4% al 9% por servicio.;";1;dias;🟡Prioridad Media🟡;🟡Prioridad Media🟡;🔴Prioridad Alta🔴;🔴Prioridad Alta🔴;🔴Prioridad Alta🔴;🟡Prioridad Media🟡;🔴Prioridad Alta🔴;🟡Prioridad Media🟡;🟡Prioridad Media🟡;🔴Prioridad Alta🔴;;"Entre $50.000 a $80.000 la hora.;";"Entre $100.000 a $150.000 el día.;";🟡Prioridad Media🟡;🔴Prioridad Alta🔴;🟡Prioridad Media🟡;🔴Prioridad Alta🔴;🔴Prioridad Alta🔴;🔴Prioridad Alta🔴;🔴Prioridad Alta🔴;🟡Prioridad Media🟡;;1;Probable;Por correo electrónico;3;[2, 4)
2025-05-18;Acepto.;56-65;Colombia;Sogamoso (Boyacá);Femenino.;4;Universitario;Técnico / Tecnológico;Diariamente.;Buses municipales;Por trabajo;2;0;;;;;;;Sí;"Mayor flexibilidad en horarios;Diversidad de vehículos para rentar / arrendar";"Posibles daños o mal uso del vehículo rentado;Posible uso de vehículos para fines no autorizados";No;;;;No;;;;;1;"horas;dias;findesemana";🔴Prioridad Alta🔴;🔴Prioridad Alta🔴;🔴Prioridad Alta🔴;🔴Prioridad Alta🔴;🔴Prioridad Alta🔴;🔴Prioridad Alta🔴;🔴Prioridad Alta🔴;🔴Prioridad Alta🔴;🔴Prioridad Alta🔴;🔴Prioridad Alta🔴;🔴Prioridad Alta🔴;🔴Prioridad Alta🔴;;"Reciba solicitudes y pueda aceptarlas o denegarlas.;";"Entre $15.000 a $30.000 la hora.;";"Entre $150.000 a $200.000 el día.;";"En efectivo, antes de entregar el vehículo al cliente;En efectivo, cuando el cliente devuelve el vehículo";🔴Prioridad Alta🔴;🔴Prioridad Alta🔴;🔴Prioridad Alta🔴;🔴Prioridad Alta🔴;🔴Prioridad Alta🔴;;"No estaría interesado en pagar comisión alguna.;Aceptaría pagar una comisión del 4% al 9% por servicio.;Aceptaría pagar una comisión del 10% al 14% por servicio.;";1;"horas;dias;semanas";🔴Prioridad Alta🔴;🔴Prioridad Alta🔴;🔴Prioridad Alta🔴;🔴Prioridad Alta🔴;🔴Prioridad Alta🔴;🔴Prioridad Alta🔴;🔴Prioridad Alta🔴;🔴Prioridad Alta🔴;🔴Prioridad Alta🔴;🔴Prioridad Alta🔴;;"Entre $15.000 a $30.000 la hora.;No me encuentro interesado en rentar por horas.;Entre $30.000 a $50.000 la hora.;";"Entre $100.000 a $150.000 el día.;Entre $150.000 a $200.000 el día.;";🔴Prioridad Alta🔴;🔴Prioridad Alta🔴;🔴Prioridad Alta🔴;🔴Prioridad Alta🔴;🔴Prioridad Alta🔴;🔴Prioridad Alta🔴;🔴Prioridad Alta🔴;🔴Prioridad Alta🔴;;1;MuyProbable;"Un chat en la plataforma;Por llamada telefónica";11;[10, 12)
2025-05-18;Acepto.;26-35;Colombia;Sogamoso (Boyacá);Masculino.;3;Empleado;Técnico / Tecnológico;Rara vez.;Buses intermunicipales;Por trabajo;2;1;Diariamente.;Varios;;;no;"Moto;Auto";No;Mayor flexibilidad en horarios;Posibles daños o mal uso del vehículo rentado;No;;;;No;;;;;1;"dispersonal;dias";🔴Prioridad Alta🔴;🔴Prioridad Alta🔴;🔴Prioridad Alta🔴;🔴Prioridad Alta🔴;🔴Prioridad Alta🔴;🔴Prioridad Alta🔴;🔴Prioridad Alta🔴;🔴Prioridad Alta🔴;🔴Prioridad Alta🔴;🔴Prioridad Alta🔴;🔴Prioridad Alta🔴;🔴Prioridad Alta🔴;;"Reciba solicitudes y pueda aceptarlas o denegarlas.;";"Entre $30.000 a $50.000 la hora.;";"Entre $150.000 a $200.000 el día.;";Por transacción bancaria inmediata, una vez aprobado el servicio por mí y el cliente;🔴Prioridad Alta🔴;🔴Prioridad Alta🔴;🔴Prioridad Alta🔴;🔴Prioridad Alta🔴;🔴Prioridad Alta🔴;;"Aceptaría pagar una comisión del 4% al 9% por servicio.;";1;"horas;dias;semanas;meses;exclusividad_propietario";🔴Prioridad Alta🔴;🔴Prioridad Alta🔴;🔴Prioridad Alta🔴;🔴Prioridad Alta🔴;🔴Prioridad Alta🔴;🔴Prioridad Alta🔴;🔴Prioridad Alta🔴;🔴Prioridad Alta🔴;🔴Prioridad Alta🔴;🔴Prioridad Alta🔴;;"Entre $30.000 a $50.000 la hora.;";"Entre $150.000 a $200.000 el día.;";🔴Prioridad Alta🔴;🟢Prioridad Baja🟢;🔴Prioridad Alta🔴;🔴Prioridad Alta🔴;🔴Prioridad Alta🔴;🔴Prioridad Alta🔴;🔴Prioridad Alta🔴;🔴Prioridad Alta🔴;;1;MuyProbable;"Un chat en la plataforma;Por correo electrónico;Por llamada telefónica;Por chat con asesor mediante Whatsapp";10;[10, 12)
2025-05-18;Acepto.;56-65;Colombia;Bogotá D.C.;Femenino.;4;Pensionado;Técnico / Tecnológico;Rara vez.;SITP;Por compromisos personales o familiares;1;1;Muy rara vez.;Único;Ocasionalmente;Auto;;;No;;;No;;;;No;;;;;0;;;;;;;;;;;;;;;;;;;;;;;;;;0;;;;;;;;;;;;;;;;;;;;;;;;1;MuyImprobable;Por correo electrónico;11;[10, 12)
2025-05-18;Acepto.;36-45;Colombia;Bogotá D.C.;Femenino.;4;Empleado;Técnico / Tecnológico;Diariamente.;"Taxis;SITP";"Por trabajo;Por compromisos personales o familiares";1;1;Solo durante fines de semana.;Único;Ocasionalmente;Auto;;;No;Promueve la economía colaborativa;Posibles daños o mal uso del vehículo rentado;No;;;;No;;;;;0;;;;;;;;;;;;;;;;;;;;;;;;;;0;;;;;;;;;;;;;;;;;;;;;;;;0;Improbable;Por correo electrónico;7;[6, 8)
2025-05-18;Acepto.;18-25;Colombia;Sogamoso (Boyacá);Masculino.;2;Freelancer;Especialización / Diplomado;Rara vez.;"Buses municipales;Buses intermunicipales;SITP";"Por compromisos personales o familiares;Por trabajo;Por estudio";2;1;Diariamente.;Único;Sí;Auto;;;Sí;;;No;;;;No;;;;;1;dias;🔴Prioridad Alta🔴;🟡Prioridad Media🟡;🔴Prioridad Alta🔴;🔴Prioridad Alta🔴;🔴Prioridad Alta🔴;🟡Prioridad Media🟡;🔴Prioridad Alta🔴;🔴Prioridad Alta🔴;🔴Prioridad Alta🔴;🟡Prioridad Media🟡;🔴Prioridad Alta🔴;🔴Prioridad Alta🔴;;"Pueda configurar qué tipo de solicitudes quiero recibir, para luego aceptarlas o denegarlas.;Pueda confiar en la plataforma para que me consulten, o ellos mismos acepten y denieguen un servicio que me solicitan.;";"Entre $15.000 a $30.000 la hora.;";"Entre $100.000 a $150.000 el día.;";"En efectivo, antes de entregar el vehículo al cliente;Por transacción bancaria inmediata, una vez aprobado el servicio por mí y el cliente";🟡Prioridad Media🟡;🔴Prioridad Alta🔴;🔴Prioridad Alta🔴;🔴Prioridad Alta🔴;🟡Prioridad Media🟡;;"No estaría interesado en pagar comisión alguna.;";1;"dias;horas";🔴Prioridad Alta🔴;🔴Prioridad Alta🔴;🔴Prioridad Alta🔴;🔴Prioridad Alta🔴;🔴Prioridad Alta🔴;🔴Prioridad Alta🔴;🔴Prioridad Alta🔴;🔴Prioridad Alta🔴;🔴Prioridad Alta🔴;🔴Prioridad Alta🔴;;"Entre $15.000 a $30.000 la hora.;";"Entre $100.000 a $150.000 el día.;";🔴Prioridad Alta🔴;🔴Prioridad Alta🔴;🔴Prioridad Alta🔴;🔴Prioridad Alta🔴;🔴Prioridad Alta🔴;🔴Prioridad Alta🔴;🔴Prioridad Alta🔴;🔴Prioridad Alta🔴;;1;MuyProbable;"Un chat en la plataforma;Por llamada telefónica;Por chat con asesor mediante Whatsapp;Por correo electrónico";18;[18, 20)
2025-05-18;Acepto.;18-25;Colombia;Tenjo (Cundinamarca);Femenino.;3;Universitario;Pregrado;Únicamente entre semana.;Buses municipales;Por estudio;2;0;;;;;;;Sí;"Mejor negociación en condiciones de arriendo;Diversidad de vehículos para rentar / arrendar;Experiencia de negocio más personalizada";"Posibles daños o mal uso del vehículo rentado;Desconfianza frente a clientes / personas desconocidas;Posible uso de vehículos para fines no autorizados;Falta de control en la entrega o devolución del vehículo";No;;;;No;;;;;0;;;;;;;;;;;;;;;;;;;;;;;;;;1;dias;🟡Prioridad Media🟡;🔴Prioridad Alta🔴;🔴Prioridad Alta🔴;🔴Prioridad Alta🔴;🔴Prioridad Alta🔴;🔴Prioridad Alta🔴;🔴Prioridad Alta🔴;🟡Prioridad Media🟡;🟡Prioridad Media🟡;🟡Prioridad Media🟡;Revisar 49G;"Entre $30.000 a $50.000 la hora.;";"Entre $200.000 a $250.000 el día.;";🟡Prioridad Media🟡;🔴Prioridad Alta🔴;🔴Prioridad Alta🔴;🔴Prioridad Alta🔴;🟡Prioridad Media🟡;🔴Prioridad Alta🔴;🔴Prioridad Alta🔴;🔴Prioridad Alta🔴;;1;Probable;"Un chat en la plataforma;Por chat con asesor mediante Whatsapp";12;[12, 14)
2025-05-18;Acepto.;18-25;Colombia;Sogamoso (Boyacá);Femenino.;3;Universitario;Pregrado;Únicamente entre semana.;"Buses municipales;Taxis;Buses intermunicipales";Por estudio;2;0;;;;;;;Sí;"Mejor negociación en condiciones de arriendo;Posibilidad de generar ingresos como propietario del vehículo;Diversidad de vehículos para rentar / arrendar";Posibles daños o mal uso del vehículo rentado;No;;;;No;;;;;0;;;;;;;;;;;;;;;;;;;;;;;;;;1;horas;🔴Prioridad Alta🔴;🟡Prioridad Media🟡;🟢Prioridad Baja🟢;🔴Prioridad Alta🔴;🟡Prioridad Media🟡;🟢Prioridad Baja🟢;🔴Prioridad Alta🔴;🟡Prioridad Media🟡;🟢Prioridad Baja🟢;🔴Prioridad Alta🔴;;"No me encuentro interesado en rentar por horas.;";"Entre $100.000 a $150.000 el día.;";🔴Prioridad Alta🔴;🔴Prioridad Alta🔴;🟡Prioridad Media🟡;🔴Prioridad Alta🔴;🔴Prioridad Alta🔴;🟡Prioridad Media🟡;🔴Prioridad Alta🔴;🟡Prioridad Media🟡;;1;MuyProbable;"Un chat en la plataforma;Por llamada telefónica;Por correo electrónico;Por chat con asesor mediante Whatsapp";14;[14, 16)
2025-05-18;Acepto.;18-25;Colombia;Tunja (Boyacá);Femenino.;4;Empleado;Pregrado;Únicamente entre semana.;Buses municipales;"Por trabajo;Por compromisos personales o familiares";0;0;;;;;;;Sí;Posibilidad de generar ingresos como propietario del vehículo;Falta de regulación por parte de entidades oficiales;No;;;;No;;;;;0;;;;;;;;;;;;;;;;;;;;;;;;;;0;;;;;;;;;;;;;;;;;;;;;;;;1;Neutral;Por correo electrónico;2;[2, 4)
2025-05-18;Acepto.;18-25;Colombia;Tunja (Boyacá);Femenino.;4;Empleado;Pregrado;Diariamente.;Buses municipales;Por trabajo;1;0;;;;;;;No;Diversidad de vehículos para rentar / arrendar;Falta de regulación por parte de entidades oficiales;No;;;;No;;;;;0;;;;;;;;;;;;;;;;;;;;;;;;;;0;;;;;;;;;;;;;;;;;;;;;;;;1;Probable;Por correo electrónico;1;[0, 2)
2025-05-18;Acepto.;18-25;Colombia;Bogotá D.C.;Femenino.;3;Universitario;Pregrado;Únicamente entre semana.;SITP;Por estudio;2;0;;;;;;;No;;"Posibles daños o mal uso del vehículo rentado;Desconfianza frente a clientes / personas desconocidas;Posible uso de vehículos para fines no autorizados";No;;;;No;;;;;1;"dias;dispersonal";🔴Prioridad Alta🔴;🔴Prioridad Alta🔴;🔴Prioridad Alta🔴;🔴Prioridad Alta🔴;🔴Prioridad Alta🔴;🔴Prioridad Alta🔴;🔴Prioridad Alta🔴;🔴Prioridad Alta🔴;🔴Prioridad Alta🔴;🔴Prioridad Alta🔴;🔴Prioridad Alta🔴;🔴Prioridad Alta🔴;;"Reciba solicitudes y pueda aceptarlas o denegarlas.;";"Entre $15.000 a $30.000 la hora.;";"Entre $100.000 a $150.000 el día.;";"Por transacción bancaria inmediata, una vez aprobado el servicio por mí y el cliente;Un respaldo con un pagaré automatizado por transferencia bancaria al finalizar el servicio por medio de Flex Drive";🔴Prioridad Alta🔴;🔴Prioridad Alta🔴;🟡Prioridad Media🟡;🔴Prioridad Alta🔴;🔴Prioridad Alta🔴;;"Preferiría pagar una suscripción mensual.;";1;dias;🔴Prioridad Alta🔴;🔴Prioridad Alta🔴;🔴Prioridad Alta🔴;🔴Prioridad Alta🔴;🟡Prioridad Media🟡;🟡Prioridad Media🟡;🔴Prioridad Alta🔴;🔴Prioridad Alta🔴;🔴Prioridad Alta🔴;🟡Prioridad Media🟡;;"Entre $15.000 a $30.000 la hora.;";"Entre $100.000 a $150.000 el día.;";🔴Prioridad Alta🔴;🟡Prioridad Media🟡;🟡Prioridad Media🟡;🔴Prioridad Alta🔴;🔴Prioridad Alta🔴;🔴Prioridad Alta🔴;🔴Prioridad Alta🔴;🔴Prioridad Alta🔴;;1;Probable;"Un chat en la plataforma;Por chat con asesor mediante Whatsapp;Con un chatbot (Sea por plataforma, Whatsapp, u otro medio.)";12;[12, 14)
2025-05-18;Acepto.;36-45;Colombia;Bogotá D.C.;Masculino.;5;"Estudiante de secundaria;Empleado";Primaria;Diariamente.;SITP;"Por trabajo;Por estudio";2;1;Solo entre semana laboral.;Varios;;;sí_prop;Moto;No;Experiencia de negocio más personalizada;Posibles daños o mal uso del vehículo rentado;Sí;"A través de una plataforma web.;";"Buen margen de ganancias.;";"Inseguridad o falta de protección frente a daños o mal uso.;";No;;;;;1;dias;🟢Prioridad Baja🟢;🟢Prioridad Baja🟢;🟢Prioridad Baja🟢;🟢Prioridad Baja🟢;🟢Prioridad Baja🟢;🟢Prioridad Baja🟢;🟢Prioridad Baja🟢;🟢Prioridad Baja🟢;🟢Prioridad Baja🟢;🟢Prioridad Baja🟢;🟢Prioridad Baja🟢;🟢Prioridad Baja🟢;;"Reciba solicitudes y pueda aceptarlas o denegarlas.;";"Entre $30.000 a $50.000 la hora.;";"Entre $100.000 a $150.000 el día.;";En efectivo, antes de entregar el vehículo al cliente;🟢Prioridad Baja🟢;🟡Prioridad Media🟡;🟢Prioridad Baja🟢;🟡Prioridad Media🟡;🟢Prioridad Baja🟢;;"No estaría interesado en pagar comisión alguna.;";0;;;;;;;;;;;;;;;;;;;;;;;;1;Probable;Por correo electrónico;4;[4, 6)
2025-05-18;Acepto.;46-55;Colombia;Bogotá D.C.;Masculino.;2;Freelancer;Pregrado;Rara vez.;SITP;Por compromisos personales o familiares;2;1;Diariamente.;Único;Ocasionalmente;Auto;;;No;"Diversidad de vehículos para rentar / arrendar;Aprovechamiento de vehículos particulares inactivos";"Posibles daños o mal uso del vehículo rentado;Desconfianza frente a clientes / personas desconocidas;Posible uso de vehículos para fines no autorizados;Falta de control en la entrega o devolución del vehículo";No;;;;No;;;;;0;;;;;;;;;;;;;;;;;;;;;;;;;;1;"horas;dias;semanas;meses";🟡Prioridad Media🟡;🔴Prioridad Alta🔴;🟡Prioridad Media🟡;🔴Prioridad Alta🔴;🟡Prioridad Media🟡;🔴Prioridad Alta🔴;🔴Prioridad Alta🔴;🔴Prioridad Alta🔴;🔴Prioridad Alta🔴;🟡Prioridad Media🟡;;"Entre $15.000 a $30.000 la hora.;";"Entre $100.000 a $150.000 el día.;";🟡Prioridad Media🟡;🟡Prioridad Media🟡;🟡Prioridad Media🟡;🔴Prioridad Alta🔴;🔴Prioridad Alta🔴;🔴Prioridad Alta🔴;🔴Prioridad Alta🔴;🔴Prioridad Alta🔴;;1;Neutral;Por chat con asesor mediante Whatsapp;14;[14, 16)
2025-05-19;Acepto.;26-35;Colombia;Sogamoso (Boyacá);Masculino.;3;Empleado;Especialización / Diplomado;Rara vez.;Buses intermunicipales;Por trabajo;2;1;Diariamente.;Único;No;Auto;;;No;"Aprovechamiento de vehículos particulares inactivos;Promueve la economía colaborativa";Posibles daños o mal uso del vehículo rentado;No;;;;Sí;En el exterior;Europcar;"Facilidad en el acceso al servicio.;Rapidez en los tiempos de respuesta.;Seguridad durante los procesos del servicio.;";;1;dias;🔴Prioridad Alta🔴;🔴Prioridad Alta🔴;🔴Prioridad Alta🔴;🔴Prioridad Alta🔴;🔴Prioridad Alta🔴;🟡Prioridad Media🟡;🟡Prioridad Media🟡;🟡Prioridad Media🟡;🟡Prioridad Media🟡;🟡Prioridad Media🟡;🟡Prioridad Media🟡;🟡Prioridad Media🟡;;"Reciba solicitudes y pueda aceptarlas o denegarlas.;";"Entre $15.000 a $30.000 la hora.;";"Entre $100.000 a $150.000 el día.;";En efectivo, antes de entregar el vehículo al cliente;🔴Prioridad Alta🔴;🔴Prioridad Alta🔴;🔴Prioridad Alta🔴;🔴Prioridad Alta🔴;🔴Prioridad Alta🔴;;"No estaría interesado en pagar comisión alguna.;";1;dias;🔴Prioridad Alta🔴;🔴Prioridad Alta🔴;🔴Prioridad Alta🔴;🔴Prioridad Alta🔴;🟡Prioridad Media🟡;🔴Prioridad Alta🔴;🔴Prioridad Alta🔴;🔴Prioridad Alta🔴;🔴Prioridad Alta🔴;🔴Prioridad Alta🔴;;"No me encuentro interesado en rentar por horas.;";"Entre $100.000 a $150.000 el día.;";🔴Prioridad Alta🔴;🔴Prioridad Alta🔴;🔴Prioridad Alta🔴;🔴Prioridad Alta🔴;🔴Prioridad Alta🔴;🔴Prioridad Alta🔴;🔴Prioridad Alta🔴;🔴Prioridad Alta🔴;;0;Probable;Por chat con asesor mediante Whatsapp;8;[8, 10)
2025-05-19;Acepto.;18-25;Colombia;Tunja (Boyacá);Masculino.;3;"Desempleado;Universitario";Técnico / Tecnológico;Únicamente los fines de semana.;Buses intermunicipales;Por estudio;1;0;;;;;;;No;"Posibilidad de generar ingresos como propietario del vehículo;Aprovechamiento de vehículos particulares inactivos";"Posibles daños o mal uso del vehículo rentado;Posible uso de vehículos para fines no autorizados";No;;;;No;;;;;0;;;;;;;;;;;;;;;;;;;;;;;;;;0;;;;;;;;;;;;;;;;;;;;;;;;1;Neutral;Un chat en la plataforma;1;[0, 2)
2025-05-19;Acepto.;18-25;Colombia;Tunja (Boyacá);Masculino.;2;Universitario;Técnico / Tecnológico;Diariamente.;"Buses municipales;Taxis";Por estudio;2;0;;;;;;;Sí;Mayor flexibilidad en horarios;Falta de control en la entrega o devolución del vehículo;No;;;;No;;;;;0;;;;;;;;;;;;;;;;;;;;;;;;;;0;;;;;;;;;;;;;;;;;;;;;;;;0;Neutral;Por llamada telefónica;1;[0, 2)
2025-05-19;Acepto.;18-25;Colombia;Tunja (Boyacá);Femenino.;3;Universitario;Pregrado;Diariamente.;"Buses municipales;Taxis";Por estudio;2;0;;;;;;;No;Mayor flexibilidad en horarios;Desconfianza frente a clientes / personas desconocidas;No;;;;No;;;;;1;findesemana;🔴Prioridad Alta🔴;🟡Prioridad Media🟡;🔴Prioridad Alta🔴;🔴Prioridad Alta🔴;🟡Prioridad Media🟡;🔴Prioridad Alta🔴;🔴Prioridad Alta🔴;🔴Prioridad Alta🔴;🔴Prioridad Alta🔴;🔴Prioridad Alta🔴;🔴Prioridad Alta🔴;🔴Prioridad Alta🔴;;"Pueda configurar qué tipo de solicitudes quiero recibir, para luego aceptarlas o denegarlas.;Pueda confiar en la plataforma para que me consulten, o ellos mismos acepten y denieguen un servicio que me solicitan.;";"Entre $15.000 a $30.000 la hora.;";"Entre $100.000 a $150.000 el día.;Entre $150.000 a $200.000 el día.;";En efectivo, antes de entregar el vehículo al cliente;🔴Prioridad Alta🔴;🔴Prioridad Alta🔴;🔴Prioridad Alta🔴;🔴Prioridad Alta🔴;🔴Prioridad Alta🔴;;"Preferiría pagar una suscripción mensual.;";1;"horas;dias;semanas";🔴Prioridad Alta🔴;🔴Prioridad Alta🔴;🔴Prioridad Alta🔴;🟡Prioridad Media🟡;🟡Prioridad Media🟡;🔴Prioridad Alta🔴;🔴Prioridad Alta🔴;🟡Prioridad Media🟡;🟡Prioridad Media🟡;🟡Prioridad Media🟡;;"Entre $30.000 a $50.000 la hora.;";"Entre $200.000 a $250.000 el día.;Entre $150.000 a $200.000 el día.;";🔴Prioridad Alta🔴;🟡Prioridad Media🟡;🔴Prioridad Alta🔴;🟡Prioridad Media🟡;🔴Prioridad Alta🔴;🟡Prioridad Media🟡;🔴Prioridad Alta🔴;🟡Prioridad Media🟡;;1;Probable;"Un chat en la plataforma;Por chat con asesor mediante Whatsapp";5;[4, 6)
2025-05-19;Acepto.;18-25;Colombia;Tunja (Boyacá);Masculino.;3;"Empleado;Universitario";Pregrado;Diariamente.;Buses municipales;"Por estudio;Por trabajo";2;0;;;;;;;No;"Posibilidad de generar ingresos como propietario del vehículo;Promueve la economía colaborativa";Posibles daños o mal uso del vehículo rentado;No;;;;No;;;;;1;dias;🔴Prioridad Alta🔴;🔴Prioridad Alta🔴;🔴Prioridad Alta🔴;🔴Prioridad Alta🔴;🟢Prioridad Baja🟢;🔴Prioridad Alta🔴;🔴Prioridad Alta🔴;🔴Prioridad Alta🔴;🔴Prioridad Alta🔴;🔴Prioridad Alta🔴;🟢Prioridad Baja🟢;🔴Prioridad Alta🔴;;"Reciba solicitudes y pueda aceptarlas o denegarlas.;";"Entre $15.000 a $30.000 la hora.;";"Desde $350.000 en adelante.;";Un respaldo con un pagaré automatizado por transferencia bancaria al finalizar el servicio por medio de Flex Drive;🔴Prioridad Alta🔴;🔴Prioridad Alta🔴;🔴Prioridad Alta🔴;🔴Prioridad Alta🔴;🔴Prioridad Alta🔴;;"No estaría interesado en pagar comisión alguna.;";1;horas;🔴Prioridad Alta🔴;🔴Prioridad Alta🔴;🔴Prioridad Alta🔴;🔴Prioridad Alta🔴;🔴Prioridad Alta🔴;🔴Prioridad Alta🔴;🔴Prioridad Alta🔴;🔴Prioridad Alta🔴;🔴Prioridad Alta🔴;🔴Prioridad Alta🔴;;"Entre $15.000 a $30.000 la hora.;";"Entre $100.000 a $150.000 el día.;";🔴Prioridad Alta🔴;🔴Prioridad Alta🔴;🔴Prioridad Alta🔴;🔴Prioridad Alta🔴;🔴Prioridad Alta🔴;🔴Prioridad Alta🔴;🔴Prioridad Alta🔴;🔴Prioridad Alta🔴;;1;MuyProbable;Un chat en la plataforma;3;[2, 4)
2025-05-19;Acepto.;18-25;Colombia;Tunja (Boyacá);Femenino.;3;Universitario;Pregrado;Diariamente.;"Buses intermunicipales;SITP";Por estudio;1;0;;;;;;;Sí;;"Posibles daños o mal uso del vehículo rentado;Posible uso de vehículos para fines no autorizados";No;;;;No;;;;;0;;;;;;;;;;;;;;;;;;;;;;;;;;0;;;;;;;;;;;;;;;;;;;;;;;;1;Probable;Un chat en la plataforma;51;[50, 52)
2025-05-19;Acepto.;18-25;Colombia;Tunja (Boyacá);Masculino.;4;"Estudiante de secundaria;Universitario;Empleado";Doctorado;Únicamente entre semana.;"Taxis;SITP";Por estudio;1;1;Diariamente.;Único;No;Camión;;;No;"Mayor flexibilidad en horarios;Diversidad de vehículos para rentar / arrendar";"Posibles daños o mal uso del vehículo rentado;Falta de control en la entrega o devolución del vehículo";No;;;;No;;;;;0;;;;;;;;;;;;;;;;;;;;;;;;;;0;;;;;;;;;;;;;;;;;;;;;;;;0;MuyImprobable;"Un chat en la plataforma;Por llamada telefónica;Por chat con asesor mediante Whatsapp";3;[2, 4)
2025-05-19;Acepto.;18-25;Colombia;Tunja (Boyacá);Masculino.;3;"Universitario;Empresario;Sábatico";Pregrado;Diariamente.;"Taxis;Buses municipales;Buses intermunicipales";"Por estudio;Por compromisos personales o familiares";1;0;;;;;;;No;"Aprovechamiento de vehículos particulares inactivos;Posibilidad de generar ingresos como propietario del vehículo;Diversidad de vehículos para rentar / arrendar";"Posibles daños o mal uso del vehículo rentado;Posible uso de vehículos para fines no autorizados;Desconfianza frente a clientes / personas desconocidas";Sí;"A través de una empresa o entidad presencial.;A través de una plataforma web.;";"Buen margen de ganancias.;Buena gestión por parte de la entidad sobre el vehículo.;";"Comunicación deficiente con el operador logístico.;Inseguridad o falta de protección frente a daños o mal uso.;Poca atención o soporte al usuario desde la plataforma o la entidad.;";No;;;;;1;horas;🔴Prioridad Alta🔴;🔴Prioridad Alta🔴;🔴Prioridad Alta🔴;🟡Prioridad Media🟡;🔴Prioridad Alta🔴;🔴Prioridad Alta🔴;🟡Prioridad Media🟡;🔴Prioridad Alta🔴;🟡Prioridad Media🟡;🟡Prioridad Media🟡;🔴Prioridad Alta🔴;🟡Prioridad Media🟡;;"Reciba solicitudes y pueda aceptarlas o denegarlas.;Pueda confiar en la plataforma para que me consulten, o ellos mismos acepten y denieguen un servicio que me solicitan.;";"Entre $15.000 a $30.000 la hora.;Entre $50.000 a $80.000 la hora.;";"Entre $100.000 a $150.000 el día.;Entre $250.000 a $350.000 el día.;Entre $200.000 a $250.000 el día.;";"En efectivo, antes de entregar el vehículo al cliente;Por transacción bancaria inmediata, al finalizar el servicio;Un respaldo con un pagaré automatizado por transferencia bancaria al finalizar el servicio por medio de Flex Drive";🔴Prioridad Alta🔴;🔴Prioridad Alta🔴;🔴Prioridad Alta🔴;🔴Prioridad Alta🔴;🔴Prioridad Alta🔴;;"No estaría interesado en pagar comisión alguna.;";1;horas;🔴Prioridad Alta🔴;🔴Prioridad Alta🔴;🔴Prioridad Alta🔴;🔴Prioridad Alta🔴;🔴Prioridad Alta🔴;🔴Prioridad Alta🔴;🔴Prioridad Alta🔴;🔴Prioridad Alta🔴;🔴Prioridad Alta🔴;🔴Prioridad Alta🔴;;"Entre $30.000 a $50.000 la hora.;Entre $50.000 a $80.000 la hora.;";"Entre $100.000 a $150.000 el día.;Entre $150.000 a $200.000 el día.;";🔴Prioridad Alta🔴;🔴Prioridad Alta🔴;🔴Prioridad Alta🔴;🔴Prioridad Alta🔴;🔴Prioridad Alta🔴;🔴Prioridad Alta🔴;🔴Prioridad Alta🔴;🔴Prioridad Alta🔴;;1;MuyProbable;"Un chat en la plataforma;Por llamada telefónica;Por correo electrónico";6;[6, 8)
2025-05-19;Acepto.;18-25;Colombia;Tunja (Boyacá);Masculino.;3;"Freelancer;Universitario";Pregrado;Únicamente entre semana.;SITP;Por estudio;1;0;;;;;;;No;"Mayor flexibilidad en horarios;Diversidad de vehículos para rentar / arrendar";Posible uso de vehículos para fines no autorizados;No;;;;No;;;;;0;;;;;;;;;;;;;;;;;;;;;;;;;;0;;;;;;;;;;;;;;;;;;;;;;;;0;MuyImprobable;"Por llamada telefónica;Por correo electrónico";2;[2, 4)
2025-05-19;Acepto.;16-17;Colombia;Tunja (Boyacá);Femenino.;5;Empresario;Pregrado;Diariamente.;Taxis;Por estudio;2;1;Solo entre semana laboral.;Único;Sí;Auto;;;Sí;Mayor flexibilidad en horarios;"Posibles daños o mal uso del vehículo rentado;Desconfianza frente a clientes / personas desconocidas;Falta de regulación por parte de entidades oficiales";No;;;;No;;;;;0;;;;;;;;;;;;;;;;;;;;;;;;;;0;;;;;;;;;;;;;;;;;;;;;;;;1;Improbable;"Un chat en la plataforma;Por chat con asesor mediante Whatsapp";4;[4, 6)
2025-05-19;Acepto.;18-25;Colombia;Tunja (Boyacá);Femenino.;4;Universitario;Secundaria media;Diariamente.;"Taxis;Buses municipales;Buses intermunicipales";Por estudio;2;1;Solo entre semana laboral.;Único;Sí;Auto;;;No;;;No;;;;No;;;;;0;;;;;;;;;;;;;;;;;;;;;;;;;;0;;;;;;;;;;;;;;;;;;;;;;;;0;MuyImprobable;"Por correo electrónico;Por llamada telefónica;Por chat con asesor mediante Whatsapp";2;[2, 4)
2025-05-19;Acepto.;18-25;Colombia;Cómbita (Boyacá);Femenino.;3;"Desempleado;Universitario";Pregrado;Únicamente entre semana.;"Buses municipales;Taxis";Por estudio;2;0;;;;;;;No;Promueve la economía colaborativa;"Falta de regulación por parte de entidades oficiales;Posible uso de vehículos para fines no autorizados;Falta de control en la entrega o devolución del vehículo;Desconfianza frente a clientes / personas desconocidas;Posibles daños o mal uso del vehículo rentado";No;;;;No;;;;;0;;;;;;;;;;;;;;;;;;;;;;;;;;0;;;;;;;;;;;;;;;;;;;;;;;;0;MuyImprobable;Por chat con asesor mediante Whatsapp;3;[2, 4)
2025-05-19;Acepto.;18-25;Colombia;Tunja (Boyacá);Femenino.;2;Universitario;Secundaria media;Únicamente entre semana.;Buses municipales;Por estudio;1;0;;;;;;;No;Posibilidad de generar ingresos como propietario del vehículo;"Posibles daños o mal uso del vehículo rentado;Desconfianza frente a clientes / personas desconocidas;Falta de regulación por parte de entidades oficiales;Posible uso de vehículos para fines no autorizados;Falta de control en la entrega o devolución del vehículo";No;;;;No;;;;;0;;;;;;;;;;;;;;;;;;;;;;;;;;0;;;;;;;;;;;;;;;;;;;;;;;;1;Improbable;Con un chatbot (Sea por plataforma, Whatsapp, u otro medio.);3;[2, 4)
2025-05-19;Acepto.;18-25;Colombia;Tunja (Boyacá);Masculino.;4;Universitario;Pregrado;Rara vez.;"Taxis;Buses municipales;Otro: Plataformas digitales de transporte (servicios privados)";"Por estudio;Por compromisos personales o familiares";2;0;;;;;;;No;;;No;;;;No;;;;;0;;;;;;;;;;;;;;;;;;;;;;;;;;1;dias;🔴Prioridad Alta🔴;🟡Prioridad Media🟡;🔴Prioridad Alta🔴;🔴Prioridad Alta🔴;🟡Prioridad Media🟡;🟡Prioridad Media🟡;🔴Prioridad Alta🔴;🟡Prioridad Media🟡;🟢Prioridad Baja🟢;🟡Prioridad Media🟡;;"Entre $50.000 a $80.000 la hora.;Desde $80.000 en adelante.;";"Entre $250.000 a $350.000 el día.;Desde $350.000 en adelante.;";🔴Prioridad Alta🔴;🟡Prioridad Media🟡;🟡Prioridad Media🟡;🔴Prioridad Alta🔴;🔴Prioridad Alta🔴;🟡Prioridad Media🟡;🔴Prioridad Alta🔴;🔴Prioridad Alta🔴;;1;Neutral;Con un chatbot (Sea por plataforma, Whatsapp, u otro medio.);5;[4, 6)
2025-05-19;Acepto.;18-25;Colombia;Tunja (Boyacá);Masculino.;4;Universitario;Pregrado;Diariamente.;"Buses municipales;Taxis";"Por estudio;Por compromisos personales o familiares";2;0;;;;;;;Sí;"Diversidad de vehículos para rentar / arrendar;Aprovechamiento de vehículos particulares inactivos";"Posibles daños o mal uso del vehículo rentado;Desconfianza frente a clientes / personas desconocidas;Posible uso de vehículos para fines no autorizados";No;;;;No;;;;;0;;;;;;;;;;;;;;;;;;;;;;;;;;1;"semanas;dias";🔴Prioridad Alta🔴;🔴Prioridad Alta🔴;🔴Prioridad Alta🔴;🔴Prioridad Alta🔴;🟡Prioridad Media🟡;🟢Prioridad Baja🟢;🟡Prioridad Media🟡;🟡Prioridad Media🟡;🟡Prioridad Media🟡;🟢Prioridad Baja🟢;;"Entre $30.000 a $50.000 la hora.;";"Entre $200.000 a $250.000 el día.;";🟡Prioridad Media🟡;🟡Prioridad Media🟡;🔴Prioridad Alta🔴;🟡Prioridad Media🟡;🟢Prioridad Baja🟢;🔴Prioridad Alta🔴;🔴Prioridad Alta🔴;🔴Prioridad Alta🔴;;1;Neutral;Un chat en la plataforma;7;[6, 8)
2025-05-19;Acepto.;18-25;Colombia;Tunja (Boyacá);Femenino.;3;Universitario;Secundaria media;Diariamente.;SITP;Por estudio;1;0;;;;;;;No;Mayor flexibilidad en horarios;Desconfianza frente a clientes / personas desconocidas;No;;;;No;;;;;1;dispersonal;🔴Prioridad Alta🔴;🔴Prioridad Alta🔴;🔴Prioridad Alta🔴;🔴Prioridad Alta🔴;🔴Prioridad Alta🔴;🔴Prioridad Alta🔴;🔴Prioridad Alta🔴;🔴Prioridad Alta🔴;🔴Prioridad Alta🔴;🔴Prioridad Alta🔴;🔴Prioridad Alta🔴;🔴Prioridad Alta🔴;;"Reciba solicitudes y pueda aceptarlas o denegarlas.;";"Entre $15.000 a $30.000 la hora.;";"Entre $100.000 a $150.000 el día.;";En efectivo, antes de entregar el vehículo al cliente;🔴Prioridad Alta🔴;🔴Prioridad Alta🔴;🔴Prioridad Alta🔴;🔴Prioridad Alta🔴;🔴Prioridad Alta🔴;;"No estaría interesado en pagar comisión alguna.;";1;dias;🔴Prioridad Alta🔴;🔴Prioridad Alta🔴;🔴Prioridad Alta🔴;🔴Prioridad Alta🔴;🔴Prioridad Alta🔴;🔴Prioridad Alta🔴;🔴Prioridad Alta🔴;🔴Prioridad Alta🔴;🔴Prioridad Alta🔴;🔴Prioridad Alta🔴;;"Entre $15.000 a $30.000 la hora.;";"Entre $200.000 a $250.000 el día.;";🔴Prioridad Alta🔴;🔴Prioridad Alta🔴;🔴Prioridad Alta🔴;🔴Prioridad Alta🔴;🔴Prioridad Alta🔴;🔴Prioridad Alta🔴;🔴Prioridad Alta🔴;🔴Prioridad Alta🔴;;1;MuyProbable;"Por correo electrónico;Por chat con asesor mediante Whatsapp";4;[4, 6)
2025-05-19;Acepto.;18-25;Colombia;Tunja (Boyacá);Masculino.;4;Universitario;Pregrado;Únicamente los fines de semana.;"Taxis;Buses municipales";"Por trabajo;Por compromisos personales o familiares";2;0;;;;;;;No;;"Posibles daños o mal uso del vehículo rentado;Desconfianza frente a clientes / personas desconocidas;Falta de control en la entrega o devolución del vehículo";No;;;;No;;;;;0;;;;;;;;;;;;;;;;;;;;;;;;;;1;dias;🟡Prioridad Media🟡;🔴Prioridad Alta🔴;🔴Prioridad Alta🔴;🟡Prioridad Media🟡;🟡Prioridad Media🟡;🟡Prioridad Media🟡;🔴Prioridad Alta🔴;🔴Prioridad Alta🔴;🟢Prioridad Baja🟢;🟢Prioridad Baja🟢;Revisar 49H;"No me encuentro interesado en rentar por horas.;";"Entre $100.000 a $150.000 el día.;Entre $150.000 a $200.000 el día.;";🟡Prioridad Media🟡;🔴Prioridad Alta🔴;🟡Prioridad Media🟡;🔴Prioridad Alta🔴;🔴Prioridad Alta🔴;🔴Prioridad Alta🔴;🟡Prioridad Media🟡;🔴Prioridad Alta🔴;Otro: El vehículo viene tanqueado;1;Neutral;"Por correo electrónico;Por chat con asesor mediante Whatsapp";8;[8, 10)
2025-05-19;Acepto.;18-25;México;Guanajuato (México);Femenino.;4;Universitario;Técnico / Tecnológico;Únicamente los fines de semana.;"Taxis;Buses municipales;Buses intermunicipales;SITP";"Por estudio;Por compromisos personales o familiares;Por turismo";1;0;;;;;;;Sí;"Mayor flexibilidad en horarios;Mejor negociación en condiciones de arriendo;Posibilidad de generar ingresos como propietario del vehículo;Diversidad de vehículos para rentar / arrendar;Experiencia de negocio más personalizada;Promueve la economía colaborativa;Aprovechamiento de vehículos particulares inactivos";;No;;;;No;;;;;1;"horas;dias;findesemana;semana;dispersonal";🟡Prioridad Media🟡;🟢Prioridad Baja🟢;🟢Prioridad Baja🟢;🟢Prioridad Baja🟢;🟡Prioridad Media🟡;🔴Prioridad Alta🔴;🟡Prioridad Media🟡;🟡Prioridad Media🟡;🟡Prioridad Media🟡;🟡Prioridad Media🟡;🟡Prioridad Media🟡;🟡Prioridad Media🟡;;"Pueda configurar qué tipo de solicitudes quiero recibir, para luego aceptarlas o denegarlas.;Pueda confiar en la plataforma para que me consulten, o ellos mismos acepten y denieguen un servicio que me solicitan.;";"Entre $30.000 a $50.000 la hora.;";"Entre $200.000 a $250.000 el día.;";"En efectivo, antes de entregar el vehículo al cliente;Por transacción bancaria inmediata, una vez aprobado el servicio por mí y el cliente;Por transacción bancaria inmediata, al finalizar el servicio";🟡Prioridad Media🟡;🟡Prioridad Media🟡;🟡Prioridad Media🟡;🟡Prioridad Media🟡;🟡Prioridad Media🟡;;"Preferiría pagar una suscripción mensual.;Aceptaría pagar una comisión del 10% al 14% por servicio.;";1;"semanas;dias;horas";🟡Prioridad Media🟡;🟡Prioridad Media🟡;🟡Prioridad Media🟡;🟡Prioridad Media🟡;🟡Prioridad Media🟡;🟡Prioridad Media🟡;🟡Prioridad Media🟡;🟡Prioridad Media🟡;🟡Prioridad Media🟡;🟡Prioridad Media🟡;;"Entre $30.000 a $50.000 la hora.;";"Entre $200.000 a $250.000 el día.;";🟡Prioridad Media🟡;🟡Prioridad Media🟡;🟡Prioridad Media🟡;🟡Prioridad Media🟡;🟡Prioridad Media🟡;🟡Prioridad Media🟡;🟡Prioridad Media🟡;🟡Prioridad Media🟡;;1;MuyProbable;"Un chat en la plataforma;Por llamada telefónica;Por chat con asesor mediante Whatsapp";32;[32, 34)
2025-05-19;Acepto.;16-17;Colombia;Tunja (Boyacá);Masculino.;3;Universitario;Pregrado;Diariamente.;Buses municipales;"Por estudio;Por compromisos personales o familiares";1;0;;;;;;;Sí;"Posibilidad de generar ingresos como propietario del vehículo;Diversidad de vehículos para rentar / arrendar";"Posibles daños o mal uso del vehículo rentado;Desconfianza frente a clientes / personas desconocidas;Falta de regulación por parte de entidades oficiales;Posible uso de vehículos para fines no autorizados;Falta de control en la entrega o devolución del vehículo";No;;;;No;;;;;0;;;;;;;;;;;;;;;;;;;;;;;;;;0;;;;;;;;;;;;;;;;;;;;;;;;1;Neutral;Por chat con asesor mediante Whatsapp;4;[4, 6)
2025-05-19;Acepto.;16-17;Colombia;Tunja (Boyacá);Masculino.;3;Universitario;Pregrado;Diariamente.;Buses municipales;Por estudio;2;0;;;;;;;Sí;Promueve la economía colaborativa;Desconfianza frente a clientes / personas desconocidas;No;;;;No;;;;;1;"horas;dias;findesemana";🔴Prioridad Alta🔴;🔴Prioridad Alta🔴;🔴Prioridad Alta🔴;🔴Prioridad Alta🔴;🔴Prioridad Alta🔴;🔴Prioridad Alta🔴;🔴Prioridad Alta🔴;🔴Prioridad Alta🔴;🔴Prioridad Alta🔴;🔴Prioridad Alta🔴;🔴Prioridad Alta🔴;🔴Prioridad Alta🔴;;"Reciba solicitudes y pueda aceptarlas o denegarlas.;Pueda confiar en la plataforma para que me consulten, o ellos mismos acepten y denieguen un servicio que me solicitan.;";"Entre $50.000 a $80.000 la hora.;";"Entre $250.000 a $350.000 el día.;";Por transacción bancaria inmediata, al finalizar el servicio;🔴Prioridad Alta🔴;🔴Prioridad Alta🔴;🔴Prioridad Alta🔴;🔴Prioridad Alta🔴;🔴Prioridad Alta🔴;;"Aceptaría pagar una comisión del 4% al 9% por servicio.;";1;horas;🔴Prioridad Alta🔴;🔴Prioridad Alta🔴;🔴Prioridad Alta🔴;🔴Prioridad Alta🔴;🔴Prioridad Alta🔴;🔴Prioridad Alta🔴;🔴Prioridad Alta🔴;🔴Prioridad Alta🔴;🔴Prioridad Alta🔴;🔴Prioridad Alta🔴;;"Entre $50.000 a $80.000 la hora.;";"Entre $250.000 a $350.000 el día.;";🔴Prioridad Alta🔴;🔴Prioridad Alta🔴;🔴Prioridad Alta🔴;🔴Prioridad Alta🔴;🔴Prioridad Alta🔴;🔴Prioridad Alta🔴;🔴Prioridad Alta🔴;🔴Prioridad Alta🔴;;1;Improbable;"Por correo electrónico;Por llamada telefónica;Por chat con asesor mediante Whatsapp";7;[6, 8)
2025-05-19;Acepto.;16-17;Colombia;Tunja (Boyacá);Masculino.;4;Universitario;Pregrado;Únicamente entre semana.;SITP;Por estudio;2;0;;;;;;;No;Mayor flexibilidad en horarios;Posibles daños o mal uso del vehículo rentado;No;;;;No;;;;;0;;;;;;;;;;;;;;;;;;;;;;;;;;0;;;;;;;;;;;;;;;;;;;;;;;;0;MuyImprobable;Un chat en la plataforma;7;[6, 8)
2025-05-20;Acepto.;18-25;Colombia;Sogamoso (Boyacá);Masculino.;2;"Universitario;Empleado";Pregrado;Diariamente.;"Buses municipales;Taxis";"Por estudio;Por trabajo";2;1;Diariamente.;Único;Sí;Auto;;;Sí;"Diversidad de vehículos para rentar / arrendar;Experiencia de negocio más personalizada;Mejor negociación en condiciones de arriendo";"Posibles daños o mal uso del vehículo rentado;Desconfianza frente a clientes / personas desconocidas;Falta de regulación por parte de entidades oficiales;Posible uso de vehículos para fines no autorizados";No;;;;No;;;;;0;;;;;;;;;;;;;;;;;;;;;;;;;;0;;;;;;;;;;;;;;;;;;;;;;;;1;Neutral;"Por chat con asesor mediante Whatsapp;Por llamada telefónica";7;[6, 8)
2025-05-20;Acepto.;18-25;Colombia;Sogamoso (Boyacá);Femenino.;3;Universitario;Pregrado;Diariamente.;"Taxis;Buses municipales;Buses intermunicipales";"Por estudio;Por compromisos personales o familiares";1;0;;;;;;;No;"Posibilidad de generar ingresos como propietario del vehículo;Diversidad de vehículos para rentar / arrendar;Experiencia de negocio más personalizada;Promueve la economía colaborativa;Aprovechamiento de vehículos particulares inactivos";"Posibles daños o mal uso del vehículo rentado;Desconfianza frente a clientes / personas desconocidas;Posible uso de vehículos para fines no autorizados;Falta de control en la entrega o devolución del vehículo";No;;;;No;;;;;0;;;;;;;;;;;;;;;;;;;;;;;;;;1;"horas;dias;semanas";🔴Prioridad Alta🔴;🔴Prioridad Alta🔴;🔴Prioridad Alta🔴;🔴Prioridad Alta🔴;🔴Prioridad Alta🔴;🔴Prioridad Alta🔴;🟡Prioridad Media🟡;🔴Prioridad Alta🔴;🔴Prioridad Alta🔴;🔴Prioridad Alta🔴;;"Entre $15.000 a $30.000 la hora.;";"Entre $100.000 a $150.000 el día.;";🔴Prioridad Alta🔴;🔴Prioridad Alta🔴;🟡Prioridad Media🟡;🔴Prioridad Alta🔴;🟡Prioridad Media🟡;🔴Prioridad Alta🔴;🔴Prioridad Alta🔴;🔴Prioridad Alta🔴;;1;MuyProbable;"Con un chatbot (Sea por plataforma, Whatsapp, u otro medio.);Por llamada telefónica";9;[8, 10)
2025-05-20;Acepto.;18-25;Colombia;Sogamoso (Boyacá);Femenino.;3;"Universitario;Freelancer";Pregrado;Rara vez.;"Taxis;Buses municipales";Por compromisos personales o familiares;1;0;;;;;;;Sí;"Promueve la economía colaborativa;Aprovechamiento de vehículos particulares inactivos;Mayor flexibilidad en horarios";"Posibles daños o mal uso del vehículo rentado;Desconfianza frente a clientes / personas desconocidas;Posible uso de vehículos para fines no autorizados";No;;;;No;;;;;0;;;;;;;;;;;;;;;;;;;;;;;;;;0;;;;;;;;;;;;;;;;;;;;;;;;1;Probable;"Por llamada telefónica;Por chat con asesor mediante Whatsapp;Un chat en la plataforma";12;[12, 14)
2025-05-20;Acepto.;18-25;Colombia;Tunja (Boyacá);Masculino.;3;Universitario;Pregrado;Rara vez.;"Taxis;Buses municipales";Por estudio;2;0;;;;;;;No;Posibilidad de generar ingresos como propietario del vehículo;Falta de regulación por parte de entidades oficiales;No;;;;No;;;;;0;;;;;;;;;;;;;;;;;;;;;;;;;;1;semanas;🟢Prioridad Baja🟢;🟡Prioridad Media🟡;🟡Prioridad Media🟡;🟢Prioridad Baja🟢;🟡Prioridad Media🟡;🟡Prioridad Media🟡;🟢Prioridad Baja🟢;🟢Prioridad Baja🟢;🟡Prioridad Media🟡;🟡Prioridad Media🟡;;"Entre $30.000 a $50.000 la hora.;";"Entre $150.000 a $200.000 el día.;";🟡Prioridad Media🟡;🟡Prioridad Media🟡;🟢Prioridad Baja🟢;🟢Prioridad Baja🟢;🟡Prioridad Media🟡;🟢Prioridad Baja🟢;🟢Prioridad Baja🟢;🟡Prioridad Media🟡;;1;Neutral;Por llamada telefónica;3;[2, 4)
2025-05-20;Acepto.;18-25;Colombia;Tunja (Boyacá);Femenino.;3;Universitario;Pregrado;Diariamente.;Buses municipales;Por estudio;2;1;Diariamente.;Varios;;;sí_otros;"Auto;Moto;BiciEle";No;Mayor flexibilidad en horarios;Desconfianza frente a clientes / personas desconocidas;Sí;"A través de una empresa o entidad presencial.;";"Acompañamiento en los trámites y documentación.;";"Logística y administración complejas y confusas.;";Sí;Colombia;;"Transparencia en la información brindada.;";Lentitud en tiempos de atención y respuesta;1;horas;🟡Prioridad Media🟡;🟡Prioridad Media🟡;🟡Prioridad Media🟡;🟡Prioridad Media🟡;🟡Prioridad Media🟡;🟡Prioridad Media🟡;🟡Prioridad Media🟡;🟡Prioridad Media🟡;🟡Prioridad Media🟡;🟡Prioridad Media🟡;🟡Prioridad Media🟡;🟡Prioridad Media🟡;;"Reciba solicitudes y pueda aceptarlas o denegarlas.;";"Entre $15.000 a $30.000 la hora.;";"Entre $150.000 a $200.000 el día.;";En efectivo, antes de entregar el vehículo al cliente;🟡Prioridad Media🟡;🟡Prioridad Media🟡;🟡Prioridad Media🟡;🟡Prioridad Media🟡;🟡Prioridad Media🟡;;"Preferiría pagar una suscripción mensual.;";1;horas;🟡Prioridad Media🟡;🟡Prioridad Media🟡;🟡Prioridad Media🟡;🟡Prioridad Media🟡;🟡Prioridad Media🟡;🟡Prioridad Media🟡;🟡Prioridad Media🟡;🟡Prioridad Media🟡;🟡Prioridad Media🟡;🟡Prioridad Media🟡;;"Entre $15.000 a $30.000 la hora.;";"Entre $100.000 a $150.000 el día.;";🟡Prioridad Media🟡;🟡Prioridad Media🟡;🟡Prioridad Media🟡;🟡Prioridad Media🟡;🟡Prioridad Media🟡;🟡Prioridad Media🟡;🟡Prioridad Media🟡;🟡Prioridad Media🟡;;1;MuyProbable;Un chat en la plataforma;3;[2, 4)
2025-05-20;Acepto.;18-25;Colombia;Tunja (Boyacá);Masculino.;3;Universitario;Pregrado;Rara vez.;Buses intermunicipales;Por estudio;1;0;;;;;;;Sí;"Mayor flexibilidad en horarios;Mejor negociación en condiciones de arriendo;Posibilidad de generar ingresos como propietario del vehículo;Diversidad de vehículos para rentar / arrendar;Experiencia de negocio más personalizada";"Posibles daños o mal uso del vehículo rentado;Desconfianza frente a clientes / personas desconocidas";No;;;;No;;;;;1;dispersonal;🟡Prioridad Media🟡;🔴Prioridad Alta🔴;🔴Prioridad Alta🔴;🔴Prioridad Alta🔴;🔴Prioridad Alta🔴;🔴Prioridad Alta🔴;🔴Prioridad Alta🔴;🔴Prioridad Alta🔴;🔴Prioridad Alta🔴;🔴Prioridad Alta🔴;🔴Prioridad Alta🔴;🔴Prioridad Alta🔴;;"Pueda confiar en la plataforma para que me consulten, o ellos mismos acepten y denieguen un servicio que me solicitan.;";"Entre $15.000 a $30.000 la hora.;";"Entre $100.000 a $150.000 el día.;";"Por transacción bancaria inmediata, al finalizar el servicio;Por transacción bancaria inmediata, una vez aprobado el servicio por mí y el cliente;En efectivo, cuando el cliente devuelve el vehículo";🔴Prioridad Alta🔴;🔴Prioridad Alta🔴;🔴Prioridad Alta🔴;🔴Prioridad Alta🔴;🔴Prioridad Alta🔴;;"Aceptaría pagar una comisión del 4% al 9% por servicio.;";1;"dias;semanas";🔴Prioridad Alta🔴;🔴Prioridad Alta🔴;🔴Prioridad Alta🔴;🔴Prioridad Alta🔴;🔴Prioridad Alta🔴;🔴Prioridad Alta🔴;🔴Prioridad Alta🔴;🔴Prioridad Alta🔴;🔴Prioridad Alta🔴;🔴Prioridad Alta🔴;;"Entre $15.000 a $30.000 la hora.;";"Entre $100.000 a $150.000 el día.;";🔴Prioridad Alta🔴;🔴Prioridad Alta🔴;🔴Prioridad Alta🔴;🔴Prioridad Alta🔴;🔴Prioridad Alta🔴;🔴Prioridad Alta🔴;🔴Prioridad Alta🔴;🔴Prioridad Alta🔴;;1;MuyProbable;"Un chat en la plataforma;Por correo electrónico";6;[6, 8)
2025-05-20;Acepto.;18-25;Colombia;Tunja (Boyacá);Masculino.;4;Universitario;Pregrado;Únicamente entre semana.;"Taxis;Buses municipales";"Por estudio;Por trabajo";2;0;;;;;;;Sí;"Mayor flexibilidad en horarios;Mejor negociación en condiciones de arriendo;Promueve la economía colaborativa;Posibilidad de generar ingresos como propietario del vehículo";"Posibles daños o mal uso del vehículo rentado;Desconfianza frente a clientes / personas desconocidas;Falta de control en la entrega o devolución del vehículo";No;;;;No;;;;;1;horas;🔴Prioridad Alta🔴;🟡Prioridad Media🟡;🔴Prioridad Alta🔴;🔴Prioridad Alta🔴;🟡Prioridad Media🟡;🟡Prioridad Media🟡;🔴Prioridad Alta🔴;🔴Prioridad Alta🔴;🟢Prioridad Baja🟢;🟡Prioridad Media🟡;🔴Prioridad Alta🔴;🟢Prioridad Baja🟢;;"Pueda confiar en la plataforma para que me consulten, o ellos mismos acepten y denieguen un servicio que me solicitan.;Reciba solicitudes y pueda aceptarlas o denegarlas.;";"Entre $15.000 a $30.000 la hora.;";"Entre $100.000 a $150.000 el día.;";"En efectivo, antes de entregar el vehículo al cliente;Por transacción bancaria inmediata, una vez aprobado el servicio por mí y el cliente;Un respaldo con un pagaré automatizado por transferencia bancaria al finalizar el servicio por medio de Flex Drive";🔴Prioridad Alta🔴;🔴Prioridad Alta🔴;🟡Prioridad Media🟡;🔴Prioridad Alta🔴;🔴Prioridad Alta🔴;;"Aceptaría pagar una comisión del 4% al 9% por servicio.;Preferiría pagar una suscripción mensual.;";1;horas;🔴Prioridad Alta🔴;🔴Prioridad Alta🔴;🔴Prioridad Alta🔴;🟡Prioridad Media🟡;🟡Prioridad Media🟡;🟢Prioridad Baja🟢;🟡Prioridad Media🟡;🟢Prioridad Baja🟢;🟡Prioridad Media🟡;🔴Prioridad Alta🔴;;"Entre $15.000 a $30.000 la hora.;";"Entre $100.000 a $150.000 el día.;";🔴Prioridad Alta🔴;🟡Prioridad Media🟡;🔴Prioridad Alta🔴;🟡Prioridad Media🟡;🟡Prioridad Media🟡;🟡Prioridad Media🟡;🔴Prioridad Alta🔴;🔴Prioridad Alta🔴;;1;Probable;"Un chat en la plataforma;Por chat con asesor mediante Whatsapp;Con un chatbot (Sea por plataforma, Whatsapp, u otro medio.)";5;[4, 6)
2025-05-20;Acepto.;18-25;Colombia;Tunja (Boyacá);Femenino.;3;Universitario;Pregrado;Rara vez.;"Taxis;Buses municipales;Buses intermunicipales";Por compromisos personales o familiares;2;0;;;;;;;No;"Diversidad de vehículos para rentar / arrendar;Posibilidad de generar ingresos como propietario del vehículo;Experiencia de negocio más personalizada";"Posibles daños o mal uso del vehículo rentado;Desconfianza frente a clientes / personas desconocidas;Falta de control en la entrega o devolución del vehículo";No;;;;No;;;;;0;;;;;;;;;;;;;;;;;;;;;;;;;;1;dias;🔴Prioridad Alta🔴;🟡Prioridad Media🟡;🔴Prioridad Alta🔴;🟢Prioridad Baja🟢;🟢Prioridad Baja🟢;🟢Prioridad Baja🟢;🟡Prioridad Media🟡;🔴Prioridad Alta🔴;🔴Prioridad Alta🔴;🔴Prioridad Alta🔴;;"Entre $15.000 a $30.000 la hora.;";"Entre $150.000 a $200.000 el día.;";🔴Prioridad Alta🔴;🔴Prioridad Alta🔴;🟡Prioridad Media🟡;🔴Prioridad Alta🔴;🔴Prioridad Alta🔴;🔴Prioridad Alta🔴;🟡Prioridad Media🟡;🔴Prioridad Alta🔴;;1;Probable;"Un chat en la plataforma;Por chat con asesor mediante Whatsapp";5;[4, 6)
2025-05-20;Acepto.;18-25;Colombia;Tunja (Boyacá);Masculino.;3;Universitario;Pregrado;Rara vez.;;Por turismo;2;0;;;;;;;No;"Mayor flexibilidad en horarios;Mejor negociación en condiciones de arriendo;Posibilidad de generar ingresos como propietario del vehículo";"Desconfianza frente a clientes / personas desconocidas;Falta de regulación por parte de entidades oficiales;Posible uso de vehículos para fines no autorizados";No;;;;No;;;;;0;;;;;;;;;;;;;;;;;;;;;;;;;;0;;;;;;;;;;;;;;;;;;;;;;;;1;Improbable;Por correo electrónico;4;[4, 6)
2025-05-20;Acepto.;18-25;Colombia;Duitama (Boyacá);Masculino.;4;"Estudiante de secundaria;Universitario";Secundaria media;Rara vez.;"Taxis;Buses municipales";Por estudio;2;1;Solo durante fines de semana.;Único;Sí;Auto;;;Sí;Posibilidad de generar ingresos como propietario del vehículo;Posibles daños o mal uso del vehículo rentado;Sí;"A través de una plataforma web.;";"Buena gestión por parte de la entidad sobre el vehículo.;";"Inseguridad o falta de protección frente a daños o mal uso.;";Sí;Colombia;;"Rapidez en los tiempos de respuesta.;Eficacia en la solución de problemas y dudas.;";"Información confusa sobre los contratos;Costos elevados en comparación con lo esperado";1;dias;🔴Prioridad Alta🔴;🟡Prioridad Media🟡;🟢Prioridad Baja🟢;🟢Prioridad Baja🟢;🟡Prioridad Media🟡;🟡Prioridad Media🟡;🟡Prioridad Media🟡;🟡Prioridad Media🟡;🟢Prioridad Baja🟢;🟡Prioridad Media🟡;🟡Prioridad Media🟡;🔴Prioridad Alta🔴;;"Reciba solicitudes y pueda aceptarlas o denegarlas.;";"Entre $50.000 a $80.000 la hora.;";"No me encuentro interesado en rentar por días.;";En efectivo, cuando el cliente devuelve el vehículo;🔴Prioridad Alta🔴;🟢Prioridad Baja🟢;🔴Prioridad Alta🔴;🟡Prioridad Media🟡;🟢Prioridad Baja🟢;;"Preferiría pagar una suscripción mensual.;";1;semanas;🔴Prioridad Alta🔴;🟡Prioridad Media🟡;🟡Prioridad Media🟡;🔴Prioridad Alta🔴;🟢Prioridad Baja🟢;🟡Prioridad Media🟡;🟢Prioridad Baja🟢;🟡Prioridad Media🟡;🟢Prioridad Baja🟢;🟡Prioridad Media🟡;;"No me encuentro interesado en rentar por horas.;";"Entre $150.000 a $200.000 el día.;";🟡Prioridad Media🟡;🔴Prioridad Alta🔴;🟡Prioridad Media🟡;🟢Prioridad Baja🟢;🟡Prioridad Media🟡;🔴Prioridad Alta🔴;🟡Prioridad Media🟡;🟢Prioridad Baja🟢;;1;Neutral;Por llamada telefónica;5;[4, 6)
2025-05-20;Acepto.;18-25;Colombia;Tunja (Boyacá);Femenino.;3;Universitario;Pregrado;En ninguna ocasión.;"Taxis;Buses municipales";"Por estudio;Por compromisos personales o familiares";1;1;Muy rara vez.;Único;Sí;Autobu;;;Sí;"Mayor flexibilidad en horarios;Mejor negociación en condiciones de arriendo;Posibilidad de generar ingresos como propietario del vehículo;Diversidad de vehículos para rentar / arrendar;Experiencia de negocio más personalizada;Promueve la economía colaborativa;Aprovechamiento de vehículos particulares inactivos";"Posibles daños o mal uso del vehículo rentado;Desconfianza frente a clientes / personas desconocidas;Posible uso de vehículos para fines no autorizados";No;;;;No;;;;;0;;;;;;;;;;;;;;;;;;;;;;;;;;1;"horas;dias;semanas";🔴Prioridad Alta🔴;🔴Prioridad Alta🔴;🔴Prioridad Alta🔴;🟡Prioridad Media🟡;🟡Prioridad Media🟡;🔴Prioridad Alta🔴;🟡Prioridad Media🟡;🔴Prioridad Alta🔴;🔴Prioridad Alta🔴;🔴Prioridad Alta🔴;;"Entre $15.000 a $30.000 la hora.;";"Entre $150.000 a $200.000 el día.;";🔴Prioridad Alta🔴;🟢Prioridad Baja🟢;🟡Prioridad Media🟡;🟡Prioridad Media🟡;🔴Prioridad Alta🔴;🔴Prioridad Alta🔴;🔴Prioridad Alta🔴;🔴Prioridad Alta🔴;;1;MuyProbable;"Un chat en la plataforma;Por correo electrónico;Por llamada telefónica;Por chat con asesor mediante Whatsapp;Con un chatbot (Sea por plataforma, Whatsapp, u otro medio.)";7;[6, 8)
2025-05-20;Acepto.;18-25;Colombia;Tunja (Boyacá);Femenino.;3;"Universitario;Freelancer";Pregrado;Diariamente.;"Buses municipales;Taxis";Por estudio;1;0;;;;;;;No;;"Posibles daños o mal uso del vehículo rentado;Desconfianza frente a clientes / personas desconocidas;Falta de regulación por parte de entidades oficiales;Posible uso de vehículos para fines no autorizados;Falta de control en la entrega o devolución del vehículo";No;;;;No;;;;;0;;;;;;;;;;;;;;;;;;;;;;;;;;1;"horas;dias";🔴Prioridad Alta🔴;🟡Prioridad Media🟡;🟡Prioridad Media🟡;🟡Prioridad Media🟡;🟡Prioridad Media🟡;🟡Prioridad Media🟡;🟢Prioridad Baja🟢;🔴Prioridad Alta🔴;🔴Prioridad Alta🔴;🟡Prioridad Media🟡;;"Entre $15.000 a $30.000 la hora.;";"Entre $100.000 a $150.000 el día.;";🔴Prioridad Alta🔴;🟢Prioridad Baja🟢;🟡Prioridad Media🟡;🔴Prioridad Alta🔴;🔴Prioridad Alta🔴;🔴Prioridad Alta🔴;🔴Prioridad Alta🔴;🔴Prioridad Alta🔴;;0;Probable;"Un chat en la plataforma;Por llamada telefónica;Por chat con asesor mediante Whatsapp";7;[6, 8)
2025-05-20;Acepto.;18-25;Colombia;Tunja (Boyacá);Femenino.;3;Universitario;Pregrado;Únicamente entre semana.;"Taxis;Buses municipales";"Por estudio;Por compromisos personales o familiares";2;0;;;;;;;Sí;"Mayor flexibilidad en horarios;Diversidad de vehículos para rentar / arrendar;Promueve la economía colaborativa;Aprovechamiento de vehículos particulares inactivos";"Posibles daños o mal uso del vehículo rentado;Desconfianza frente a clientes / personas desconocidas;Falta de regulación por parte de entidades oficiales;Posible uso de vehículos para fines no autorizados;Falta de control en la entrega o devolución del vehículo";No;;;;Sí;Colombia;Localiza;"Facilidad en el acceso al servicio.;Acompañamiento y buen trato durante el proceso.;";Costos elevados en comparación con lo esperado;0;;;;;;;;;;;;;;;;;;;;;;;;;;1;dias;🔴Prioridad Alta🔴;🔴Prioridad Alta🔴;🔴Prioridad Alta🔴;🟡Prioridad Media🟡;🟢Prioridad Baja🟢;🔴Prioridad Alta🔴;🔴Prioridad Alta🔴;🟡Prioridad Media🟡;🟢Prioridad Baja🟢;🟢Prioridad Baja🟢;;"Entre $15.000 a $30.000 la hora.;";"Entre $100.000 a $150.000 el día.;";🔴Prioridad Alta🔴;🔴Prioridad Alta🔴;🔴Prioridad Alta🔴;🔴Prioridad Alta🔴;🔴Prioridad Alta🔴;🔴Prioridad Alta🔴;🔴Prioridad Alta🔴;🔴Prioridad Alta🔴;;1;Probable;Por llamada telefónica;5;[4, 6)
2025-05-20;Acepto.;18-25;Colombia;Tunja (Boyacá);Femenino.;2;Universitario;Pregrado;Únicamente los fines de semana.;"Taxis;Otro: Plataformas digitales de transporte (servicios privados)";Por estudio;2;0;;;;;;;Sí;Aprovechamiento de vehículos particulares inactivos;Posibles daños o mal uso del vehículo rentado;No;;;;Sí;Colombia;;"Flexibilidad para adaptarse a mis necesidades.;";Dificultad para solicitar o acceder al servicio;1;dias;🔴Prioridad Alta🔴;🔴Prioridad Alta🔴;🔴Prioridad Alta🔴;🔴Prioridad Alta🔴;🔴Prioridad Alta🔴;🔴Prioridad Alta🔴;🔴Prioridad Alta🔴;🔴Prioridad Alta🔴;🔴Prioridad Alta🔴;🔴Prioridad Alta🔴;🔴Prioridad Alta🔴;🔴Prioridad Alta🔴;;"Pueda confiar en la plataforma para que me consulten, o ellos mismos acepten y denieguen un servicio que me solicitan.;";"Entre $15.000 a $30.000 la hora.;";"Entre $100.000 a $150.000 el día.;";Por transacción bancaria inmediata, una vez aprobado el servicio por mí y el cliente;🔴Prioridad Alta🔴;🔴Prioridad Alta🔴;🔴Prioridad Alta🔴;🔴Prioridad Alta🔴;🔴Prioridad Alta🔴;;"Preferiría pagar una suscripción mensual.;Aceptaría pagar una comisión del 10% al 14% por servicio.;";1;horas;🔴Prioridad Alta🔴;🔴Prioridad Alta🔴;🔴Prioridad Alta🔴;🔴Prioridad Alta🔴;🔴Prioridad Alta🔴;🔴Prioridad Alta🔴;🔴Prioridad Alta🔴;🔴Prioridad Alta🔴;🟡Prioridad Media🟡;🟡Prioridad Media🟡;;"Entre $15.000 a $30.000 la hora.;";"Entre $100.000 a $150.000 el día.;";🔴Prioridad Alta🔴;🔴Prioridad Alta🔴;🔴Prioridad Alta🔴;🔴Prioridad Alta🔴;🔴Prioridad Alta🔴;🔴Prioridad Alta🔴;🔴Prioridad Alta🔴;🔴Prioridad Alta🔴;;1;MuyProbable;Un chat en la plataforma;6;[6, 8)
2025-05-20;Acepto.;18-25;Colombia;Paipa (Boyacá);Masculino.;3;"Universitario;Freelancer";Pregrado;Únicamente los fines de semana.;"Taxis;Buses intermunicipales";Por estudio;1;0;;;;;;;No;"Mayor flexibilidad en horarios;Mejor negociación en condiciones de arriendo;Diversidad de vehículos para rentar / arrendar";"Posibles daños o mal uso del vehículo rentado;Desconfianza frente a clientes / personas desconocidas;Falta de regulación por parte de entidades oficiales;Posible uso de vehículos para fines no autorizados;Falta de control en la entrega o devolución del vehículo";No;;;;No;;;;;1;"dias;findesemana;semana";🔴Prioridad Alta🔴;🔴Prioridad Alta🔴;🔴Prioridad Alta🔴;🔴Prioridad Alta🔴;🟡Prioridad Media🟡;🟡Prioridad Media🟡;🔴Prioridad Alta🔴;🔴Prioridad Alta🔴;🔴Prioridad Alta🔴;🔴Prioridad Alta🔴;🔴Prioridad Alta🔴;🔴Prioridad Alta🔴;;"Reciba solicitudes y pueda aceptarlas o denegarlas.;Pueda configurar qué tipo de solicitudes quiero recibir, para luego aceptarlas o denegarlas.;Pueda confiar en la plataforma para que me consulten, o ellos mismos acepten y denieguen un servicio que me solicitan.;";"Entre $30.000 a $50.000 la hora.;";"Entre $100.000 a $150.000 el día.;";"Por transacción bancaria inmediata, una vez aprobado el servicio por mí y el cliente;En efectivo, antes de entregar el vehículo al cliente;Un respaldo con un pagaré automatizado por transferencia bancaria al finalizar el servicio por medio de Flex Drive";🔴Prioridad Alta🔴;🔴Prioridad Alta🔴;🔴Prioridad Alta🔴;🔴Prioridad Alta🔴;🔴Prioridad Alta🔴;;"Aceptaría pagar una comisión del 4% al 9% por servicio.;";1;"semanas;dias;meses";🟡Prioridad Media🟡;🔴Prioridad Alta🔴;🔴Prioridad Alta🔴;🔴Prioridad Alta🔴;🔴Prioridad Alta🔴;🔴Prioridad Alta🔴;🔴Prioridad Alta🔴;🔴Prioridad Alta🔴;🔴Prioridad Alta🔴;🟢Prioridad Baja🟢;;"No me encuentro interesado en rentar por horas.;";"Entre $150.000 a $200.000 el día.;Entre $100.000 a $150.000 el día.;";🟢Prioridad Baja🟢;🟡Prioridad Media🟡;🔴Prioridad Alta🔴;🔴Prioridad Alta🔴;🔴Prioridad Alta🔴;🔴Prioridad Alta🔴;🔴Prioridad Alta🔴;🔴Prioridad Alta🔴;;1;MuyProbable;"Un chat en la plataforma;Por llamada telefónica;Por chat con asesor mediante Whatsapp";9;[8, 10)
2025-05-20;Acepto.;18-25;Colombia;Tunja (Boyacá);Femenino.;3;Universitario;Pregrado;Rara vez.;"Taxis;Buses intermunicipales;Buses municipales";"Por estudio;Por compromisos personales o familiares";1;1;Diariamente.;Único;Sí;Autobu;;;Sí;Promueve la economía colaborativa;Falta de regulación por parte de entidades oficiales;Sí;"A través de una empresa o entidad presencial.;";"Ampliación de red de clientes y/o interesados.;";"Logística y administración complejas y confusas.;";No;;;;;0;;;;;;;;;;;;;;;;;;;;;;;;;;0;;;;;;;;;;;;;;;;;;;;;;;;0;Neutral;Por llamada telefónica;6;[6, 8)
2025-05-20;Acepto.;18-25;Colombia;Tunja (Boyacá);Femenino.;4;Universitario;Especialización / Diplomado;Rara vez.;Taxis;Por compromisos personales o familiares;2;1;Diariamente.;Varios;;;no;Auto;Sí;Mejor negociación en condiciones de arriendo;"Posibles daños o mal uso del vehículo rentado;Desconfianza frente a clientes / personas desconocidas;Falta de regulación por parte de entidades oficiales";No;;;;Sí;Tanto en Colombia como en el exterior;;"Facilidad en el acceso al servicio.;Eficacia en la solución de problemas y dudas.;";Lentitud en tiempos de atención y respuesta;0;;;;;;;;;;;;;;;;;;;;;;;;;;0;;;;;;;;;;;;;;;;;;;;;;;;1;MuyImprobable;Con un chatbot (Sea por plataforma, Whatsapp, u otro medio.);3;[2, 4)
2025-05-20;Acepto.;18-25;Colombia;Tunja (Boyacá);Femenino.;3;Universitario;Pregrado;Únicamente entre semana.;Buses municipales;Por trabajo;2;1;Solo durante fines de semana.;Único;No;Motocicleta;;;Sí;Aprovechamiento de vehículos particulares inactivos;Posible uso de vehículos para fines no autorizados;Sí;"De forma independiente.;";"Ampliación de red de clientes y/o interesados.;";"Baja visibilidad de mi(s) vehículo(s) para los clientes potenciales.;";Sí;Colombia;;"Rapidez en los tiempos de respuesta.;";Dificultad para solicitar o acceder al servicio;1;dias;🔴Prioridad Alta🔴;🔴Prioridad Alta🔴;🔴Prioridad Alta🔴;🔴Prioridad Alta🔴;🔴Prioridad Alta🔴;🔴Prioridad Alta🔴;🔴Prioridad Alta🔴;🔴Prioridad Alta🔴;🔴Prioridad Alta🔴;🔴Prioridad Alta🔴;🔴Prioridad Alta🔴;🔴Prioridad Alta🔴;;"Reciba solicitudes y pueda aceptarlas o denegarlas.;";"Entre $30.000 a $50.000 la hora.;";"Entre $100.000 a $150.000 el día.;";En efectivo, cuando el cliente devuelve el vehículo;🔴Prioridad Alta🔴;🔴Prioridad Alta🔴;🔴Prioridad Alta🔴;🔴Prioridad Alta🔴;🔴Prioridad Alta🔴;;"No estaría interesado en pagar comisión alguna.;";0;;;;;;;;;;;;;;;;;;;;;;;;1;MuyProbable;Por correo electrónico;15;[14, 16)
2025-05-20;Acepto.;76 en adelante.;Colombia;Tunja (Boyacá);Masculino.;2;Universitario;Pregrado;Rara vez.;Taxis;Por compromisos personales o familiares;0;0;;;;;;;Sí;Mayor flexibilidad en horarios;"Posibles daños o mal uso del vehículo rentado;Desconfianza frente a clientes / personas desconocidas;Posible uso de vehículos para fines no autorizados";No;;;;No;;;;;0;;;;;;;;;;;;;;;;;;;;;;;;;;1;dias;🟡Prioridad Media🟡;🔴Prioridad Alta🔴;🔴Prioridad Alta🔴;🟡Prioridad Media🟡;🔴Prioridad Alta🔴;🟡Prioridad Media🟡;🔴Prioridad Alta🔴;🟡Prioridad Media🟡;🟢Prioridad Baja🟢;🟢Prioridad Baja🟢;;"No me encuentro interesado en rentar por horas.;";"Entre $100.000 a $150.000 el día.;";🟡Prioridad Media🟡;🔴Prioridad Alta🔴;🔴Prioridad Alta🔴;🟡Prioridad Media🟡;🟡Prioridad Media🟡;🔴Prioridad Alta🔴;🔴Prioridad Alta🔴;🔴Prioridad Alta🔴;;1;Neutral;"Por chat con asesor mediante Whatsapp;Por llamada telefónica";8;[8, 10)
2025-05-20;Acepto.;18-25;Colombia;Tunja (Boyacá);Masculino.;5;Universitario;Pregrado;Únicamente entre semana.;"Buses municipales;Taxis";"Por trabajo;Por estudio";1;0;;;;;;;No;"Mayor flexibilidad en horarios;Mejor negociación en condiciones de arriendo;Promueve la economía colaborativa";"Desconfianza frente a clientes / personas desconocidas;Falta de regulación por parte de entidades oficiales";No;;;;No;;;;;1;dispersonal;🔴Prioridad Alta🔴;🔴Prioridad Alta🔴;🔴Prioridad Alta🔴;🔴Prioridad Alta🔴;🔴Prioridad Alta🔴;🔴Prioridad Alta🔴;🔴Prioridad Alta🔴;🔴Prioridad Alta🔴;🟡Prioridad Media🟡;🔴Prioridad Alta🔴;🔴Prioridad Alta🔴;🔴Prioridad Alta🔴;;"Reciba solicitudes y pueda aceptarlas o denegarlas.;Pueda configurar qué tipo de solicitudes quiero recibir, para luego aceptarlas o denegarlas.;Pueda confiar en la plataforma para que me consulten, o ellos mismos acepten y denieguen un servicio que me solicitan.;";"Entre $15.000 a $30.000 la hora.;";"No me encuentro interesado en rentar por días.;";"En efectivo, antes de entregar el vehículo al cliente;Por transacción bancaria inmediata, una vez aprobado el servicio por mí y el cliente";🔴Prioridad Alta🔴;🔴Prioridad Alta🔴;🔴Prioridad Alta🔴;🔴Prioridad Alta🔴;🔴Prioridad Alta🔴;;"No estaría interesado en pagar comisión alguna.;";0;;;;;;;;;;;;;;;;;;;;;;;;1;MuyProbable;Por chat con asesor mediante Whatsapp;4;[4, 6)
2025-05-20;Acepto.;18-25;Colombia;Duitama (Boyacá);Femenino.;4;Universitario;Secundaria media;Únicamente entre semana.;"Taxis;Buses municipales;Buses intermunicipales";"Por estudio;Por compromisos personales o familiares";1;0;;;;;;;Sí;"Posibilidad de generar ingresos como propietario del vehículo;Mayor flexibilidad en horarios";"Posibles daños o mal uso del vehículo rentado;Desconfianza frente a clientes / personas desconocidas";No;;;;No;;;;;1;"dias;findesemana";🔴Prioridad Alta🔴;🟡Prioridad Media🟡;🔴Prioridad Alta🔴;🔴Prioridad Alta🔴;🟡Prioridad Media🟡;🟡Prioridad Media🟡;🔴Prioridad Alta🔴;🔴Prioridad Alta🔴;🟡Prioridad Media🟡;🟡Prioridad Media🟡;🔴Prioridad Alta🔴;🔴Prioridad Alta🔴;;"Reciba solicitudes y pueda aceptarlas o denegarlas.;Pueda configurar qué tipo de solicitudes quiero recibir, para luego aceptarlas o denegarlas.;Pueda confiar en la plataforma para que me consulten, o ellos mismos acepten y denieguen un servicio que me solicitan.;";"Entre $15.000 a $30.000 la hora.;";"Entre $150.000 a $200.000 el día.;Entre $200.000 a $250.000 el día.;";"Por transacción bancaria inmediata, al finalizar el servicio;Por transacción bancaria inmediata, una vez aprobado el servicio por mí y el cliente";🔴Prioridad Alta🔴;🔴Prioridad Alta🔴;🟡Prioridad Media🟡;🔴Prioridad Alta🔴;🟡Prioridad Media🟡;;"Aceptaría pagar una comisión del 4% al 9% por servicio.;";1;"horas;dias";🟡Prioridad Media🟡;🔴Prioridad Alta🔴;🔴Prioridad Alta🔴;🔴Prioridad Alta🔴;🟡Prioridad Media🟡;🔴Prioridad Alta🔴;🔴Prioridad Alta🔴;🔴Prioridad Alta🔴;🔴Prioridad Alta🔴;🔴Prioridad Alta🔴;;"Entre $15.000 a $30.000 la hora.;";"Entre $200.000 a $250.000 el día.;";🟡Prioridad Media🟡;🟡Prioridad Media🟡;🔴Prioridad Alta🔴;🔴Prioridad Alta🔴;🔴Prioridad Alta🔴;🔴Prioridad Alta🔴;🔴Prioridad Alta🔴;🔴Prioridad Alta🔴;;1;Probable;"Un chat en la plataforma;Por llamada telefónica;Por chat con asesor mediante Whatsapp";11;[10, 12)
2025-05-20;Acepto.;18-25;Colombia;Tunja (Boyacá);Masculino.;5;Universitario;Pregrado;En ninguna ocasión.;SITP;Por compromisos personales o familiares;0;0;;;;;;;No;Experiencia de negocio más personalizada;Falta de regulación por parte de entidades oficiales;Sí;"A través de una empresa o entidad presencial.;";"Buena gestión por parte de la entidad sobre el vehículo.;";"Inseguridad o falta de protección frente a daños o mal uso.;";No;;;;;0;;;;;;;;;;;;;;;;;;;;;;;;;;1;meses;🔴Prioridad Alta🔴;🟡Prioridad Media🟡;🔴Prioridad Alta🔴;🟢Prioridad Baja🟢;🔴Prioridad Alta🔴;🟢Prioridad Baja🟢;🟡Prioridad Media🟡;🔴Prioridad Alta🔴;🟡Prioridad Media🟡;🟡Prioridad Media🟡;;"Entre $50.000 a $80.000 la hora.;Desde $80.000 en adelante.;";"Desde $350.000 en adelante.;Entre $200.000 a $250.000 el día.;";🔴Prioridad Alta🔴;🟡Prioridad Media🟡;🟢Prioridad Baja🟢;🟢Prioridad Baja🟢;🔴Prioridad Alta🔴;🔴Prioridad Alta🔴;🔴Prioridad Alta🔴;🟢Prioridad Baja🟢;;0;Probable;Por llamada telefónica;2;[2, 4)
2025-05-20;Acepto.;18-25;Colombia;Tunja (Boyacá);Femenino.;3;Universitario;Pregrado;Únicamente los fines de semana.;Buses municipales;"Por compromisos personales o familiares;Por turismo";2;0;;;;;;;Sí;"Posibilidad de generar ingresos como propietario del vehículo;Mayor flexibilidad en horarios;Promueve la economía colaborativa";"Posibles daños o mal uso del vehículo rentado;Desconfianza frente a clientes / personas desconocidas;Posible uso de vehículos para fines no autorizados";No;;;;No;;;;;0;;;;;;;;;;;;;;;;;;;;;;;;;;0;;;;;;;;;;;;;;;;;;;;;;;;1;Neutral;"Por chat con asesor mediante Whatsapp;Con un chatbot (Sea por plataforma, Whatsapp, u otro medio.)";5;[4, 6)
2025-05-20;Acepto.;18-25;Colombia;Tunja (Boyacá);Femenino.;3;"Universitario;Empleado";Pregrado;Rara vez.;Buses municipales;"Por estudio;Por trabajo";1;0;;;;;;;No;;;No;;;;No;;;;;1;dias;🔴Prioridad Alta🔴;🔴Prioridad Alta🔴;🔴Prioridad Alta🔴;🔴Prioridad Alta🔴;🔴Prioridad Alta🔴;🔴Prioridad Alta🔴;🟡Prioridad Media🟡;🟡Prioridad Media🟡;🟡Prioridad Media🟡;🔴Prioridad Alta🔴;🔴Prioridad Alta🔴;🔴Prioridad Alta🔴;;"Reciba solicitudes y pueda aceptarlas o denegarlas.;Pueda configurar qué tipo de solicitudes quiero recibir, para luego aceptarlas o denegarlas.;";"No me encuentro interesado en rentar por horas.;";"Entre $150.000 a $200.000 el día.;Entre $200.000 a $250.000 el día.;";"En efectivo, antes de entregar el vehículo al cliente;En efectivo, cuando el cliente devuelve el vehículo;Por transacción bancaria inmediata, una vez aprobado el servicio por mí y el cliente";🔴Prioridad Alta🔴;🔴Prioridad Alta🔴;🟡Prioridad Media🟡;🟡Prioridad Media🟡;🟡Prioridad Media🟡;;"No estaría interesado en pagar comisión alguna.;Preferiría pagar una suscripción mensual.;";0;;;;;;;;;;;;;;;;;;;;;;;;1;MuyImprobable;"Por chat con asesor mediante Whatsapp;Por llamada telefónica;Un chat en la plataforma;Por correo electrónico";6;[6, 8)
2025-05-20;Acepto.;26-35;Colombia;Tunja (Boyacá);Masculino.;4;Universitario;Pregrado;Diariamente.;"Taxis;Buses municipales;Buses intermunicipales";Por estudio;2;0;;;;;;;Sí;"Mayor flexibilidad en horarios;Mejor negociación en condiciones de arriendo;Posibilidad de generar ingresos como propietario del vehículo";Desconfianza frente a clientes / personas desconocidas;No;;;;No;;;;;1;horas;🔴Prioridad Alta🔴;🔴Prioridad Alta🔴;🔴Prioridad Alta🔴;🔴Prioridad Alta🔴;🔴Prioridad Alta🔴;🔴Prioridad Alta🔴;🔴Prioridad Alta🔴;🔴Prioridad Alta🔴;🔴Prioridad Alta🔴;🔴Prioridad Alta🔴;🔴Prioridad Alta🔴;🔴Prioridad Alta🔴;;"Reciba solicitudes y pueda aceptarlas o denegarlas.;";"No me encuentro interesado en rentar por horas.;";"Entre $100.000 a $150.000 el día.;";En efectivo, cuando el cliente devuelve el vehículo;🔴Prioridad Alta🔴;🔴Prioridad Alta🔴;🔴Prioridad Alta🔴;🔴Prioridad Alta🔴;🔴Prioridad Alta🔴;;"No estaría interesado en pagar comisión alguna.;";1;horas;🔴Prioridad Alta🔴;🔴Prioridad Alta🔴;🔴Prioridad Alta🔴;🔴Prioridad Alta🔴;🔴Prioridad Alta🔴;🔴Prioridad Alta🔴;🔴Prioridad Alta🔴;🔴Prioridad Alta🔴;🔴Prioridad Alta🔴;🔴Prioridad Alta🔴;;"No me encuentro interesado en rentar por horas.;";"No me encuentro interesado en rentar por días.;";🔴Prioridad Alta🔴;🔴Prioridad Alta🔴;🔴Prioridad Alta🔴;🔴Prioridad Alta🔴;🔴Prioridad Alta🔴;🔴Prioridad Alta🔴;🔴Prioridad Alta🔴;🔴Prioridad Alta🔴;;1;MuyProbable;Un chat en la plataforma;5;[4, 6)
2025-05-20;Acepto.;18-25;Colombia;Duitama (Boyacá);Masculino.;4;Universitario;Pregrado;Rara vez.;Taxis;Por estudio;2;1;Diariamente.;Varios;;;sí_otros;"Moto;Auto";No;"Posibilidad de generar ingresos como propietario del vehículo;Diversidad de vehículos para rentar / arrendar";"Posibles daños o mal uso del vehículo rentado;Desconfianza frente a clientes / personas desconocidas;Falta de regulación por parte de entidades oficiales;Posible uso de vehículos para fines no autorizados;Falta de control en la entrega o devolución del vehículo";No;;;;Sí;Tanto en Colombia como en el exterior;;;;0;;;;;;;;;;;;;;;;;;;;;;;;;;0;;;;;;;;;;;;;;;;;;;;;;;;1;Neutral;"Un chat en la plataforma;Con un chatbot (Sea por plataforma, Whatsapp, u otro medio.);Por llamada telefónica";4;[4, 6)
2025-05-20;Acepto.;18-25;Colombia;Tunja (Boyacá);Masculino.;3;Universitario;Pregrado;Rara vez.;"Taxis;Buses municipales";Por estudio;2;1;Diariamente.;Único;Ocasionalmente;Motocicleta;;;No;;;No;;;;No;;;;;0;;;;;;;;;;;;;;;;;;;;;;;;;;0;;;;;;;;;;;;;;;;;;;;;;;;1;Probable;"Por llamada telefónica;Un chat en la plataforma";6;[6, 8)
2025-05-20;Acepto.;18-25;Colombia;Cómbita (Boyacá);Masculino.;1;Universitario;Pregrado;Diariamente.;"Taxis;Buses municipales;Buses intermunicipales";Por estudio;1;0;;;;;;;Sí;Aprovechamiento de vehículos particulares inactivos;Posibles daños o mal uso del vehículo rentado;No;;;;No;;;;;0;;;;;;;;;;;;;;;;;;;;;;;;;;1;"horas;dias";🟡Prioridad Media🟡;🔴Prioridad Alta🔴;🔴Prioridad Alta🔴;🔴Prioridad Alta🔴;🟡Prioridad Media🟡;🔴Prioridad Alta🔴;🟡Prioridad Media🟡;🔴Prioridad Alta🔴;🔴Prioridad Alta🔴;🔴Prioridad Alta🔴;;"Entre $15.000 a $30.000 la hora.;Entre $30.000 a $50.000 la hora.;";"Entre $150.000 a $200.000 el día.;Entre $200.000 a $250.000 el día.;";🟡Prioridad Media🟡;🟡Prioridad Media🟡;🟡Prioridad Media🟡;🔴Prioridad Alta🔴;🔴Prioridad Alta🔴;🔴Prioridad Alta🔴;🔴Prioridad Alta🔴;🔴Prioridad Alta🔴;;1;Probable;"Por llamada telefónica;Por chat con asesor mediante Whatsapp";14;[14, 16)
2025-05-20;Acepto.;16-17;Colombia;Barbosa (Santander);Femenino.;3;Estudiante de secundaria;Secundaria básica;Rara vez.;Taxis;Por estudio;0;0;;;;;;;No;"Promueve la economía colaborativa;Diversidad de vehículos para rentar / arrendar";"Posibles daños o mal uso del vehículo rentado;Posible uso de vehículos para fines no autorizados";No;;;;No;;;;;1;horas;🔴Prioridad Alta🔴;🟡Prioridad Media🟡;🔴Prioridad Alta🔴;🔴Prioridad Alta🔴;🔴Prioridad Alta🔴;🟡Prioridad Media🟡;🟢Prioridad Baja🟢;🟡Prioridad Media🟡;🟡Prioridad Media🟡;🔴Prioridad Alta🔴;🔴Prioridad Alta🔴;🟡Prioridad Media🟡;;"Reciba solicitudes y pueda aceptarlas o denegarlas.;";"Entre $50.000 a $80.000 la hora.;";"Desde $350.000 en adelante.;Entre $250.000 a $350.000 el día.;";"En efectivo, antes de entregar el vehículo al cliente;Un respaldo con un pagaré automatizado por transferencia bancaria al finalizar el servicio por medio de Flex Drive";🔴Prioridad Alta🔴;🟡Prioridad Media🟡;🟡Prioridad Media🟡;🟡Prioridad Media🟡;🔴Prioridad Alta🔴;;"No estaría interesado en pagar comisión alguna.;";0;;;;;;;;;;;;;;;;;;;;;;;;1;Neutral;"Por llamada telefónica;Por chat con asesor mediante Whatsapp";10;[10, 12)
2025-05-20;Acepto.;18-25;Colombia;Tunja (Boyacá);Masculino.;4;Universitario;Pregrado;Rara vez.;"SITP;Buses municipales";"Por estudio;Por trabajo;Por compromisos personales o familiares";1;1;Solo durante fines de semana.;Único;Ocasionalmente;Auto;;;No;;;No;;;;Sí;;;;;0;;;;;;;;;;;;;;;;;;;;;;;;;;0;;;;;;;;;;;;;;;;;;;;;;;;0;Probable;Un chat en la plataforma;3;[2, 4)
2025-05-20;Acepto.;18-25;Colombia;Duitama (Boyacá);Masculino.;3;Universitario;Pregrado;Únicamente entre semana.;"Buses municipales;Taxis;Buses intermunicipales";Por estudio;1;0;;;;;;;No;"Posibilidad de generar ingresos como propietario del vehículo;Experiencia de negocio más personalizada;Aprovechamiento de vehículos particulares inactivos";"Posibles daños o mal uso del vehículo rentado;Desconfianza frente a clientes / personas desconocidas;Posible uso de vehículos para fines no autorizados";No;;;;No;;;;;0;;;;;;;;;;;;;;;;;;;;;;;;;;1;dias;🟡Prioridad Media🟡;🟡Prioridad Media🟡;🔴Prioridad Alta🔴;🔴Prioridad Alta🔴;🔴Prioridad Alta🔴;🟡Prioridad Media🟡;🔴Prioridad Alta🔴;🟡Prioridad Media🟡;🟡Prioridad Media🟡;🔴Prioridad Alta🔴;;"No me encuentro interesado en rentar por horas.;";"Entre $150.000 a $200.000 el día.;";🟢Prioridad Baja🟢;🟡Prioridad Media🟡;🟢Prioridad Baja🟢;🔴Prioridad Alta🔴;🔴Prioridad Alta🔴;🔴Prioridad Alta🔴;🔴Prioridad Alta🔴;🔴Prioridad Alta🔴;;1;Neutral;"Un chat en la plataforma;Por llamada telefónica;Por chat con asesor mediante Whatsapp";11;[10, 12)
2025-05-20;Acepto.;18-25;Colombia;Tunja (Boyacá);Masculino.;4;"Universitario;Empleado";Pregrado;Rara vez.;Taxis;"Por estudio;Por trabajo";2;1;Diariamente.;Varios;;;no;"Moto;Auto";No;Aprovechamiento de vehículos particulares inactivos;Falta de regulación por parte de entidades oficiales;Sí;"A través de una plataforma web.;";"Acompañamiento en los trámites y documentación.;";"Inseguridad o falta de protección frente a daños o mal uso.;";Sí;Colombia;;"Seguridad durante los procesos del servicio.;";Trato poco profesional o desinteresado;1;findesemana;🔴Prioridad Alta🔴;🟡Prioridad Media🟡;🔴Prioridad Alta🔴;🔴Prioridad Alta🔴;🔴Prioridad Alta🔴;🔴Prioridad Alta🔴;🔴Prioridad Alta🔴;🔴Prioridad Alta🔴;🔴Prioridad Alta🔴;🔴Prioridad Alta🔴;🔴Prioridad Alta🔴;🔴Prioridad Alta🔴;;"Reciba solicitudes y pueda aceptarlas o denegarlas.;";"Desde $80.000 en adelante.;";"Entre $250.000 a $350.000 el día.;";En efectivo, cuando el cliente devuelve el vehículo;🔴Prioridad Alta🔴;🔴Prioridad Alta🔴;🔴Prioridad Alta🔴;🔴Prioridad Alta🔴;🔴Prioridad Alta🔴;;"Aceptaría pagar una comisión del 10% al 14% por servicio.;";1;horas;🔴Prioridad Alta🔴;🔴Prioridad Alta🔴;🔴Prioridad Alta🔴;🔴Prioridad Alta🔴;🔴Prioridad Alta🔴;🔴Prioridad Alta🔴;🔴Prioridad Alta🔴;🔴Prioridad Alta🔴;🔴Prioridad Alta🔴;🔴Prioridad Alta🔴;;"Entre $15.000 a $30.000 la hora.;";"No me encuentro interesado en rentar por días.;Entre $100.000 a $150.000 el día.;";🔴Prioridad Alta🔴;🔴Prioridad Alta🔴;🔴Prioridad Alta🔴;🔴Prioridad Alta🔴;🔴Prioridad Alta🔴;🔴Prioridad Alta🔴;🔴Prioridad Alta🔴;🔴Prioridad Alta🔴;;1;MuyProbable;Por correo electrónico;6;[6, 8)
2025-05-20;Acepto.;18-25;Colombia;Chía (Cundinamarca);Masculino.;4;"Universitario;Desempleado";Pregrado;Diariamente.;"Buses municipales;Buses intermunicipales";"Por estudio;Por compromisos personales o familiares";2;0;;;;;;;No;;"Posibles daños o mal uso del vehículo rentado;Desconfianza frente a clientes / personas desconocidas;Falta de regulación por parte de entidades oficiales;Posible uso de vehículos para fines no autorizados;Falta de control en la entrega o devolución del vehículo";No;;;;Sí;En el exterior;Hertz;"Facilidad en el acceso al servicio.;Acompañamiento y buen trato durante el proceso.;Tecnología fácil de utilizar (a través de plataformas digitales, aplicaciones o códigos personales / QRs).).;";"Trato poco profesional o desinteresado;Información confusa sobre los contratos;Costos elevados en comparación con lo esperado;Falta de información en el servicio o vehículo a recibir";1;dias;🔴Prioridad Alta🔴;🟡Prioridad Media🟡;🔴Prioridad Alta🔴;🔴Prioridad Alta🔴;🟢Prioridad Baja🟢;🔴Prioridad Alta🔴;🔴Prioridad Alta🔴;🔴Prioridad Alta🔴;🟡Prioridad Media🟡;🟡Prioridad Media🟡;🔴Prioridad Alta🔴;🟢Prioridad Baja🟢;Otro: Seguros para el conductor / arrendador;"Reciba solicitudes y pueda aceptarlas o denegarlas.;";"Entre $15.000 a $30.000 la hora.;";"Entre $100.000 a $150.000 el día.;";"Por transacción bancaria inmediata, una vez aprobado el servicio por mí y el cliente;Por transacción bancaria inmediata, al finalizar el servicio";🟢Prioridad Baja🟢;🔴Prioridad Alta🔴;🟢Prioridad Baja🟢;🔴Prioridad Alta🔴;🟡Prioridad Media🟡;;"Aceptaría pagar una comisión del 4% al 9% por servicio.;Preferiría pagar una suscripción mensual.;";1;dias;🔴Prioridad Alta🔴;🔴Prioridad Alta🔴;🔴Prioridad Alta🔴;🔴Prioridad Alta🔴;🔴Prioridad Alta🔴;🔴Prioridad Alta🔴;🟢Prioridad Baja🟢;🔴Prioridad Alta🔴;🟡Prioridad Media🟡;🔴Prioridad Alta🔴;Revisar 49H;"Entre $15.000 a $30.000 la hora.;";"Entre $100.000 a $150.000 el día.;";🟡Prioridad Media🟡;🔴Prioridad Alta🔴;🔴Prioridad Alta🔴;🔴Prioridad Alta🔴;🔴Prioridad Alta🔴;🔴Prioridad Alta🔴;🔴Prioridad Alta🔴;🟡Prioridad Media🟡;;1;Probable;Por chat con asesor mediante Whatsapp;12;[12, 14)
2025-05-20;Acepto.;18-25;Colombia;Tunja (Boyacá);Masculino.;5;Universitario;Pregrado;Rara vez.;Taxis;Por estudio;2;0;;;;;;;Sí;Diversidad de vehículos para rentar / arrendar;Desconfianza frente a clientes / personas desconocidas;No;;;;Sí;Tanto en Colombia como en el exterior;;"Flexibilidad para adaptarse a mis necesidades.;";"Costos elevados en comparación con lo esperado;Dificultad para solicitar o acceder al servicio";0;;;;;;;;;;;;;;;;;;;;;;;;;;1;dias;🔴Prioridad Alta🔴;🟡Prioridad Media🟡;🟢Prioridad Baja🟢;🔴Prioridad Alta🔴;🟡Prioridad Media🟡;🟢Prioridad Baja🟢;🟡Prioridad Media🟡;🟢Prioridad Baja🟢;🔴Prioridad Alta🔴;🟡Prioridad Media🟡;;"Entre $15.000 a $30.000 la hora.;";"Entre $100.000 a $150.000 el día.;";🔴Prioridad Alta🔴;🟢Prioridad Baja🟢;🟡Prioridad Media🟡;🔴Prioridad Alta🔴;🟡Prioridad Media🟡;🟢Prioridad Baja🟢;🔴Prioridad Alta🔴;🟡Prioridad Media🟡;;1;Probable;Por chat con asesor mediante Whatsapp;9;[8, 10)
2025-05-20;Acepto.;18-25;Colombia;Tunja (Boyacá);Masculino.;3;"Universitario;Desempleado";Técnico / Tecnológico;Rara vez.;"Taxis;Buses municipales";Por estudio;2;0;;;;;;;No;Aprovechamiento de vehículos particulares inactivos;Posibles daños o mal uso del vehículo rentado;No;;;;No;;;;;0;;;;;;;;;;;;;;;;;;;;;;;;;;0;;;;;;;;;;;;;;;;;;;;;;;;1;Neutral;Por chat con asesor mediante Whatsapp;2;[2, 4)
2025-05-20;Acepto.;18-25;Colombia;Tunja (Boyacá);Masculino.;4;Universitario;Pregrado;Únicamente entre semana.;"Buses municipales;Otro: Plataformas digitales de transporte (servicios privados)";Por estudio;2;0;;;;;;;Sí;Posibilidad de generar ingresos como propietario del vehículo;"Posibles daños o mal uso del vehículo rentado;Desconfianza frente a clientes / personas desconocidas;Falta de regulación por parte de entidades oficiales;Posible uso de vehículos para fines no autorizados;Falta de control en la entrega o devolución del vehículo";No;;;;No;;;;;0;;;;;;;;;;;;;;;;;;;;;;;;;;1;horas;🔴Prioridad Alta🔴;🟡Prioridad Media🟡;🔴Prioridad Alta🔴;🔴Prioridad Alta🔴;🔴Prioridad Alta🔴;🟡Prioridad Media🟡;🔴Prioridad Alta🔴;🟡Prioridad Media🟡;🟡Prioridad Media🟡;🟡Prioridad Media🟡;;"Entre $15.000 a $30.000 la hora.;";"No me encuentro interesado en rentar por días.;";🔴Prioridad Alta🔴;🟡Prioridad Media🟡;🟡Prioridad Media🟡;🔴Prioridad Alta🔴;🔴Prioridad Alta🔴;🔴Prioridad Alta🔴;🔴Prioridad Alta🔴;🔴Prioridad Alta🔴;;1;Improbable;"Por chat con asesor mediante Whatsapp;Por llamada telefónica";6;[6, 8)
2025-05-20;Acepto.;18-25;Colombia;Rusia;Femenino.;3;Universitario;Técnico / Tecnológico;Rara vez.;Taxis;"Por estudio;Por turismo";0;0;;;;;;;Sí;Experiencia de negocio más personalizada;Falta de control en la entrega o devolución del vehículo;No;;;;No;;;;;1;horas;🔴Prioridad Alta🔴;🟡Prioridad Media🟡;🟢Prioridad Baja🟢;🟡Prioridad Media🟡;🟢Prioridad Baja🟢;🟡Prioridad Media🟡;🟢Prioridad Baja🟢;🟡Prioridad Media🟡;🟡Prioridad Media🟡;🟢Prioridad Baja🟢;🟡Prioridad Media🟡;🔴Prioridad Alta🔴;Otro: Que el vehículo reciba un uso correcto;"Pueda configurar qué tipo de solicitudes quiero recibir, para luego aceptarlas o denegarlas.;";"No me encuentro interesado en rentar por horas.;";"Entre $200.000 a $250.000 el día.;";Por transacción bancaria inmediata, al finalizar el servicio;🔴Prioridad Alta🔴;🟡Prioridad Media🟡;🟡Prioridad Media🟡;🔴Prioridad Alta🔴;🟢Prioridad Baja🟢;;"Aceptaría pagar una comisión del 10% al 14% por servicio.;Aceptaría pagar una comisión del 15% o más por servicio.;Aceptaría pagar una comisión del 4% al 9% por servicio.;";0;;;;;;;;;;;;;;;;;;;;;;;;0;Neutral;Por llamada telefónica;4;[4, 6)
2025-05-20;Acepto.;18-25;Colombia;Kazan (Rusia);Masculino.;3;Universitario;Secundaria media;Diariamente.;"Taxis;Buses municipales;SITP";Por estudio;1;0;;;;;;;No;Posibilidad de generar ingresos como propietario del vehículo;Desconfianza frente a clientes / personas desconocidas;No;;;;No;;;;;0;;;;;;;;;;;;;;;;;;;;;;;;;;0;;;;;;;;;;;;;;;;;;;;;;;;1;Probable;Por llamada telefónica;2;[2, 4)
2025-05-20;Acepto.;18-25;Colombia;Tunja (Boyacá);Femenino.;3;Universitario;Pregrado;Únicamente entre semana.;"Buses municipales;Taxis;Otro: Plataformas digitales de transporte (servicios privados)";Por estudio;1;0;;;;;;;Sí;"Mayor flexibilidad en horarios;Posibilidad de generar ingresos como propietario del vehículo;Diversidad de vehículos para rentar / arrendar;Promueve la economía colaborativa";"Posibles daños o mal uso del vehículo rentado;Falta de regulación por parte de entidades oficiales;Posible uso de vehículos para fines no autorizados";No;;;;No;;;;;0;;;;;;;;;;;;;;;;;;;;;;;;;;1;"dias;horas";🟡Prioridad Media🟡;🔴Prioridad Alta🔴;🔴Prioridad Alta🔴;🔴Prioridad Alta🔴;🔴Prioridad Alta🔴;🔴Prioridad Alta🔴;🔴Prioridad Alta🔴;🔴Prioridad Alta🔴;🟡Prioridad Media🟡;🟡Prioridad Media🟡;;"Entre $30.000 a $50.000 la hora.;";"Entre $250.000 a $350.000 el día.;";🟡Prioridad Media🟡;🔴Prioridad Alta🔴;🔴Prioridad Alta🔴;🔴Prioridad Alta🔴;🟡Prioridad Media🟡;🔴Prioridad Alta🔴;🔴Prioridad Alta🔴;🔴Prioridad Alta🔴;;1;Probable;Un chat en la plataforma;5;[4, 6)
2025-05-20;Acepto.;26-35;Colombia;;Femenino.;3;"Universitario;Desempleado";Maestría;En ninguna ocasión.;Otro: Servicios (informales);"Por trabajo;Por estudio";2;1;Diariamente.;Único;No;Auto;;;Sí;Mejor negociación en condiciones de arriendo;Posibles daños o mal uso del vehículo rentado;Sí;"A través de una plataforma web.;De forma independiente.;";"Buen margen de ganancias.;Transparencia en las condiciones del servicio.;";"Inseguridad o falta de protección frente a daños o mal uso.;";No;;;;;0;;;;;;;;;;;;;;;;;;;;;;;;;;0;;;;;;;;;;;;;;;;;;;;;;;;1;Neutral;Un chat en la plataforma;5;[4, 6)
2025-05-20;Acepto.;46-55;Colombia;Bogotá D.C.;Femenino.;4;Freelancer;Maestría;Rara vez.;Buses intermunicipales;Por compromisos personales o familiares;2;0;;;;;;;Sí;Promueve la economía colaborativa;Posible uso de vehículos para fines no autorizados;No;;;;No;;;;;0;;;;;;;;;;;;;;;;;;;;;;;;;;1;dias;🔴Prioridad Alta🔴;🔴Prioridad Alta🔴;🔴Prioridad Alta🔴;🔴Prioridad Alta🔴;🔴Prioridad Alta🔴;🔴Prioridad Alta🔴;🔴Prioridad Alta🔴;🔴Prioridad Alta🔴;🔴Prioridad Alta🔴;🔴Prioridad Alta🔴;;"Entre $15.000 a $30.000 la hora.;";"Entre $100.000 a $150.000 el día.;";🔴Prioridad Alta🔴;🔴Prioridad Alta🔴;🔴Prioridad Alta🔴;🔴Prioridad Alta🔴;🔴Prioridad Alta🔴;🔴Prioridad Alta🔴;🔴Prioridad Alta🔴;🔴Prioridad Alta🔴;;1;MuyProbable;Por correo electrónico;12;[12, 14)
2025-05-20;Acepto.;26-35;Colombia;Gold Coast (Australia);Masculino.;4;Empleado;Técnico / Tecnológico;Rara vez.;"Taxis;Buses municipales;SITP";"Por trabajo;Por compromisos personales o familiares;Por turismo";2;1;Diariamente.;Único;Ocasionalmente;Auto;;;Sí;"Posibilidad de generar ingresos como propietario del vehículo;Diversidad de vehículos para rentar / arrendar;Promueve la economía colaborativa";"Posibles daños o mal uso del vehículo rentado;Posible uso de vehículos para fines no autorizados";No;;;;No;;;;;1;dispersonal;🔴Prioridad Alta🔴;🟡Prioridad Media🟡;🔴Prioridad Alta🔴;🔴Prioridad Alta🔴;🔴Prioridad Alta🔴;🟢Prioridad Baja🟢;🟡Prioridad Media🟡;🟢Prioridad Baja🟢;🔴Prioridad Alta🔴;🟡Prioridad Media🟡;🔴Prioridad Alta🔴;🟡Prioridad Media🟡;;"Reciba solicitudes y pueda aceptarlas o denegarlas.;Pueda configurar qué tipo de solicitudes quiero recibir, para luego aceptarlas o denegarlas.;";"Entre $30.000 a $50.000 la hora.;Entre $50.000 a $80.000 la hora.;";"Entre $150.000 a $200.000 el día.;Entre $200.000 a $250.000 el día.;Entre $250.000 a $350.000 el día.;Desde $350.000 en adelante.;";Por transacción bancaria inmediata, una vez aprobado el servicio por mí y el cliente;🟡Prioridad Media🟡;🔴Prioridad Alta🔴;🟡Prioridad Media🟡;🟡Prioridad Media🟡;🟢Prioridad Baja🟢;;"Aceptaría pagar una comisión del 10% al 14% por servicio.;Aceptaría pagar una comisión del 15% o más por servicio.;";1;"horas;dias;semanas";🔴Prioridad Alta🔴;🟡Prioridad Media🟡;🔴Prioridad Alta🔴;🔴Prioridad Alta🔴;🟡Prioridad Media🟡;🔴Prioridad Alta🔴;🟡Prioridad Media🟡;🟡Prioridad Media🟡;🟢Prioridad Baja🟢;🔴Prioridad Alta🔴;;"Entre $30.000 a $50.000 la hora.;Entre $50.000 a $80.000 la hora.;Desde $80.000 en adelante.;";"Entre $150.000 a $200.000 el día.;Entre $200.000 a $250.000 el día.;Entre $250.000 a $350.000 el día.;Desde $350.000 en adelante.;";🟡Prioridad Media🟡;🟢Prioridad Baja🟢;🔴Prioridad Alta🔴;🔴Prioridad Alta🔴;🔴Prioridad Alta🔴;🟡Prioridad Media🟡;🟡Prioridad Media🟡;🔴Prioridad Alta🔴;;1;Probable;Por correo electrónico;14;[14, 16)
2025-05-20;Acepto.;56-65;Colombia;Villanueva (Casanare);Masculino.;3;"Empleado;Pensionado;Freelancer";Secundaria media;Únicamente los fines de semana.;Buses municipales;Por trabajo;2;1;Diariamente.;Único;No;Auto;;;Sí;Posibilidad de generar ingresos como propietario del vehículo;Posibles daños o mal uso del vehículo rentado;Sí;"A través de una empresa o entidad presencial.;";"Buen margen de ganancias.;";"Inseguridad o falta de protección frente a daños o mal uso.;";Sí;Colombia;;"Acompañamiento y buen trato durante el proceso.;";Trato poco profesional o desinteresado;0;;;;;;;;;;;;;;;;;;;;;;;;;;0;;;;;;;;;;;;;;;;;;;;;;;;1;Probable;Por llamada telefónica;19;[18, 20)
2025-05-20;Acepto.;16-17;Colombia;Facatativá (Cundinamarca);Femenino.;3;Estudiante de secundaria;Secundaria media;Rara vez.;"Buses municipales;Taxis;Buses intermunicipales";Por compromisos personales o familiares;0;0;;;;;;;No;"Posibilidad de generar ingresos como propietario del vehículo;Diversidad de vehículos para rentar / arrendar;Promueve la economía colaborativa;Aprovechamiento de vehículos particulares inactivos";"Posibles daños o mal uso del vehículo rentado;Desconfianza frente a clientes / personas desconocidas;Posible uso de vehículos para fines no autorizados;Falta de control en la entrega o devolución del vehículo";No;;;;No;;;;;1;"horas;findesemana";🔴Prioridad Alta🔴;🔴Prioridad Alta🔴;🔴Prioridad Alta🔴;🔴Prioridad Alta🔴;🔴Prioridad Alta🔴;🔴Prioridad Alta🔴;🔴Prioridad Alta🔴;🔴Prioridad Alta🔴;🔴Prioridad Alta🔴;🔴Prioridad Alta🔴;🔴Prioridad Alta🔴;🔴Prioridad Alta🔴;;"Reciba solicitudes y pueda aceptarlas o denegarlas.;Pueda configurar qué tipo de solicitudes quiero recibir, para luego aceptarlas o denegarlas.;Pueda confiar en la plataforma para que me consulten, o ellos mismos acepten y denieguen un servicio que me solicitan.;";"Entre $30.000 a $50.000 la hora.;";"Entre $200.000 a $250.000 el día.;";"En efectivo, antes de entregar el vehículo al cliente;Por transacción bancaria inmediata, una vez aprobado el servicio por mí y el cliente";🔴Prioridad Alta🔴;🔴Prioridad Alta🔴;🟡Prioridad Media🟡;🟡Prioridad Media🟡;🔴Prioridad Alta🔴;;"Aceptaría pagar una comisión del 4% al 9% por servicio.;";1;exclusividad_propietario;🔴Prioridad Alta🔴;🔴Prioridad Alta🔴;🔴Prioridad Alta🔴;🔴Prioridad Alta🔴;🔴Prioridad Alta🔴;🔴Prioridad Alta🔴;🔴Prioridad Alta🔴;🔴Prioridad Alta🔴;🔴Prioridad Alta🔴;🟡Prioridad Media🟡;;"Entre $30.000 a $50.000 la hora.;";"Entre $200.000 a $250.000 el día.;";🔴Prioridad Alta🔴;🔴Prioridad Alta🔴;🔴Prioridad Alta🔴;🔴Prioridad Alta🔴;🔴Prioridad Alta🔴;🔴Prioridad Alta🔴;🔴Prioridad Alta🔴;🔴Prioridad Alta🔴;;1;Probable;"Un chat en la plataforma;Por chat con asesor mediante Whatsapp";35;[34, 36)
2025-05-20;Acepto.;26-35;Colombia;Bogotá D.C.;Femenino.;4;Empleado;Especialización / Diplomado;Únicamente entre semana.;SITP;Por trabajo;1;0;;;;;;;Sí;Mejor negociación en condiciones de arriendo;Posibles daños o mal uso del vehículo rentado;No;;;;No;;;;;0;;;;;;;;;;;;;;;;;;;;;;;;;;0;;;;;;;;;;;;;;;;;;;;;;;;1;Neutral;Por llamada telefónica;2;[2, 4)
2025-05-20;Acepto.;18-25;Colombia;Tibasosa (Boyacá);Masculino.;2;Universitario;Pregrado;Únicamente entre semana.;"Buses municipales;Buses intermunicipales";"Por trabajo;Por estudio";2;1;Solo durante fines de semana.;Único;Sí;Motocicleta;;;Sí;"Mayor flexibilidad en horarios;Mejor negociación en condiciones de arriendo;Posibilidad de generar ingresos como propietario del vehículo";Posibles daños o mal uso del vehículo rentado;No;;;;No;;;;;1;"horas;dias";🔴Prioridad Alta🔴;🔴Prioridad Alta🔴;🟡Prioridad Media🟡;🔴Prioridad Alta🔴;🟡Prioridad Media🟡;🟡Prioridad Media🟡;🔴Prioridad Alta🔴;🔴Prioridad Alta🔴;🟡Prioridad Media🟡;🔴Prioridad Alta🔴;🔴Prioridad Alta🔴;🟡Prioridad Media🟡;;"Reciba solicitudes y pueda aceptarlas o denegarlas.;Pueda configurar qué tipo de solicitudes quiero recibir, para luego aceptarlas o denegarlas.;";"Entre $30.000 a $50.000 la hora.;";"Entre $150.000 a $200.000 el día.;";"En efectivo, antes de entregar el vehículo al cliente;Por transacción bancaria inmediata, una vez aprobado el servicio por mí y el cliente;Por transacción bancaria inmediata, al finalizar el servicio";🟡Prioridad Media🟡;🔴Prioridad Alta🔴;🟡Prioridad Media🟡;🔴Prioridad Alta🔴;🟡Prioridad Media🟡;;"Aceptaría pagar una comisión del 4% al 9% por servicio.;Preferiría pagar una suscripción mensual.;";1;"horas;dias;meses";🔴Prioridad Alta🔴;🔴Prioridad Alta🔴;🔴Prioridad Alta🔴;🔴Prioridad Alta🔴;🟡Prioridad Media🟡;🔴Prioridad Alta🔴;🔴Prioridad Alta🔴;🟡Prioridad Media🟡;🔴Prioridad Alta🔴;🔴Prioridad Alta🔴;;"Entre $15.000 a $30.000 la hora.;";"Entre $100.000 a $150.000 el día.;";🟡Prioridad Media🟡;🔴Prioridad Alta🔴;🔴Prioridad Alta🔴;🟡Prioridad Media🟡;🟡Prioridad Media🟡;🔴Prioridad Alta🔴;🔴Prioridad Alta🔴;🔴Prioridad Alta🔴;;1;MuyProbable;"Un chat en la plataforma;Por chat con asesor mediante Whatsapp;Por llamada telefónica";11;[10, 12)
2025-05-20;Acepto.;36-45;Colombia;Barbosa (Santander);Femenino.;3;Empleado;Especialización / Diplomado;Únicamente los fines de semana.;Taxis;Por turismo;2;1;Solo durante fines de semana.;Único;Sí;Auto;;;Sí;Posibilidad de generar ingresos como propietario del vehículo;"Posibles daños o mal uso del vehículo rentado;Posible uso de vehículos para fines no autorizados";No;;;;No;;;;;1;dispersonal;🔴Prioridad Alta🔴;🔴Prioridad Alta🔴;🔴Prioridad Alta🔴;🔴Prioridad Alta🔴;🟡Prioridad Media🟡;🟡Prioridad Media🟡;🔴Prioridad Alta🔴;🟡Prioridad Media🟡;🟡Prioridad Media🟡;🔴Prioridad Alta🔴;🔴Prioridad Alta🔴;🟡Prioridad Media🟡;;"Pueda confiar en la plataforma para que me consulten, o ellos mismos acepten y denieguen un servicio que me solicitan.;";"Desde $80.000 en adelante.;";"Desde $350.000 en adelante.;";Por transacción bancaria inmediata, una vez aprobado el servicio por mí y el cliente;🟡Prioridad Media🟡;🔴Prioridad Alta🔴;🟡Prioridad Media🟡;🔴Prioridad Alta🔴;🟡Prioridad Media🟡;;"Preferiría pagar una suscripción mensual.;";1;exclusividad_propietario;🟡Prioridad Media🟡;🟡Prioridad Media🟡;🔴Prioridad Alta🔴;🔴Prioridad Alta🔴;🔴Prioridad Alta🔴;🟡Prioridad Media🟡;🔴Prioridad Alta🔴;🔴Prioridad Alta🔴;🟡Prioridad Media🟡;🟡Prioridad Media🟡;;"Desde $80.000 en adelante.;";"Desde $350.000 en adelante.;";🟡Prioridad Media🟡;🔴Prioridad Alta🔴;🟡Prioridad Media🟡;🔴Prioridad Alta🔴;🔴Prioridad Alta🔴;🔴Prioridad Alta🔴;🔴Prioridad Alta🔴;🔴Prioridad Alta🔴;;1;Probable;"Un chat en la plataforma;Por llamada telefónica;Por chat con asesor mediante Whatsapp";16;[16, 18)
2025-05-20;Acepto.;18-25;Colombia;Cajicá (Cundinamarca);Femenino.;4;"Empleado;Universitario";Pregrado;Diariamente.;"Buses intermunicipales;SITP";Por trabajo;1;1;Solo durante fines de semana.;Único;Ocasionalmente;Auto;;;No;"Posibilidad de generar ingresos como propietario del vehículo;Diversidad de vehículos para rentar / arrendar;Promueve la economía colaborativa";Desconfianza frente a clientes / personas desconocidas;No;;;;Sí;Colombia;Localiza;"Facilidad en el acceso al servicio.;Rapidez en los tiempos de respuesta.;";"Lentitud en tiempos de atención y respuesta;Dificultad al usar las tecnologías indicadas";1;dias;🔴Prioridad Alta🔴;🔴Prioridad Alta🔴;🔴Prioridad Alta🔴;🔴Prioridad Alta🔴;🔴Prioridad Alta🔴;🔴Prioridad Alta🔴;🔴Prioridad Alta🔴;🔴Prioridad Alta🔴;🔴Prioridad Alta🔴;🔴Prioridad Alta🔴;🔴Prioridad Alta🔴;🔴Prioridad Alta🔴;Otro: Que el vehículo reciba un uso correcto;"Pueda configurar qué tipo de solicitudes quiero recibir, para luego aceptarlas o denegarlas.;";"Entre $30.000 a $50.000 la hora.;";"Entre $150.000 a $200.000 el día.;";Por transacción bancaria inmediata, una vez aprobado el servicio por mí y el cliente;🟡Prioridad Media🟡;🔴Prioridad Alta🔴;🔴Prioridad Alta🔴;🔴Prioridad Alta🔴;🔴Prioridad Alta🔴;;"Aceptaría pagar una comisión del 4% al 9% por servicio.;";1;"semanas;dias";🔴Prioridad Alta🔴;🔴Prioridad Alta🔴;🔴Prioridad Alta🔴;🔴Prioridad Alta🔴;🔴Prioridad Alta🔴;🔴Prioridad Alta🔴;🔴Prioridad Alta🔴;🔴Prioridad Alta🔴;🔴Prioridad Alta🔴;🔴Prioridad Alta🔴;;"Entre $30.000 a $50.000 la hora.;";"Entre $150.000 a $200.000 el día.;";🔴Prioridad Alta🔴;🔴Prioridad Alta🔴;🔴Prioridad Alta🔴;🔴Prioridad Alta🔴;🔴Prioridad Alta🔴;🔴Prioridad Alta🔴;🔴Prioridad Alta🔴;🔴Prioridad Alta🔴;;1;Probable;Por chat con asesor mediante Whatsapp;10;[10, 12)
2025-05-20;Acepto.;46-55;Colombia;Bogotá D.C.;Masculino.;4;Empleado;Técnico / Tecnológico;Únicamente entre semana.;Buses municipales;Por trabajo;2;1;Diariamente.;Único;Sí;Auto;;;Sí;Mayor flexibilidad en horarios;Posibles daños o mal uso del vehículo rentado;No;;;;No;;;;;1;horas;🔴Prioridad Alta🔴;🔴Prioridad Alta🔴;🔴Prioridad Alta🔴;🔴Prioridad Alta🔴;🔴Prioridad Alta🔴;🔴Prioridad Alta🔴;🔴Prioridad Alta🔴;🔴Prioridad Alta🔴;🔴Prioridad Alta🔴;🔴Prioridad Alta🔴;🔴Prioridad Alta🔴;🔴Prioridad Alta🔴;;"Reciba solicitudes y pueda aceptarlas o denegarlas.;";"Entre $15.000 a $30.000 la hora.;";"Entre $100.000 a $150.000 el día.;";Por transacción bancaria inmediata, al finalizar el servicio;🟡Prioridad Media🟡;🔴Prioridad Alta🔴;🔴Prioridad Alta🔴;🔴Prioridad Alta🔴;🔴Prioridad Alta🔴;;"Preferiría pagar una suscripción mensual.;";1;meses;🔴Prioridad Alta🔴;🔴Prioridad Alta🔴;🔴Prioridad Alta🔴;🔴Prioridad Alta🔴;🔴Prioridad Alta🔴;🔴Prioridad Alta🔴;🔴Prioridad Alta🔴;🔴Prioridad Alta🔴;🔴Prioridad Alta🔴;🔴Prioridad Alta🔴;;"Entre $15.000 a $30.000 la hora.;";"Entre $150.000 a $200.000 el día.;";🔴Prioridad Alta🔴;🔴Prioridad Alta🔴;🔴Prioridad Alta🔴;🔴Prioridad Alta🔴;🔴Prioridad Alta🔴;🔴Prioridad Alta🔴;🔴Prioridad Alta🔴;🔴Prioridad Alta🔴;;1;MuyProbable;Por correo electrónico;10;[10, 12)
2025-05-21;Acepto.;18-25;Colombia;Yopal (Casanare);Femenino.;2;Universitario;Secundaria media;Rara vez.;Taxis;Por estudio;2;0;;;;;;;No;Mayor flexibilidad en horarios;Posibles daños o mal uso del vehículo rentado;No;;;;No;;;;;1;horas;🔴Prioridad Alta🔴;🔴Prioridad Alta🔴;🔴Prioridad Alta🔴;🔴Prioridad Alta🔴;🔴Prioridad Alta🔴;🔴Prioridad Alta🔴;🔴Prioridad Alta🔴;🟡Prioridad Media🟡;🔴Prioridad Alta🔴;🔴Prioridad Alta🔴;🔴Prioridad Alta🔴;🔴Prioridad Alta🔴;;"Reciba solicitudes y pueda aceptarlas o denegarlas.;";"Entre $15.000 a $30.000 la hora.;";"No me encuentro interesado en rentar por días.;";En efectivo, antes de entregar el vehículo al cliente;🔴Prioridad Alta🔴;🔴Prioridad Alta🔴;🔴Prioridad Alta🔴;🔴Prioridad Alta🔴;🔴Prioridad Alta🔴;;"No estaría interesado en pagar comisión alguna.;";1;horas;🔴Prioridad Alta🔴;🔴Prioridad Alta🔴;🔴Prioridad Alta🔴;🔴Prioridad Alta🔴;🔴Prioridad Alta🔴;🔴Prioridad Alta🔴;🔴Prioridad Alta🔴;🔴Prioridad Alta🔴;🔴Prioridad Alta🔴;🔴Prioridad Alta🔴;;"Entre $15.000 a $30.000 la hora.;";"No me encuentro interesado en rentar por días.;";🔴Prioridad Alta🔴;🔴Prioridad Alta🔴;🔴Prioridad Alta🔴;🔴Prioridad Alta🔴;🔴Prioridad Alta🔴;🔴Prioridad Alta🔴;🔴Prioridad Alta🔴;🔴Prioridad Alta🔴;;1;Neutral;"Un chat en la plataforma;Por chat con asesor mediante Whatsapp";6;[6, 8)
2025-05-21;Acepto.;18-25;Colombia;Rusia;Masculino.;2;Universitario;Pregrado;Diariamente.;"Taxis;SITP;Buses municipales";Por estudio;1;0;;;;;;;No;Aprovechamiento de vehículos particulares inactivos;Posibles daños o mal uso del vehículo rentado;No;;;;No;;;;;0;;;;;;;;;;;;;;;;;;;;;;;;;;0;;;;;;;;;;;;;;;;;;;;;;;;0;MuyImprobable;Por chat con asesor mediante Whatsapp;3;[2, 4)
2025-05-21;Acepto.;56-65;Colombia;Rusia;Masculino.;6;"Empleado;Universitario";Pregrado;Únicamente los fines de semana.;Buses intermunicipales;Por estudio;0;0;;;;;;;Sí;"Promueve la economía colaborativa;Experiencia de negocio más personalizada";"Posible uso de vehículos para fines no autorizados;Falta de regulación por parte de entidades oficiales";Sí;"A través de una plataforma web.;";"Buena gestión por parte de la entidad sobre el vehículo.;Seguridad en el proceso de entrega y devolución en el vehículo.;";"Logística y administración complejas y confusas.;Baja visibilidad de mi(s) vehículo(s) para los clientes potenciales.;";No;;;;;1;dias;🟡Prioridad Media🟡;🟡Prioridad Media🟡;🔴Prioridad Alta🔴;🟡Prioridad Media🟡;🟡Prioridad Media🟡;🟡Prioridad Media🟡;🟡Prioridad Media🟡;🟡Prioridad Media🟡;🔴Prioridad Alta🔴;🟡Prioridad Media🟡;🔴Prioridad Alta🔴;🟡Prioridad Media🟡;;"Reciba solicitudes y pueda aceptarlas o denegarlas.;Pueda configurar qué tipo de solicitudes quiero recibir, para luego aceptarlas o denegarlas.;Pueda confiar en la plataforma para que me consulten, o ellos mismos acepten y denieguen un servicio que me solicitan.;";"Entre $15.000 a $30.000 la hora.;";"Entre $100.000 a $150.000 el día.;";En efectivo, cuando el cliente devuelve el vehículo;🔴Prioridad Alta🔴;🟡Prioridad Media🟡;🟢Prioridad Baja🟢;🟡Prioridad Media🟡;🔴Prioridad Alta🔴;;"Preferiría pagar una suscripción mensual.;Aceptaría pagar una comisión del 4% al 9% por servicio.;";1;"dias;semanas";🔴Prioridad Alta🔴;🟡Prioridad Media🟡;🟡Prioridad Media🟡;🔴Prioridad Alta🔴;🟡Prioridad Media🟡;🟡Prioridad Media🟡;🟡Prioridad Media🟡;🟡Prioridad Media🟡;🟡Prioridad Media🟡;🔴Prioridad Alta🔴;;"Entre $30.000 a $50.000 la hora.;Entre $50.000 a $80.000 la hora.;";"Entre $150.000 a $200.000 el día.;Entre $200.000 a $250.000 el día.;";🟡Prioridad Media🟡;🔴Prioridad Alta🔴;🟡Prioridad Media🟡;🔴Prioridad Alta🔴;🟡Prioridad Media🟡;🔴Prioridad Alta🔴;🟡Prioridad Media🟡;🔴Prioridad Alta🔴;;1;Improbable;Por llamada telefónica;4;[4, 6)
2025-05-21;Acepto.;26-35;Colombia;Funza (Cundinamarca);Femenino.;2;"Empleado;Universitario";Técnico / Tecnológico;Rara vez.;;Por trabajo;0;1;Diariamente.;Único;No;BiciCov;;;Sí;"Mayor flexibilidad en horarios;Mejor negociación en condiciones de arriendo;Posibilidad de generar ingresos como propietario del vehículo;Diversidad de vehículos para rentar / arrendar;Experiencia de negocio más personalizada;Promueve la economía colaborativa;Aprovechamiento de vehículos particulares inactivos";"Posibles daños o mal uso del vehículo rentado;Desconfianza frente a clientes / personas desconocidas";No;;;;No;;;;;1;semana;🔴Prioridad Alta🔴;🔴Prioridad Alta🔴;🔴Prioridad Alta🔴;🔴Prioridad Alta🔴;🔴Prioridad Alta🔴;🔴Prioridad Alta🔴;🔴Prioridad Alta🔴;🔴Prioridad Alta🔴;🔴Prioridad Alta🔴;🔴Prioridad Alta🔴;🔴Prioridad Alta🔴;🔴Prioridad Alta🔴;Otro: Elementos de Seguridad Vial y Protección personal por parte del arrendador;"Reciba solicitudes y pueda aceptarlas o denegarlas.;Pueda configurar qué tipo de solicitudes quiero recibir, para luego aceptarlas o denegarlas.;Pueda confiar en la plataforma para que me consulten, o ellos mismos acepten y denieguen un servicio que me solicitan.;";"Entre $30.000 a $50.000 la hora.;";"Entre $100.000 a $150.000 el día.;Entre $150.000 a $200.000 el día.;Entre $200.000 a $250.000 el día.;";"Por transacción bancaria inmediata, una vez aprobado el servicio por mí y el cliente;En efectivo, antes de entregar el vehículo al cliente;En efectivo, cuando el cliente devuelve el vehículo;Por transacción bancaria inmediata, al finalizar el servicio";🔴Prioridad Alta🔴;🔴Prioridad Alta🔴;🔴Prioridad Alta🔴;🔴Prioridad Alta🔴;🔴Prioridad Alta🔴;Revisar 40B;"Preferiría pagar una suscripción mensual.;";1;"dias;semanas";🔴Prioridad Alta🔴;🔴Prioridad Alta🔴;🔴Prioridad Alta🔴;🔴Prioridad Alta🔴;🔴Prioridad Alta🔴;🔴Prioridad Alta🔴;🔴Prioridad Alta🔴;🔴Prioridad Alta🔴;🔴Prioridad Alta🔴;🔴Prioridad Alta🔴;Revisar 49G;"Entre $15.000 a $30.000 la hora.;Entre $30.000 a $50.000 la hora.;";"Entre $100.000 a $150.000 el día.;Entre $150.000 a $200.000 el día.;Entre $200.000 a $250.000 el día.;";🔴Prioridad Alta🔴;🔴Prioridad Alta🔴;🔴Prioridad Alta🔴;🔴Prioridad Alta🔴;🔴Prioridad Alta🔴;🔴Prioridad Alta🔴;🔴Prioridad Alta🔴;🔴Prioridad Alta🔴;Revisar 49H;1;MuyProbable;"Un chat en la plataforma;Por correo electrónico;Por llamada telefónica;Por chat con asesor mediante Whatsapp;Con un chatbot (Sea por plataforma, Whatsapp, u otro medio.)";9;[8, 10)
2025-05-21;Acepto.;18-25;Colombia;Tunja (Boyacá);Femenino.;3;Universitario;Técnico / Tecnológico;Rara vez.;Buses municipales;Por compromisos personales o familiares;1;0;;;;;;;Sí;"Mayor flexibilidad en horarios;Experiencia de negocio más personalizada;Mejor negociación en condiciones de arriendo;Diversidad de vehículos para rentar / arrendar";"Posibles daños o mal uso del vehículo rentado;Posible uso de vehículos para fines no autorizados";No;;;;No;;;;;0;;;;;;;;;;;;;;;;;;;;;;;;;;0;;;;;;;;;;;;;;;;;;;;;;;;1;Neutral;Por chat con asesor mediante Whatsapp;41;[40, 42)
2025-05-21;Acepto.;18-25;Colombia;Tunja (Boyacá);Masculino.;6;Universitario;Secundaria media;Únicamente entre semana.;"Buses municipales;Buses intermunicipales";"Por estudio;Por trabajo";2;1;Solo entre semana laboral.;Varios;;;"sí_prop;no";"Moto;Auto";Sí;"Mayor flexibilidad en horarios;Mejor negociación en condiciones de arriendo";"Desconfianza frente a clientes / personas desconocidas;Posible uso de vehículos para fines no autorizados";Sí;"A través de una empresa o entidad presencial.;";"Control sobre las decisiones tomadas sobre el vehículo.;Buena gestión por parte de la entidad sobre el vehículo.;";"Logística y administración complejas y confusas.;Inseguridad o falta de protección frente a daños o mal uso.;";Sí;Colombia;;"Transparencia en la información brindada.;Eficacia en la solución de problemas y dudas.;";"Trato poco profesional o desinteresado;Falta de información en el servicio o vehículo a recibir";1;"findesemana;dias";🟡Prioridad Media🟡;🔴Prioridad Alta🔴;🟡Prioridad Media🟡;🟡Prioridad Media🟡;🔴Prioridad Alta🔴;🔴Prioridad Alta🔴;🟡Prioridad Media🟡;🟡Prioridad Media🟡;🟡Prioridad Media🟡;🟡Prioridad Media🟡;🔴Prioridad Alta🔴;🟡Prioridad Media🟡;;"Reciba solicitudes y pueda aceptarlas o denegarlas.;Pueda confiar en la plataforma para que me consulten, o ellos mismos acepten y denieguen un servicio que me solicitan.;";"Entre $15.000 a $30.000 la hora.;";"Entre $100.000 a $150.000 el día.;";"En efectivo, cuando el cliente devuelve el vehículo;Por transacción bancaria inmediata, al finalizar el servicio";🟡Prioridad Media🟡;🟢Prioridad Baja🟢;🟡Prioridad Media🟡;🟢Prioridad Baja🟢;🟢Prioridad Baja🟢;;"Aceptaría pagar una comisión del 4% al 9% por servicio.;Aceptaría pagar una comisión del 10% al 14% por servicio.;";1;"dias;semanas";🟢Prioridad Baja🟢;🟢Prioridad Baja🟢;🟡Prioridad Media🟡;🟡Prioridad Media🟡;🟢Prioridad Baja🟢;🟢Prioridad Baja🟢;🟢Prioridad Baja🟢;🟡Prioridad Media🟡;🟡Prioridad Media🟡;🟡Prioridad Media🟡;;"Entre $15.000 a $30.000 la hora.;";"Entre $100.000 a $150.000 el día.;";🟡Prioridad Media🟡;🟢Prioridad Baja🟢;🟡Prioridad Media🟡;🟡Prioridad Media🟡;🟢Prioridad Baja🟢;🟡Prioridad Media🟡;🟢Prioridad Baja🟢;🟡Prioridad Media🟡;;1;MuyProbable;"Un chat en la plataforma;Por llamada telefónica";3;[2, 4)
2025-05-21;Acepto.;18-25;Colombia;Tunja (Boyacá);Masculino.;4;Universitario;Pregrado;Diariamente.;"Taxis;Buses municipales";Por estudio;2;1;Solo entre semana laboral.;Único;Ocasionalmente;Auto;;;Sí;"Diversidad de vehículos para rentar / arrendar;Posibilidad de generar ingresos como propietario del vehículo";"Posible uso de vehículos para fines no autorizados;Desconfianza frente a clientes / personas desconocidas";Sí;"A través de una empresa o entidad presencial.;A través de una plataforma web.;";"Buena gestión por parte de la entidad sobre el vehículo.;Acompañamiento en los trámites y documentación.;";"Decisiones arbitrarias por parte de la entidad sobre el vehículo propio.;Logística y administración complejas y confusas.;";No;;;;;0;;;;;;;;;;;;;;;;;;;;;;;;;;0;;;;;;;;;;;;;;;;;;;;;;;;0;MuyProbable;Un chat en la plataforma;1;[0, 2)
2025-05-21;Acepto.;18-25;Colombia;Yopal (Casanare);Masculino.;1;Universitario;Pregrado;Rara vez.;Taxis;Por estudio;2;1;Diariamente.;Único;Sí;Motocicleta;;;No;Mayor flexibilidad en horarios;Posibles daños o mal uso del vehículo rentado;No;;;;No;;;;;0;;;;;;;;;;;;;;;;;;;;;;;;;;0;;;;;;;;;;;;;;;;;;;;;;;;1;Improbable;Por correo electrónico;2;[2, 4)
2025-05-21;Acepto.;26-35;Colombia;Bogotá D.C.;Femenino.;2;Empleado;Especialización / Diplomado;Diariamente.;"Buses municipales;SITP";"Por trabajo;Por compromisos personales o familiares;Por turismo";1;0;;;;;;;Sí;"Promueve la economía colaborativa;Aprovechamiento de vehículos particulares inactivos";"Posibles daños o mal uso del vehículo rentado;Posible uso de vehículos para fines no autorizados;Falta de control en la entrega o devolución del vehículo";No;;;;No;;;;;1;dias;🔴Prioridad Alta🔴;🔴Prioridad Alta🔴;🔴Prioridad Alta🔴;🔴Prioridad Alta🔴;🟡Prioridad Media🟡;🟡Prioridad Media🟡;🟡Prioridad Media🟡;🔴Prioridad Alta🔴;🟡Prioridad Media🟡;🟡Prioridad Media🟡;🟡Prioridad Media🟡;🟡Prioridad Media🟡;;"Pueda configurar qué tipo de solicitudes quiero recibir, para luego aceptarlas o denegarlas.;";"No me encuentro interesado en rentar por horas.;";"Entre $150.000 a $200.000 el día.;";"En efectivo, antes de entregar el vehículo al cliente;Por transacción bancaria inmediata, una vez aprobado el servicio por mí y el cliente;Un respaldo con un pagaré automatizado por transferencia bancaria al finalizar el servicio por medio de Flex Drive";🔴Prioridad Alta🔴;🔴Prioridad Alta🔴;🟡Prioridad Media🟡;🟡Prioridad Media🟡;🟡Prioridad Media🟡;;"Preferiría pagar una suscripción mensual.;";1;dias;🟡Prioridad Media🟡;🟡Prioridad Media🟡;🔴Prioridad Alta🔴;🔴Prioridad Alta🔴;🟡Prioridad Media🟡;🔴Prioridad Alta🔴;🔴Prioridad Alta🔴;🔴Prioridad Alta🔴;🟡Prioridad Media🟡;🔴Prioridad Alta🔴;;"No me encuentro interesado en rentar por horas.;";"Entre $100.000 a $150.000 el día.;";🟡Prioridad Media🟡;🟡Prioridad Media🟡;🔴Prioridad Alta🔴;🔴Prioridad Alta🔴;🔴Prioridad Alta🔴;🔴Prioridad Alta🔴;🟡Prioridad Media🟡;🟡Prioridad Media🟡;;1;Neutral;"Un chat en la plataforma;Por chat con asesor mediante Whatsapp";10;[10, 12)
2025-05-22;Acepto.;18-25;Colombia;Sogamoso (Boyacá);Masculino.;2;Universitario;Pregrado;Únicamente los fines de semana.;"Buses intermunicipales;Buses municipales";Por estudio;2;0;;;;;;;Sí;"Posibilidad de generar ingresos como propietario del vehículo;Diversidad de vehículos para rentar / arrendar;Promueve la economía colaborativa";"Posibles daños o mal uso del vehículo rentado;Posible uso de vehículos para fines no autorizados;Falta de regulación por parte de entidades oficiales;Falta de control en la entrega o devolución del vehículo";No;;;;No;;;;;1;dias;🔴Prioridad Alta🔴;🟡Prioridad Media🟡;🔴Prioridad Alta🔴;🔴Prioridad Alta🔴;🟡Prioridad Media🟡;🔴Prioridad Alta🔴;🟡Prioridad Media🟡;🔴Prioridad Alta🔴;🟡Prioridad Media🟡;🟢Prioridad Baja🟢;🔴Prioridad Alta🔴;🔴Prioridad Alta🔴;;"Reciba solicitudes y pueda aceptarlas o denegarlas.;Pueda configurar qué tipo de solicitudes quiero recibir, para luego aceptarlas o denegarlas.;Pueda confiar en la plataforma para que me consulten, o ellos mismos acepten y denieguen un servicio que me solicitan.;";"No me encuentro interesado en rentar por horas.;";"Entre $100.000 a $150.000 el día.;";Por transacción bancaria inmediata, una vez aprobado el servicio por mí y el cliente;🔴Prioridad Alta🔴;🔴Prioridad Alta🔴;🔴Prioridad Alta🔴;🔴Prioridad Alta🔴;🔴Prioridad Alta🔴;;"Aceptaría pagar una comisión del 4% al 9% por servicio.;";1;dias;🔴Prioridad Alta🔴;🔴Prioridad Alta🔴;🔴Prioridad Alta🔴;🔴Prioridad Alta🔴;🟡Prioridad Media🟡;🟡Prioridad Media🟡;🟡Prioridad Media🟡;🔴Prioridad Alta🔴;🟡Prioridad Media🟡;🔴Prioridad Alta🔴;;"No me encuentro interesado en rentar por horas.;";"Entre $100.000 a $150.000 el día.;";🔴Prioridad Alta🔴;🔴Prioridad Alta🔴;🔴Prioridad Alta🔴;🔴Prioridad Alta🔴;🔴Prioridad Alta🔴;🟡Prioridad Media🟡;🔴Prioridad Alta🔴;🔴Prioridad Alta🔴;;1;Neutral;Un chat en la plataforma;15;[14, 16)
2025-05-22;Acepto.;36-45;Colombia;Tunja (Boyacá);Femenino.;3;Freelancer;Técnico / Tecnológico;Rara vez.;"Taxis;Buses municipales";Por trabajo;2;1;Diariamente.;Único;No;Auto;;;No;Mayor flexibilidad en horarios;Posibles daños o mal uso del vehículo rentado;No;;;;No;;;;;0;;;;;;;;;;;;;;;;;;;;;;;;;;0;;;;;;;;;;;;;;;;;;;;;;;;1;Neutral;Por chat con asesor mediante Whatsapp;11;[10, 12)
2025-05-22;Acepto.;18-25;Colombia;Tunja (Boyacá);Masculino.;2;Universitario;Técnico / Tecnológico;Únicamente entre semana.;"Taxis;Buses municipales";Por estudio;1;0;;;;;;;No;"Posibilidad de generar ingresos como propietario del vehículo;Diversidad de vehículos para rentar / arrendar;Aprovechamiento de vehículos particulares inactivos";"Posibles daños o mal uso del vehículo rentado;Desconfianza frente a clientes / personas desconocidas;Posible uso de vehículos para fines no autorizados";No;;;;No;;;;;0;;;;;;;;;;;;;;;;;;;;;;;;;;0;;;;;;;;;;;;;;;;;;;;;;;;1;Neutral;"Un chat en la plataforma;Por llamada telefónica;Por chat con asesor mediante Whatsapp";10;[10, 12)
2025-05-22;Acepto.;18-25;Colombia;Tunja (Boyacá);Masculino.;4;Universitario;Pregrado;Únicamente los fines de semana.;Taxis;Por compromisos personales o familiares;0;1;Solo durante fines de semana.;Varios;;;sí_prop;"Moto;Auto;Autobu";Sí;;"Posibles daños o mal uso del vehículo rentado;Desconfianza frente a clientes / personas desconocidas;Posible uso de vehículos para fines no autorizados";No;;;;No;;;;;0;;;;;;;;;;;;;;;;;;;;;;;;;;0;;;;;;;;;;;;;;;;;;;;;;;;1;MuyImprobable;Con un chatbot (Sea por plataforma, Whatsapp, u otro medio.);5;[4, 6)
2025-05-22;Acepto.;18-25;Colombia;Sogamoso (Boyacá);Masculino.;2;Universitario;Pregrado;Únicamente entre semana.;"Buses municipales;Taxis;Buses intermunicipales";"Por estudio;Por compromisos personales o familiares";1;0;;;;;;;Sí;"Aprovechamiento de vehículos particulares inactivos;Promueve la economía colaborativa";"Posibles daños o mal uso del vehículo rentado;Posible uso de vehículos para fines no autorizados;Falta de regulación por parte de entidades oficiales";No;;;;No;;;;;0;;;;;;;;;;;;;;;;;;;;;;;;;;0;;;;;;;;;;;;;;;;;;;;;;;;1;Improbable;Con un chatbot (Sea por plataforma, Whatsapp, u otro medio.);5;[4, 6)
2025-05-22;Acepto.;18-25;Colombia;Tunja (Boyacá);Masculino.;3;Universitario;Pregrado;Únicamente entre semana.;"Taxis;Buses municipales";Por estudio;2;0;;;;;;;No;Mayor flexibilidad en horarios;Posibles daños o mal uso del vehículo rentado;No;;;;No;;;;;1;dias;🔴Prioridad Alta🔴;🟢Prioridad Baja🟢;🔴Prioridad Alta🔴;🔴Prioridad Alta🔴;🔴Prioridad Alta🔴;🔴Prioridad Alta🔴;🔴Prioridad Alta🔴;🔴Prioridad Alta🔴;🟡Prioridad Media🟡;🟡Prioridad Media🟡;🟡Prioridad Media🟡;🟡Prioridad Media🟡;;"Reciba solicitudes y pueda aceptarlas o denegarlas.;Pueda configurar qué tipo de solicitudes quiero recibir, para luego aceptarlas o denegarlas.;Pueda confiar en la plataforma para que me consulten, o ellos mismos acepten y denieguen un servicio que me solicitan.;";"No me encuentro interesado en rentar por horas.;";"No me encuentro interesado en rentar por días.;";"En efectivo, antes de entregar el vehículo al cliente;Por transacción bancaria inmediata, una vez aprobado el servicio por mí y el cliente";🟡Prioridad Media🟡;🟡Prioridad Media🟡;🟡Prioridad Media🟡;🟡Prioridad Media🟡;🔴Prioridad Alta🔴;;"Preferiría pagar una suscripción mensual.;";0;;;;;;;;;;;;;;;;;;;;;;;;1;Neutral;Por correo electrónico;7;[6, 8)
2025-05-22;Acepto.;18-25;Colombia;Tunja (Boyacá);Masculino.;3;Universitario;Pregrado;Únicamente entre semana.;"Taxis;Buses municipales;Buses intermunicipales";Por estudio;2;1;Muy rara vez.;Único;Sí;Auto;;;Sí;Posibilidad de generar ingresos como propietario del vehículo;"Posibles daños o mal uso del vehículo rentado;Desconfianza frente a clientes / personas desconocidas;Falta de control en la entrega o devolución del vehículo";No;;;;No;;;;;1;"findesemana;dispersonal";🔴Prioridad Alta🔴;🔴Prioridad Alta🔴;🔴Prioridad Alta🔴;🔴Prioridad Alta🔴;🟡Prioridad Media🟡;🟡Prioridad Media🟡;🟡Prioridad Media🟡;🔴Prioridad Alta🔴;🔴Prioridad Alta🔴;🟢Prioridad Baja🟢;🔴Prioridad Alta🔴;🔴Prioridad Alta🔴;Otro: Que el vehículo reciba un uso correcto;"Reciba solicitudes y pueda aceptarlas o denegarlas.;Pueda confiar en la plataforma para que me consulten, o ellos mismos acepten y denieguen un servicio que me solicitan.;";"Desde $80.000 en adelante.;Entre $50.000 a $80.000 la hora.;";"Entre $200.000 a $250.000 el día.;Entre $150.000 a $200.000 el día.;";"En efectivo, antes de entregar el vehículo al cliente;Un respaldo con un pagaré automatizado por transferencia bancaria al finalizar el servicio por medio de Flex Drive";🟢Prioridad Baja🟢;🔴Prioridad Alta🔴;🟢Prioridad Baja🟢;🔴Prioridad Alta🔴;🔴Prioridad Alta🔴;Revisar 34B;"Aceptaría pagar una comisión del 4% al 9% por servicio.;";1;dias;🟢Prioridad Baja🟢;🟡Prioridad Media🟡;🔴Prioridad Alta🔴;🔴Prioridad Alta🔴;🔴Prioridad Alta🔴;🔴Prioridad Alta🔴;🔴Prioridad Alta🔴;🟡Prioridad Media🟡;🟡Prioridad Media🟡;🟡Prioridad Media🟡;;"Entre $30.000 a $50.000 la hora.;Entre $15.000 a $30.000 la hora.;";"Entre $150.000 a $200.000 el día.;Entre $200.000 a $250.000 el día.;";🔴Prioridad Alta🔴;🟡Prioridad Media🟡;🟡Prioridad Media🟡;🟡Prioridad Media🟡;🟡Prioridad Media🟡;🔴Prioridad Alta🔴;🔴Prioridad Alta🔴;🔴Prioridad Alta🔴;;1;MuyProbable;"Un chat en la plataforma;Por correo electrónico;Por llamada telefónica;Por chat con asesor mediante Whatsapp";17;[16, 18)
2025-05-22;Acepto.;18-25;Colombia;Paz De Río (Boyacá);Femenino.;3;"Universitario;Desempleado";Pregrado;Rara vez.;Buses municipales;Por compromisos personales o familiares;1;0;;;;;;;No;Mayor flexibilidad en horarios;Posibles daños o mal uso del vehículo rentado;No;;;;No;;;;;1;dispersonal;🔴Prioridad Alta🔴;🔴Prioridad Alta🔴;🔴Prioridad Alta🔴;🔴Prioridad Alta🔴;🔴Prioridad Alta🔴;🔴Prioridad Alta🔴;🔴Prioridad Alta🔴;🔴Prioridad Alta🔴;🔴Prioridad Alta🔴;🔴Prioridad Alta🔴;🔴Prioridad Alta🔴;🔴Prioridad Alta🔴;;"Reciba solicitudes y pueda aceptarlas o denegarlas.;";"No me encuentro interesado en rentar por horas.;";"No me encuentro interesado en rentar por días.;";En efectivo, antes de entregar el vehículo al cliente;🔴Prioridad Alta🔴;🔴Prioridad Alta🔴;🔴Prioridad Alta🔴;🔴Prioridad Alta🔴;🔴Prioridad Alta🔴;;"No estaría interesado en pagar comisión alguna.;";1;exclusividad_propietario;🔴Prioridad Alta🔴;🔴Prioridad Alta🔴;🔴Prioridad Alta🔴;🔴Prioridad Alta🔴;🔴Prioridad Alta🔴;🔴Prioridad Alta🔴;🔴Prioridad Alta🔴;🔴Prioridad Alta🔴;🔴Prioridad Alta🔴;🔴Prioridad Alta🔴;;"No me encuentro interesado en rentar por horas.;";"No me encuentro interesado en rentar por días.;";🔴Prioridad Alta🔴;🔴Prioridad Alta🔴;🔴Prioridad Alta🔴;🔴Prioridad Alta🔴;🔴Prioridad Alta🔴;🔴Prioridad Alta🔴;🔴Prioridad Alta🔴;🔴Prioridad Alta🔴;;1;Probable;Por chat con asesor mediante Whatsapp;9;[8, 10)
2025-05-22;Acepto.;18-25;Colombia;Tunja (Boyacá);Femenino.;4;Universitario;Técnico / Tecnológico;Únicamente entre semana.;Buses municipales;Por compromisos personales o familiares;2;1;Diariamente.;Único;Ocasionalmente;BiciEle;;;Sí;Posibilidad de generar ingresos como propietario del vehículo;Desconfianza frente a clientes / personas desconocidas;Sí;"A través de una empresa o entidad presencial.;";"Control sobre las decisiones tomadas sobre el vehículo.;";"Decisiones arbitrarias por parte de la entidad sobre el vehículo propio.;";Sí;En el exterior;Jkk;"Transparencia en la información brindada.;";Lentitud en tiempos de atención y respuesta;1;findesemana;🟢Prioridad Baja🟢;🟢Prioridad Baja🟢;🟡Prioridad Media🟡;🟢Prioridad Baja🟢;🟡Prioridad Media🟡;🔴Prioridad Alta🔴;🟡Prioridad Media🟡;🟡Prioridad Media🟡;🟢Prioridad Baja🟢;🟡Prioridad Media🟡;🟢Prioridad Baja🟢;🟡Prioridad Media🟡;;"Pueda configurar qué tipo de solicitudes quiero recibir, para luego aceptarlas o denegarlas.;Reciba solicitudes y pueda aceptarlas o denegarlas.;";"Entre $30.000 a $50.000 la hora.;";"Entre $200.000 a $250.000 el día.;";Por transacción bancaria inmediata, al finalizar el servicio;🟢Prioridad Baja🟢;🟡Prioridad Media🟡;🟢Prioridad Baja🟢;🟡Prioridad Media🟡;🟢Prioridad Baja🟢;;"Aceptaría pagar una comisión del 10% al 14% por servicio.;";0;;;;;;;;;;;;;;;;;;;;;;;;1;Improbable;Por chat con asesor mediante Whatsapp;2;[2, 4)
2025-05-22;Acepto.;18-25;Colombia;Sogamoso (Boyacá);Masculino.;3;Universitario;Pregrado;Únicamente entre semana.;"Taxis;Buses municipales";Por estudio;2;0;;;;;;;No;Posibilidad de generar ingresos como propietario del vehículo;Posibles daños o mal uso del vehículo rentado;No;;;;No;;;;;0;;;;;;;;;;;;;;;;;;;;;;;;;;0;;;;;;;;;;;;;;;;;;;;;;;;1;Probable;"Por chat con asesor mediante Whatsapp;Por llamada telefónica";7;[6, 8)
2025-05-22;Acepto.;46-55;Colombia;Paz De Río (Boyacá);Masculino.;2;Desempleado;Técnico / Tecnológico;Rara vez.;Taxis;Por trabajo;2;1;Muy rara vez.;Único;Ocasionalmente;Motocicleta;;;No;;;No;;;;No;;;;;0;;;;;;;;;;;;;;;;;;;;;;;;;;0;;;;;;;;;;;;;;;;;;;;;;;;1;MuyImprobable;Por llamada telefónica;8;[8, 10)
2025-05-22;Acepto.;18-25;Colombia;Tunja (Boyacá);Masculino.;3;Universitario;Pregrado;Diariamente.;Buses municipales;Por estudio;1;0;;;;;;;Sí;Mejor negociación en condiciones de arriendo;Falta de control en la entrega o devolución del vehículo;No;;;;No;;;;;1;dias;🟡Prioridad Media🟡;🟢Prioridad Baja🟢;🟢Prioridad Baja🟢;🟢Prioridad Baja🟢;🟢Prioridad Baja🟢;🟢Prioridad Baja🟢;🟢Prioridad Baja🟢;🟢Prioridad Baja🟢;🟢Prioridad Baja🟢;🟢Prioridad Baja🟢;🟢Prioridad Baja🟢;🟢Prioridad Baja🟢;;"Reciba solicitudes y pueda aceptarlas o denegarlas.;Pueda configurar qué tipo de solicitudes quiero recibir, para luego aceptarlas o denegarlas.;Pueda confiar en la plataforma para que me consulten, o ellos mismos acepten y denieguen un servicio que me solicitan.;";"Entre $30.000 a $50.000 la hora.;";"Entre $150.000 a $200.000 el día.;";"En efectivo, antes de entregar el vehículo al cliente;Un respaldo con un pagaré automatizado por transferencia bancaria al finalizar el servicio por medio de Flex Drive";🟢Prioridad Baja🟢;🟢Prioridad Baja🟢;🔴Prioridad Alta🔴;🟢Prioridad Baja🟢;🟢Prioridad Baja🟢;;"Preferiría pagar una suscripción mensual.;Aceptaría pagar una comisión del 4% al 9% por servicio.;";1;dias;🟢Prioridad Baja🟢;🟢Prioridad Baja🟢;🟢Prioridad Baja🟢;🟢Prioridad Baja🟢;🟢Prioridad Baja🟢;🟢Prioridad Baja🟢;🟢Prioridad Baja🟢;🟢Prioridad Baja🟢;🟢Prioridad Baja🟢;🟢Prioridad Baja🟢;;"Entre $15.000 a $30.000 la hora.;";"Entre $100.000 a $150.000 el día.;";🟢Prioridad Baja🟢;🟢Prioridad Baja🟢;🟢Prioridad Baja🟢;🟢Prioridad Baja🟢;🟢Prioridad Baja🟢;🟢Prioridad Baja🟢;🟢Prioridad Baja🟢;🟢Prioridad Baja🟢;;1;MuyProbable;Un chat en la plataforma;6;[6, 8)
2025-05-22;Acepto.;18-25;Colombia;Tunja (Boyacá);Femenino.;3;Universitario;Pregrado;Diariamente.;"Buses municipales;Taxis";"Por estudio;Por compromisos personales o familiares";0;0;;;;;;;Sí;"Mayor flexibilidad en horarios;Mejor negociación en condiciones de arriendo;Aprovechamiento de vehículos particulares inactivos";"Falta de regulación por parte de entidades oficiales;Falta de control en la entrega o devolución del vehículo;Posibles daños o mal uso del vehículo rentado";Sí;"A través de una plataforma web.;A través de una empresa o entidad presencial.;";"Control sobre las decisiones tomadas sobre el vehículo.;Acompañamiento en los trámites y documentación.;Ampliación de red de clientes y/o interesados.;";"Decisiones arbitrarias por parte de la entidad sobre el vehículo propio.;Inseguridad o falta de protección frente a daños o mal uso.;Baja visibilidad de mi(s) vehículo(s) para los clientes potenciales.;";Sí;Tanto en Colombia como en el exterior;;"Rapidez en los tiempos de respuesta.;Acompañamiento y buen trato durante el proceso.;Eficacia en la solución de problemas y dudas.;Flexibilidad para adaptarse a mis necesidades.;";"Dificultad para solicitar o acceder al servicio;Lentitud en tiempos de atención y respuesta;Información confusa sobre los contratos";1;"findesemana;semana;dispersonal";🔴Prioridad Alta🔴;🔴Prioridad Alta🔴;🔴Prioridad Alta🔴;🔴Prioridad Alta🔴;🔴Prioridad Alta🔴;🔴Prioridad Alta🔴;🔴Prioridad Alta🔴;🔴Prioridad Alta🔴;🔴Prioridad Alta🔴;🔴Prioridad Alta🔴;🔴Prioridad Alta🔴;🔴Prioridad Alta🔴;;"Pueda configurar qué tipo de solicitudes quiero recibir, para luego aceptarlas o denegarlas.;Pueda confiar en la plataforma para que me consulten, o ellos mismos acepten y denieguen un servicio que me solicitan.;";"Entre $50.000 a $80.000 la hora.;";"Entre $200.000 a $250.000 el día.;Entre $250.000 a $350.000 el día.;Entre $100.000 a $150.000 el día.;";"En efectivo, cuando el cliente devuelve el vehículo;Por transacción bancaria inmediata, al finalizar el servicio;Por transacción bancaria inmediata, una vez aprobado el servicio por mí y el cliente";🔴Prioridad Alta🔴;🔴Prioridad Alta🔴;🔴Prioridad Alta🔴;🔴Prioridad Alta🔴;🔴Prioridad Alta🔴;;"No estaría interesado en pagar comisión alguna.;Preferiría pagar una suscripción mensual.;Aceptaría pagar una comisión del 4% al 9% por servicio.;";1;"dias;horas";🔴Prioridad Alta🔴;🔴Prioridad Alta🔴;🔴Prioridad Alta🔴;🔴Prioridad Alta🔴;🔴Prioridad Alta🔴;🔴Prioridad Alta🔴;🔴Prioridad Alta🔴;🔴Prioridad Alta🔴;🔴Prioridad Alta🔴;🔴Prioridad Alta🔴;;"No me encuentro interesado en rentar por horas.;Entre $15.000 a $30.000 la hora.;Entre $30.000 a $50.000 la hora.;Entre $50.000 a $80.000 la hora.;";"No me encuentro interesado en rentar por días.;Entre $100.000 a $150.000 el día.;Entre $200.000 a $250.000 el día.;Desde $350.000 en adelante.;";🔴Prioridad Alta🔴;🔴Prioridad Alta🔴;🔴Prioridad Alta🔴;🔴Prioridad Alta🔴;🔴Prioridad Alta🔴;🔴Prioridad Alta🔴;🔴Prioridad Alta🔴;🔴Prioridad Alta🔴;;1;Improbable;Un chat en la plataforma;7;[6, 8)
2025-05-22;Acepto.;16-17;Colombia;Tunja (Boyacá);Femenino.;3;Universitario;Pregrado;Diariamente.;Buses municipales;Por estudio;1;0;;;;;;;No;Mayor flexibilidad en horarios;"Posibles daños o mal uso del vehículo rentado;Desconfianza frente a clientes / personas desconocidas;Falta de regulación por parte de entidades oficiales";No;;;;No;;;;;0;;;;;;;;;;;;;;;;;;;;;;;;;;1;"dias;semanas";🔴Prioridad Alta🔴;🟡Prioridad Media🟡;🟡Prioridad Media🟡;🔴Prioridad Alta🔴;🔴Prioridad Alta🔴;🔴Prioridad Alta🔴;🔴Prioridad Alta🔴;🔴Prioridad Alta🔴;🔴Prioridad Alta🔴;🔴Prioridad Alta🔴;;"Entre $30.000 a $50.000 la hora.;";"Entre $100.000 a $150.000 el día.;";🔴Prioridad Alta🔴;🔴Prioridad Alta🔴;🔴Prioridad Alta🔴;🔴Prioridad Alta🔴;🔴Prioridad Alta🔴;🔴Prioridad Alta🔴;🔴Prioridad Alta🔴;🔴Prioridad Alta🔴;;1;MuyProbable;"Un chat en la plataforma;Por llamada telefónica";7;[6, 8)
2025-05-22;Acepto.;18-25;Colombia;Nobsa (Boyacá);Femenino.;2;Universitario;Pregrado;Únicamente entre semana.;"Buses municipales;Buses intermunicipales";Por estudio;0;0;;;;;;;No;;"Posibles daños o mal uso del vehículo rentado;Desconfianza frente a clientes / personas desconocidas";No;;;;No;;;;;1;dias;🔴Prioridad Alta🔴;🔴Prioridad Alta🔴;🔴Prioridad Alta🔴;🔴Prioridad Alta🔴;🔴Prioridad Alta🔴;🔴Prioridad Alta🔴;🟡Prioridad Media🟡;🔴Prioridad Alta🔴;🔴Prioridad Alta🔴;🔴Prioridad Alta🔴;🔴Prioridad Alta🔴;🔴Prioridad Alta🔴;;"Reciba solicitudes y pueda aceptarlas o denegarlas.;";"No me encuentro interesado en rentar por horas.;";"Entre $100.000 a $150.000 el día.;";En efectivo, antes de entregar el vehículo al cliente;🟡Prioridad Media🟡;🔴Prioridad Alta🔴;🟢Prioridad Baja🟢;🔴Prioridad Alta🔴;🟡Prioridad Media🟡;;"Aceptaría pagar una comisión del 4% al 9% por servicio.;";1;dias;🔴Prioridad Alta🔴;🟡Prioridad Media🟡;🔴Prioridad Alta🔴;🔴Prioridad Alta🔴;🔴Prioridad Alta🔴;🔴Prioridad Alta🔴;🔴Prioridad Alta🔴;🔴Prioridad Alta🔴;🔴Prioridad Alta🔴;🔴Prioridad Alta🔴;;"No me encuentro interesado en rentar por horas.;";"Entre $100.000 a $150.000 el día.;";🔴Prioridad Alta🔴;🟡Prioridad Media🟡;🟡Prioridad Media🟡;🔴Prioridad Alta🔴;🔴Prioridad Alta🔴;🔴Prioridad Alta🔴;🔴Prioridad Alta🔴;🔴Prioridad Alta🔴;;1;Neutral;Un chat en la plataforma;9;[8, 10)
2025-05-22;Acepto.;18-25;Colombia;Tunja (Boyacá);Masculino.;3;Universitario;Secundaria media;Únicamente entre semana.;Buses municipales;"Por estudio;Por compromisos personales o familiares";2;0;;;;;;;Sí;"Posibilidad de generar ingresos como propietario del vehículo;Diversidad de vehículos para rentar / arrendar";"Desconfianza frente a clientes / personas desconocidas;Posibles daños o mal uso del vehículo rentado;Posible uso de vehículos para fines no autorizados;Falta de control en la entrega o devolución del vehículo";No;;;;No;;;;;1;horas;🔴Prioridad Alta🔴;🔴Prioridad Alta🔴;🔴Prioridad Alta🔴;🔴Prioridad Alta🔴;🔴Prioridad Alta🔴;🔴Prioridad Alta🔴;🟡Prioridad Media🟡;🟡Prioridad Media🟡;🟡Prioridad Media🟡;🔴Prioridad Alta🔴;🔴Prioridad Alta🔴;🟡Prioridad Media🟡;;"Reciba solicitudes y pueda aceptarlas o denegarlas.;Pueda confiar en la plataforma para que me consulten, o ellos mismos acepten y denieguen un servicio que me solicitan.;";"Entre $50.000 a $80.000 la hora.;";"Entre $200.000 a $250.000 el día.;";"Por transacción bancaria inmediata, al finalizar el servicio;En efectivo, antes de entregar el vehículo al cliente;Por transacción bancaria inmediata, una vez aprobado el servicio por mí y el cliente;En efectivo, cuando el cliente devuelve el vehículo";🟡Prioridad Media🟡;🔴Prioridad Alta🔴;🔴Prioridad Alta🔴;🔴Prioridad Alta🔴;🟡Prioridad Media🟡;;"Preferiría pagar una suscripción mensual.;Aceptaría pagar una comisión del 4% al 9% por servicio.;";0;;;;;;;;;;;;;;;;;;;;;;;;1;Probable;"Un chat en la plataforma;Por correo electrónico;Por llamada telefónica;Por chat con asesor mediante Whatsapp";4;[4, 6)
2025-05-22;Acepto.;18-25;Colombia;Sogamoso (Boyacá);Femenino.;3;Universitario;Pregrado;Rara vez.;Taxis;Por estudio;2;1;Diariamente.;Único;Ocasionalmente;Auto;;;No;"Mejor negociación en condiciones de arriendo;Posibilidad de generar ingresos como propietario del vehículo";;No;;;;No;;;;;0;;;;;;;;;;;;;;;;;;;;;;;;;;0;;;;;;;;;;;;;;;;;;;;;;;;1;Probable;"Un chat en la plataforma;Con un chatbot (Sea por plataforma, Whatsapp, u otro medio.)";10;[10, 12)
2025-05-22;Acepto.;18-25;Colombia;Tunja (Boyacá);Masculino.;5;"Universitario;Empleado";Pregrado;Rara vez.;"Buses municipales;Buses intermunicipales";Por compromisos personales o familiares;0;1;Muy rara vez.;Único;Sí;Auto;;;No;"Mejor negociación en condiciones de arriendo;Diversidad de vehículos para rentar / arrendar;Promueve la economía colaborativa;Mayor flexibilidad en horarios";"Desconfianza frente a clientes / personas desconocidas;Falta de regulación por parte de entidades oficiales;Posible uso de vehículos para fines no autorizados;Falta de control en la entrega o devolución del vehículo";No;;;;No;;;;;0;;;;;;;;;;;;;;;;;;;;;;;;;;0;;;;;;;;;;;;;;;;;;;;;;;;1;Neutral;"Un chat en la plataforma;Por llamada telefónica;Con un chatbot (Sea por plataforma, Whatsapp, u otro medio.)";6;[6, 8)
2025-05-22;Acepto.;18-25;Colombia;Tunja (Boyacá);Masculino.;3;Universitario;Secundaria media;Rara vez.;"Taxis;Buses municipales";"Por estudio;Por trabajo";2;1;Diariamente.;Único;Sí;Motocicleta;;;Sí;Posibilidad de generar ingresos como propietario del vehículo;"Posibles daños o mal uso del vehículo rentado;Desconfianza frente a clientes / personas desconocidas;Falta de regulación por parte de entidades oficiales";Sí;"De forma independiente.;";"Control sobre las decisiones tomadas sobre el vehículo.;";"Comunicación deficiente con el operador logístico.;";No;;;;;1;dispersonal;🔴Prioridad Alta🔴;🟡Prioridad Media🟡;🟡Prioridad Media🟡;🟡Prioridad Media🟡;🟡Prioridad Media🟡;🟡Prioridad Media🟡;🟡Prioridad Media🟡;🟡Prioridad Media🟡;🟡Prioridad Media🟡;🟡Prioridad Media🟡;🟡Prioridad Media🟡;🟡Prioridad Media🟡;;"Reciba solicitudes y pueda aceptarlas o denegarlas.;Pueda configurar qué tipo de solicitudes quiero recibir, para luego aceptarlas o denegarlas.;Pueda confiar en la plataforma para que me consulten, o ellos mismos acepten y denieguen un servicio que me solicitan.;";"Entre $15.000 a $30.000 la hora.;";"Entre $100.000 a $150.000 el día.;";En efectivo, antes de entregar el vehículo al cliente;🔴Prioridad Alta🔴;🔴Prioridad Alta🔴;🔴Prioridad Alta🔴;🔴Prioridad Alta🔴;🟡Prioridad Media🟡;;"No estaría interesado en pagar comisión alguna.;";1;exclusividad_propietario;🔴Prioridad Alta🔴;🔴Prioridad Alta🔴;🔴Prioridad Alta🔴;🔴Prioridad Alta🔴;🔴Prioridad Alta🔴;🔴Prioridad Alta🔴;🔴Prioridad Alta🔴;🟡Prioridad Media🟡;🟡Prioridad Media🟡;🟡Prioridad Media🟡;;"Entre $15.000 a $30.000 la hora.;";"Entre $100.000 a $150.000 el día.;";🟡Prioridad Media🟡;🟡Prioridad Media🟡;🟡Prioridad Media🟡;🟡Prioridad Media🟡;🟡Prioridad Media🟡;🟡Prioridad Media🟡;🟡Prioridad Media🟡;🟡Prioridad Media🟡;;1;MuyProbable;"Un chat en la plataforma;Por correo electrónico;Por llamada telefónica;Con un chatbot (Sea por plataforma, Whatsapp, u otro medio.);Por chat con asesor mediante Whatsapp";7;[6, 8)
2025-05-22;Acepto.;18-25;Colombia;Tunja (Boyacá);Masculino.;4;Universitario;Pregrado;Rara vez.;Buses municipales;"Por compromisos personales o familiares;Por estudio";1;0;;;;;;;Sí;"Mejor negociación en condiciones de arriendo;Promueve la economía colaborativa";"Posibles daños o mal uso del vehículo rentado;Desconfianza frente a clientes / personas desconocidas;Falta de control en la entrega o devolución del vehículo;Posible uso de vehículos para fines no autorizados;Falta de regulación por parte de entidades oficiales";No;;;;No;;;;;1;horas;🔴Prioridad Alta🔴;🔴Prioridad Alta🔴;🔴Prioridad Alta🔴;🔴Prioridad Alta🔴;🔴Prioridad Alta🔴;🔴Prioridad Alta🔴;🔴Prioridad Alta🔴;🔴Prioridad Alta🔴;🔴Prioridad Alta🔴;🔴Prioridad Alta🔴;🔴Prioridad Alta🔴;🔴Prioridad Alta🔴;;"Reciba solicitudes y pueda aceptarlas o denegarlas.;Pueda confiar en la plataforma para que me consulten, o ellos mismos acepten y denieguen un servicio que me solicitan.;Pueda configurar qué tipo de solicitudes quiero recibir, para luego aceptarlas o denegarlas.;";"Entre $50.000 a $80.000 la hora.;";"Entre $150.000 a $200.000 el día.;";Por transacción bancaria inmediata, una vez aprobado el servicio por mí y el cliente;🔴Prioridad Alta🔴;🔴Prioridad Alta🔴;🔴Prioridad Alta🔴;🔴Prioridad Alta🔴;🔴Prioridad Alta🔴;;"Preferiría pagar una suscripción mensual.;";1;horas;🔴Prioridad Alta🔴;🔴Prioridad Alta🔴;🔴Prioridad Alta🔴;🔴Prioridad Alta🔴;🔴Prioridad Alta🔴;🔴Prioridad Alta🔴;🔴Prioridad Alta🔴;🔴Prioridad Alta🔴;🔴Prioridad Alta🔴;🔴Prioridad Alta🔴;;"Entre $50.000 a $80.000 la hora.;";"Entre $150.000 a $200.000 el día.;";🔴Prioridad Alta🔴;🔴Prioridad Alta🔴;🔴Prioridad Alta🔴;🔴Prioridad Alta🔴;🔴Prioridad Alta🔴;🔴Prioridad Alta🔴;🔴Prioridad Alta🔴;🔴Prioridad Alta🔴;;1;Probable;Un chat en la plataforma;10;[10, 12)
2025-05-22;Acepto.;18-25;Colombia;Tunja (Boyacá);Masculino.;3;Universitario;Pregrado;Únicamente los fines de semana.;Buses intermunicipales;Por estudio;1;0;;;;;;;No;"Mayor flexibilidad en horarios;Diversidad de vehículos para rentar / arrendar";"Posibles daños o mal uso del vehículo rentado;Posible uso de vehículos para fines no autorizados";No;;;;No;;;;;0;;;;;;;;;;;;;;;;;;;;;;;;;;1;horas;🔴Prioridad Alta🔴;🔴Prioridad Alta🔴;🔴Prioridad Alta🔴;🔴Prioridad Alta🔴;🔴Prioridad Alta🔴;🔴Prioridad Alta🔴;🔴Prioridad Alta🔴;🔴Prioridad Alta🔴;🔴Prioridad Alta🔴;🔴Prioridad Alta🔴;;"Entre $15.000 a $30.000 la hora.;";"Entre $100.000 a $150.000 el día.;";🟢Prioridad Baja🟢;🟡Prioridad Media🟡;🔴Prioridad Alta🔴;🔴Prioridad Alta🔴;🔴Prioridad Alta🔴;🟢Prioridad Baja🟢;🔴Prioridad Alta🔴;🔴Prioridad Alta🔴;;1;Probable;Un chat en la plataforma;5;[4, 6)
2025-05-22;Acepto.;18-25;Colombia;Tasco (Boyacá);Femenino.;2;Universitario;Técnico / Tecnológico;Diariamente.;Buses municipales;Por estudio;1;0;;;;;;;No;;;No;;;;No;;;;;1;semana;🔴Prioridad Alta🔴;🔴Prioridad Alta🔴;🔴Prioridad Alta🔴;🔴Prioridad Alta🔴;🔴Prioridad Alta🔴;🔴Prioridad Alta🔴;🔴Prioridad Alta🔴;🔴Prioridad Alta🔴;🔴Prioridad Alta🔴;🔴Prioridad Alta🔴;🔴Prioridad Alta🔴;🔴Prioridad Alta🔴;;"Reciba solicitudes y pueda aceptarlas o denegarlas.;";"No me encuentro interesado en rentar por horas.;";"No me encuentro interesado en rentar por días.;";En efectivo, antes de entregar el vehículo al cliente;🔴Prioridad Alta🔴;🔴Prioridad Alta🔴;🔴Prioridad Alta🔴;🔴Prioridad Alta🔴;🔴Prioridad Alta🔴;;"Preferiría pagar una suscripción mensual.;";1;semanas;🔴Prioridad Alta🔴;🔴Prioridad Alta🔴;🔴Prioridad Alta🔴;🔴Prioridad Alta🔴;🔴Prioridad Alta🔴;🔴Prioridad Alta🔴;🔴Prioridad Alta🔴;🔴Prioridad Alta🔴;🔴Prioridad Alta🔴;🔴Prioridad Alta🔴;;"No me encuentro interesado en rentar por horas.;";"No me encuentro interesado en rentar por días.;";🔴Prioridad Alta🔴;🔴Prioridad Alta🔴;🔴Prioridad Alta🔴;🔴Prioridad Alta🔴;🔴Prioridad Alta🔴;🔴Prioridad Alta🔴;🔴Prioridad Alta🔴;🔴Prioridad Alta🔴;;1;MuyProbable;Un chat en la plataforma;7;[6, 8)
2025-05-22;Acepto.;18-25;Colombia;Duitama (Boyacá);Femenino.;3;Universitario;Pregrado;Únicamente los fines de semana.;"Buses intermunicipales;Buses municipales;Taxis";Por estudio;2;1;Solo durante fines de semana.;Único;Sí;Auto;;;Sí;"Diversidad de vehículos para rentar / arrendar;Posibilidad de generar ingresos como propietario del vehículo";"Posibles daños o mal uso del vehículo rentado;Desconfianza frente a clientes / personas desconocidas";No;;;;No;;;;;0;;;;;;;;;;;;;;;;;;;;;;;;;;0;;;;;;;;;;;;;;;;;;;;;;;;1;Neutral;"Un chat en la plataforma;Por llamada telefónica;Por chat con asesor mediante Whatsapp";5;[4, 6)
2025-05-22;Acepto.;18-25;Colombia;Tunja (Boyacá);Masculino.;2;Universitario;Pregrado;Únicamente los fines de semana.;"Taxis;Buses municipales;Buses intermunicipales";"Por estudio;Por compromisos personales o familiares";1;0;;;;;;;No;;;No;;;;No;;;;;1;"dias;dispersonal";🔴Prioridad Alta🔴;🟡Prioridad Media🟡;🔴Prioridad Alta🔴;🔴Prioridad Alta🔴;🟡Prioridad Media🟡;🟡Prioridad Media🟡;🟡Prioridad Media🟡;🟡Prioridad Media🟡;🔴Prioridad Alta🔴;🔴Prioridad Alta🔴;🔴Prioridad Alta🔴;🟡Prioridad Media🟡;;"Pueda confiar en la plataforma para que me consulten, o ellos mismos acepten y denieguen un servicio que me solicitan.;";"Entre $30.000 a $50.000 la hora.;";"Entre $100.000 a $150.000 el día.;";Por transacción bancaria inmediata, una vez aprobado el servicio por mí y el cliente;🔴Prioridad Alta🔴;🟡Prioridad Media🟡;🔴Prioridad Alta🔴;🟡Prioridad Media🟡;🔴Prioridad Alta🔴;;"Aceptaría pagar una comisión del 10% al 14% por servicio.;";1;dias;🔴Prioridad Alta🔴;🔴Prioridad Alta🔴;🟡Prioridad Media🟡;🔴Prioridad Alta🔴;🟡Prioridad Media🟡;🟡Prioridad Media🟡;🔴Prioridad Alta🔴;🟡Prioridad Media🟡;🟡Prioridad Media🟡;🟡Prioridad Media🟡;;"Entre $15.000 a $30.000 la hora.;";"Entre $100.000 a $150.000 el día.;";🟡Prioridad Media🟡;🟡Prioridad Media🟡;🔴Prioridad Alta🔴;🔴Prioridad Alta🔴;🔴Prioridad Alta🔴;🟡Prioridad Media🟡;🟡Prioridad Media🟡;🔴Prioridad Alta🔴;;1;Probable;"Por chat con asesor mediante Whatsapp;Un chat en la plataforma";22;[22, 24)
2025-05-22;Acepto.;18-25;Colombia;Tunja (Boyacá);Masculino.;3;Universitario;Pregrado;Diariamente.;"Taxis;Buses municipales;Buses intermunicipales";"Por estudio;Por trabajo";2;0;;;;;;;Sí;;;No;;;;No;;;;;1;dias;🔴Prioridad Alta🔴;🔴Prioridad Alta🔴;🔴Prioridad Alta🔴;🔴Prioridad Alta🔴;🟡Prioridad Media🟡;🟢Prioridad Baja🟢;🟡Prioridad Media🟡;🟡Prioridad Media🟡;🟡Prioridad Media🟡;🔴Prioridad Alta🔴;🔴Prioridad Alta🔴;🔴Prioridad Alta🔴;;"Reciba solicitudes y pueda aceptarlas o denegarlas.;";"Entre $30.000 a $50.000 la hora.;";"Entre $100.000 a $150.000 el día.;";En efectivo, antes de entregar el vehículo al cliente;🔴Prioridad Alta🔴;🔴Prioridad Alta🔴;🟡Prioridad Media🟡;🟢Prioridad Baja🟢;🔴Prioridad Alta🔴;;"Preferiría pagar una suscripción mensual.;";1;horas;🔴Prioridad Alta🔴;🔴Prioridad Alta🔴;🔴Prioridad Alta🔴;🔴Prioridad Alta🔴;🔴Prioridad Alta🔴;🔴Prioridad Alta🔴;🔴Prioridad Alta🔴;🔴Prioridad Alta🔴;🔴Prioridad Alta🔴;🔴Prioridad Alta🔴;;"Entre $30.000 a $50.000 la hora.;";"Entre $150.000 a $200.000 el día.;";🔴Prioridad Alta🔴;🟡Prioridad Media🟡;🔴Prioridad Alta🔴;🟡Prioridad Media🟡;🔴Prioridad Alta🔴;🔴Prioridad Alta🔴;🔴Prioridad Alta🔴;🔴Prioridad Alta🔴;;1;MuyProbable;Por correo electrónico;8;[8, 10)
2025-05-22;Acepto.;18-25;Colombia;Sogamoso (Boyacá);Femenino.;3;Universitario;Especialización / Diplomado;Rara vez.;Taxis;Por trabajo;2;1;Diariamente.;Único;Ocasionalmente;Auto;;;No;;Falta de control en la entrega o devolución del vehículo;No;;;;No;;;;;0;;;;;;;;;;;;;;;;;;;;;;;;;;0;;;;;;;;;;;;;;;;;;;;;;;;1;Neutral;"Un chat en la plataforma;Con un chatbot (Sea por plataforma, Whatsapp, u otro medio.)";3;[2, 4)
2025-05-22;Acepto.;18-25;Colombia;Tunja (Boyacá);Masculino.;3;Universitario;Pregrado;Rara vez.;Buses intermunicipales;Por estudio;2;0;;;;;;;No;Posibilidad de generar ingresos como propietario del vehículo;"Posibles daños o mal uso del vehículo rentado;Falta de control en la entrega o devolución del vehículo;Desconfianza frente a clientes / personas desconocidas";No;;;;No;;;;;0;;;;;;;;;;;;;;;;;;;;;;;;;;1;semanas;🔴Prioridad Alta🔴;🔴Prioridad Alta🔴;🔴Prioridad Alta🔴;🟡Prioridad Media🟡;🔴Prioridad Alta🔴;🔴Prioridad Alta🔴;🟢Prioridad Baja🟢;🔴Prioridad Alta🔴;🟡Prioridad Media🟡;🔴Prioridad Alta🔴;Revisar 49F;"Entre $15.000 a $30.000 la hora.;";"Entre $150.000 a $200.000 el día.;";🔴Prioridad Alta🔴;🟡Prioridad Media🟡;🔴Prioridad Alta🔴;🔴Prioridad Alta🔴;🔴Prioridad Alta🔴;🔴Prioridad Alta🔴;🔴Prioridad Alta🔴;🔴Prioridad Alta🔴;;1;Probable;"Por chat con asesor mediante Whatsapp;Con un chatbot (Sea por plataforma, Whatsapp, u otro medio.)";11;[10, 12)
2025-05-22;Acepto.;26-35;Colombia;Guateque (Boyacá);Femenino.;2;Freelancer;Técnico / Tecnológico;Rara vez.;"Buses municipales;Buses intermunicipales";"Por trabajo;Por estudio;Por compromisos personales o familiares";1;0;;;;;;;Sí;"Aprovechamiento de vehículos particulares inactivos;Mayor flexibilidad en horarios;Diversidad de vehículos para rentar / arrendar";"Posibles daños o mal uso del vehículo rentado;Falta de regulación por parte de entidades oficiales;Posible uso de vehículos para fines no autorizados";No;;;;No;;;;;1;dias;🔴Prioridad Alta🔴;🔴Prioridad Alta🔴;🔴Prioridad Alta🔴;🔴Prioridad Alta🔴;🔴Prioridad Alta🔴;🔴Prioridad Alta🔴;🔴Prioridad Alta🔴;🔴Prioridad Alta🔴;🔴Prioridad Alta🔴;🔴Prioridad Alta🔴;🔴Prioridad Alta🔴;🔴Prioridad Alta🔴;;"Reciba solicitudes y pueda aceptarlas o denegarlas.;Pueda configurar qué tipo de solicitudes quiero recibir, para luego aceptarlas o denegarlas.;Pueda confiar en la plataforma para que me consulten, o ellos mismos acepten y denieguen un servicio que me solicitan.;";"No me encuentro interesado en rentar por horas.;";"Entre $100.000 a $150.000 el día.;Entre $250.000 a $350.000 el día.;";En efectivo, antes de entregar el vehículo al cliente;🔴Prioridad Alta🔴;🔴Prioridad Alta🔴;🔴Prioridad Alta🔴;🔴Prioridad Alta🔴;🔴Prioridad Alta🔴;;"Preferiría pagar una suscripción mensual.;Aceptaría pagar una comisión del 10% al 14% por servicio.;";1;dias;🔴Prioridad Alta🔴;🔴Prioridad Alta🔴;🔴Prioridad Alta🔴;🔴Prioridad Alta🔴;🔴Prioridad Alta🔴;🔴Prioridad Alta🔴;🔴Prioridad Alta🔴;🔴Prioridad Alta🔴;🔴Prioridad Alta🔴;🔴Prioridad Alta🔴;;"No me encuentro interesado en rentar por horas.;";"Entre $250.000 a $350.000 el día.;";🔴Prioridad Alta🔴;🔴Prioridad Alta🔴;🔴Prioridad Alta🔴;🔴Prioridad Alta🔴;🔴Prioridad Alta🔴;🔴Prioridad Alta🔴;🔴Prioridad Alta🔴;🔴Prioridad Alta🔴;;1;MuyProbable;"Un chat en la plataforma;Por llamada telefónica";7;[6, 8)
2025-05-22;Acepto.;18-25;Colombia;Sogamoso (Boyacá);Masculino.;2;"Universitario;Desempleado";Técnico / Tecnológico;Diariamente.;Buses municipales;Por estudio;0;0;;;;;;;Sí;;"Posibles daños o mal uso del vehículo rentado;Desconfianza frente a clientes / personas desconocidas;Falta de regulación por parte de entidades oficiales;Posible uso de vehículos para fines no autorizados;Falta de control en la entrega o devolución del vehículo";No;;;;No;;;;;0;;;;;;;;;;;;;;;;;;;;;;;;;;0;;;;;;;;;;;;;;;;;;;;;;;;1;Neutral;"Un chat en la plataforma;Por chat con asesor mediante Whatsapp;Por llamada telefónica";18;[18, 20)
2025-05-22;Acepto.;18-25;Colombia;Tunja (Boyacá);Femenino.;2;Universitario;Pregrado;Diariamente.;"Taxis;Buses municipales;Buses intermunicipales";"Por estudio;Por compromisos personales o familiares";1;0;;;;;;;Sí;"Mayor flexibilidad en horarios;Mejor negociación en condiciones de arriendo;Posibilidad de generar ingresos como propietario del vehículo;Aprovechamiento de vehículos particulares inactivos";"Posibles daños o mal uso del vehículo rentado;Desconfianza frente a clientes / personas desconocidas;Posible uso de vehículos para fines no autorizados";No;;;;No;;;;;0;;;;;;;;;;;;;;;;;;;;;;;;;;1;dias;🟡Prioridad Media🟡;🟢Prioridad Baja🟢;🔴Prioridad Alta🔴;🔴Prioridad Alta🔴;🟡Prioridad Media🟡;🟡Prioridad Media🟡;🔴Prioridad Alta🔴;🔴Prioridad Alta🔴;🔴Prioridad Alta🔴;🟡Prioridad Media🟡;;"Entre $15.000 a $30.000 la hora.;";"Entre $150.000 a $200.000 el día.;Entre $100.000 a $150.000 el día.;";🟡Prioridad Media🟡;🟡Prioridad Media🟡;🟡Prioridad Media🟡;🔴Prioridad Alta🔴;🔴Prioridad Alta🔴;🔴Prioridad Alta🔴;🔴Prioridad Alta🔴;🔴Prioridad Alta🔴;;1;Probable;"Un chat en la plataforma;Por llamada telefónica;Por chat con asesor mediante Whatsapp;Con un chatbot (Sea por plataforma, Whatsapp, u otro medio.)";39;[38, 40)
2025-05-22;Acepto.;18-25;Colombia;La Capilla (Boyacá);Masculino.;3;Empleado;Pregrado;Rara vez.;"Buses intermunicipales;Taxis;SITP";Por turismo;1;1;Diariamente.;Único;No;Motocicleta;;;No;Mejor negociación en condiciones de arriendo;Desconfianza frente a clientes / personas desconocidas;No;;;;No;;;;;0;;;;;;;;;;;;;;;;;;;;;;;;;;1;horas;🟡Prioridad Media🟡;🟡Prioridad Media🟡;🟡Prioridad Media🟡;🟡Prioridad Media🟡;🟡Prioridad Media🟡;🔴Prioridad Alta🔴;🟡Prioridad Media🟡;🟡Prioridad Media🟡;🟡Prioridad Media🟡;🟡Prioridad Media🟡;;"Desde $80.000 en adelante.;";"Desde $350.000 en adelante.;";🟡Prioridad Media🟡;🔴Prioridad Alta🔴;🔴Prioridad Alta🔴;🔴Prioridad Alta🔴;🔴Prioridad Alta🔴;🔴Prioridad Alta🔴;🔴Prioridad Alta🔴;🔴Prioridad Alta🔴;;1;MuyProbable;"Un chat en la plataforma;Por llamada telefónica;Por correo electrónico;Por chat con asesor mediante Whatsapp;Con un chatbot (Sea por plataforma, Whatsapp, u otro medio.)";9;[8, 10)
2025-05-22;Acepto.;18-25;Colombia;Tunja (Boyacá);Masculino.;3;Universitario;Técnico / Tecnológico;Diariamente.;"Buses municipales;Buses intermunicipales;Taxis";"Por estudio;Por compromisos personales o familiares";1;0;;;;;;;No;;"Posibles daños o mal uso del vehículo rentado;Posible uso de vehículos para fines no autorizados";No;;;;No;;;;;0;;;;;;;;;;;;;;;;;;;;;;;;;;0;;;;;;;;;;;;;;;;;;;;;;;;1;Neutral;"Un chat en la plataforma;Por llamada telefónica;Por chat con asesor mediante Whatsapp";4;[4, 6)
2025-05-22;Acepto.;18-25;Colombia;Tunja (Boyacá);Femenino.;2;Universitario;Pregrado;Únicamente entre semana.;"SITP;Taxis";Por estudio;1;0;;;;;;;No;"Posibilidad de generar ingresos como propietario del vehículo;Promueve la economía colaborativa;Aprovechamiento de vehículos particulares inactivos";"Posibles daños o mal uso del vehículo rentado;Desconfianza frente a clientes / personas desconocidas;Falta de regulación por parte de entidades oficiales;Posible uso de vehículos para fines no autorizados;Falta de control en la entrega o devolución del vehículo";No;;;;No;;;;;1;"horas;dias";🔴Prioridad Alta🔴;🟡Prioridad Media🟡;🔴Prioridad Alta🔴;🔴Prioridad Alta🔴;🟡Prioridad Media🟡;🟢Prioridad Baja🟢;🟡Prioridad Media🟡;🟡Prioridad Media🟡;🔴Prioridad Alta🔴;🟡Prioridad Media🟡;🔴Prioridad Alta🔴;🔴Prioridad Alta🔴;;"Reciba solicitudes y pueda aceptarlas o denegarlas.;Pueda configurar qué tipo de solicitudes quiero recibir, para luego aceptarlas o denegarlas.;Pueda confiar en la plataforma para que me consulten, o ellos mismos acepten y denieguen un servicio que me solicitan.;";"Entre $15.000 a $30.000 la hora.;Entre $30.000 a $50.000 la hora.;";"Entre $150.000 a $200.000 el día.;Entre $200.000 a $250.000 el día.;";"En efectivo, cuando el cliente devuelve el vehículo;Por transacción bancaria inmediata, al finalizar el servicio;Por transacción bancaria inmediata, una vez aprobado el servicio por mí y el cliente";🟡Prioridad Media🟡;🔴Prioridad Alta🔴;🔴Prioridad Alta🔴;🟡Prioridad Media🟡;🟡Prioridad Media🟡;;"Aceptaría pagar una comisión del 4% al 9% por servicio.;No estaría interesado en pagar comisión alguna.;";1;"dias;horas;semanas;exclusividad_propietario";🔴Prioridad Alta🔴;🟡Prioridad Media🟡;🔴Prioridad Alta🔴;🔴Prioridad Alta🔴;🔴Prioridad Alta🔴;🔴Prioridad Alta🔴;🟡Prioridad Media🟡;🔴Prioridad Alta🔴;🔴Prioridad Alta🔴;🔴Prioridad Alta🔴;;"Entre $30.000 a $50.000 la hora.;";"Entre $150.000 a $200.000 el día.;";🔴Prioridad Alta🔴;🔴Prioridad Alta🔴;🟡Prioridad Media🟡;🔴Prioridad Alta🔴;🟡Prioridad Media🟡;🟢Prioridad Baja🟢;🔴Prioridad Alta🔴;🔴Prioridad Alta🔴;;1;MuyProbable;"Un chat en la plataforma;Por chat con asesor mediante Whatsapp";14;[14, 16)
2025-05-22;Acepto.;18-25;Colombia;Bogotá D.C.;Masculino.;4;Universitario;Pregrado;Únicamente entre semana.;"Taxis;Buses municipales;Buses intermunicipales";Por estudio;2;1;Muy rara vez.;Único;Sí;Auto;;;Sí;"Mejor negociación en condiciones de arriendo;Posibilidad de generar ingresos como propietario del vehículo";"Posibles daños o mal uso del vehículo rentado;Desconfianza frente a clientes / personas desconocidas";No;;;;No;;;;;0;;;;;;;;;;;;;;;;;;;;;;;;;;1;dias;🔴Prioridad Alta🔴;🟡Prioridad Media🟡;🔴Prioridad Alta🔴;🔴Prioridad Alta🔴;🔴Prioridad Alta🔴;🔴Prioridad Alta🔴;🔴Prioridad Alta🔴;🟡Prioridad Media🟡;🟡Prioridad Media🟡;🔴Prioridad Alta🔴;;"Entre $30.000 a $50.000 la hora.;Entre $50.000 a $80.000 la hora.;";"Entre $150.000 a $200.000 el día.;Entre $200.000 a $250.000 el día.;";🟡Prioridad Media🟡;🟡Prioridad Media🟡;🔴Prioridad Alta🔴;🔴Prioridad Alta🔴;🔴Prioridad Alta🔴;🔴Prioridad Alta🔴;🟡Prioridad Media🟡;🔴Prioridad Alta🔴;;1;MuyProbable;"Un chat en la plataforma;Por llamada telefónica;Por chat con asesor mediante Whatsapp";11;[10, 12)
2025-05-22;Acepto.;18-25;Colombia;Tunja (Boyacá);Masculino.;5;Universitario;Pregrado;Diariamente.;Buses municipales;Por compromisos personales o familiares;2;1;Solo entre semana laboral.;Único;Sí;Auto;;;Sí;Mejor negociación en condiciones de arriendo;Desconfianza frente a clientes / personas desconocidas;No;;;;Sí;Tanto en Colombia como en el exterior;;"Facilidad en el acceso al servicio.;Rapidez en los tiempos de respuesta.;Transparencia en la información brindada.;Acompañamiento y buen trato durante el proceso.;";"Dificultad para solicitar o acceder al servicio;Lentitud en tiempos de atención y respuesta";0;;;;;;;;;;;;;;;;;;;;;;;;;;0;;;;;;;;;;;;;;;;;;;;;;;;1;Probable;"Un chat en la plataforma;Por llamada telefónica";5;[4, 6)
2025-05-22;Acepto.;18-25;Colombia;Paz De Río (Boyacá);Femenino.;2;"Universitario;Empleado";Técnico / Tecnológico;Únicamente los fines de semana.;"Buses municipales;Buses intermunicipales";Por compromisos personales o familiares;1;0;;;;;;;No;;;No;;;;No;;;;;1;dispersonal;🔴Prioridad Alta🔴;🔴Prioridad Alta🔴;🔴Prioridad Alta🔴;🔴Prioridad Alta🔴;🔴Prioridad Alta🔴;🔴Prioridad Alta🔴;🔴Prioridad Alta🔴;🔴Prioridad Alta🔴;🔴Prioridad Alta🔴;🔴Prioridad Alta🔴;🔴Prioridad Alta🔴;🔴Prioridad Alta🔴;;"Reciba solicitudes y pueda aceptarlas o denegarlas.;";"No me encuentro interesado en rentar por horas.;";"No me encuentro interesado en rentar por días.;";En efectivo, antes de entregar el vehículo al cliente;🔴Prioridad Alta🔴;🔴Prioridad Alta🔴;🔴Prioridad Alta🔴;🔴Prioridad Alta🔴;🔴Prioridad Alta🔴;;"Preferiría pagar una suscripción mensual.;";1;dias;🔴Prioridad Alta🔴;🔴Prioridad Alta🔴;🔴Prioridad Alta🔴;🔴Prioridad Alta🔴;🔴Prioridad Alta🔴;🔴Prioridad Alta🔴;🔴Prioridad Alta🔴;🔴Prioridad Alta🔴;🔴Prioridad Alta🔴;🔴Prioridad Alta🔴;;"No me encuentro interesado en rentar por horas.;";"No me encuentro interesado en rentar por días.;";🔴Prioridad Alta🔴;🔴Prioridad Alta🔴;🔴Prioridad Alta🔴;🔴Prioridad Alta🔴;🔴Prioridad Alta🔴;🔴Prioridad Alta🔴;🔴Prioridad Alta🔴;🔴Prioridad Alta🔴;;1;Probable;Un chat en la plataforma;20;[20, 22)
2025-05-22;Acepto.;18-25;Colombia;Tunja (Boyacá);Masculino.;5;Universitario;Pregrado;Diariamente.;"Taxis;Buses municipales";"Por estudio;Por compromisos personales o familiares";2;0;;;;;;;No;;;No;;;;No;;;;;1;dias;🔴Prioridad Alta🔴;🟡Prioridad Media🟡;🟡Prioridad Media🟡;🔴Prioridad Alta🔴;🔴Prioridad Alta🔴;🟡Prioridad Media🟡;🟡Prioridad Media🟡;🟡Prioridad Media🟡;🟡Prioridad Media🟡;🔴Prioridad Alta🔴;🔴Prioridad Alta🔴;🔴Prioridad Alta🔴;;"Reciba solicitudes y pueda aceptarlas o denegarlas.;Pueda configurar qué tipo de solicitudes quiero recibir, para luego aceptarlas o denegarlas.;Pueda confiar en la plataforma para que me consulten, o ellos mismos acepten y denieguen un servicio que me solicitan.;";"Entre $30.000 a $50.000 la hora.;";"Entre $100.000 a $150.000 el día.;Entre $150.000 a $200.000 el día.;";Por transacción bancaria inmediata, una vez aprobado el servicio por mí y el cliente;🔴Prioridad Alta🔴;🔴Prioridad Alta🔴;🔴Prioridad Alta🔴;🔴Prioridad Alta🔴;🔴Prioridad Alta🔴;;"No estaría interesado en pagar comisión alguna.;";1;horas;🔴Prioridad Alta🔴;🔴Prioridad Alta🔴;🔴Prioridad Alta🔴;🔴Prioridad Alta🔴;🔴Prioridad Alta🔴;🔴Prioridad Alta🔴;🔴Prioridad Alta🔴;🔴Prioridad Alta🔴;🔴Prioridad Alta🔴;🔴Prioridad Alta🔴;;"Entre $15.000 a $30.000 la hora.;";"Entre $150.000 a $200.000 el día.;";🔴Prioridad Alta🔴;🔴Prioridad Alta🔴;🔴Prioridad Alta🔴;🔴Prioridad Alta🔴;🔴Prioridad Alta🔴;🔴Prioridad Alta🔴;🔴Prioridad Alta🔴;🔴Prioridad Alta🔴;;1;Probable;Por chat con asesor mediante Whatsapp;10;[10, 12)
2025-05-22;Acepto.;18-25;Colombia;Tunja (Boyacá);Femenino.;3;"Universitario;Desempleado";Pregrado;Únicamente entre semana.;Buses municipales;"Por estudio;Por compromisos personales o familiares";2;0;;;;;;;Sí;"Mayor flexibilidad en horarios;Mejor negociación en condiciones de arriendo;Aprovechamiento de vehículos particulares inactivos";"Posibles daños o mal uso del vehículo rentado;Desconfianza frente a clientes / personas desconocidas;Falta de regulación por parte de entidades oficiales";No;;;;No;;;;;0;;;;;;;;;;;;;;;;;;;;;;;;;;0;;;;;;;;;;;;;;;;;;;;;;;;1;Neutral;"Por llamada telefónica;Por chat con asesor mediante Whatsapp";3;[2, 4)
2025-05-22;Acepto.;18-25;Colombia;Tunja (Boyacá);Masculino.;1;Universitario;Pregrado;Diariamente.;"Taxis;Buses municipales;Buses intermunicipales";"Por estudio;Por trabajo;Por compromisos personales o familiares";2;0;;;;;;;Sí;"Mayor flexibilidad en horarios;Aprovechamiento de vehículos particulares inactivos;Promueve la economía colaborativa";"Posibles daños o mal uso del vehículo rentado;Desconfianza frente a clientes / personas desconocidas;Falta de regulación por parte de entidades oficiales;Posible uso de vehículos para fines no autorizados";No;;;;No;;;;;0;;;;;;;;;;;;;;;;;;;;;;;;;;0;;;;;;;;;;;;;;;;;;;;;;;;1;Neutral;Con un chatbot (Sea por plataforma, Whatsapp, u otro medio.);6;[6, 8)
2025-05-22;Acepto.;18-25;Colombia;Tunja (Boyacá);Femenino.;4;Universitario;Secundaria media;Diariamente.;Buses municipales;"Por trabajo;Por estudio";2;1;Diariamente.;Único;Sí;Autobu;;;Sí;Diversidad de vehículos para rentar / arrendar;Posible uso de vehículos para fines no autorizados;Sí;"A través de una plataforma web.;";"Buen margen de ganancias.;";"Comunicación deficiente con el operador logístico.;";Sí;Colombia;;"Facilidad en el acceso al servicio.;";Costos elevados en comparación con lo esperado;1;horas;🟢Prioridad Baja🟢;🟢Prioridad Baja🟢;🟢Prioridad Baja🟢;🟢Prioridad Baja🟢;🟢Prioridad Baja🟢;🟢Prioridad Baja🟢;🟢Prioridad Baja🟢;🟢Prioridad Baja🟢;🟢Prioridad Baja🟢;🟡Prioridad Media🟡;🟡Prioridad Media🟡;🟢Prioridad Baja🟢;;"Reciba solicitudes y pueda aceptarlas o denegarlas.;";"Entre $15.000 a $30.000 la hora.;";"Entre $200.000 a $250.000 el día.;";En efectivo, cuando el cliente devuelve el vehículo;🟢Prioridad Baja🟢;🟢Prioridad Baja🟢;🟢Prioridad Baja🟢;🟢Prioridad Baja🟢;🟢Prioridad Baja🟢;;"Aceptaría pagar una comisión del 4% al 9% por servicio.;";1;semanas;🟢Prioridad Baja🟢;🟢Prioridad Baja🟢;🟢Prioridad Baja🟢;🟢Prioridad Baja🟢;🟢Prioridad Baja🟢;🟢Prioridad Baja🟢;🟢Prioridad Baja🟢;🟢Prioridad Baja🟢;🟢Prioridad Baja🟢;🟢Prioridad Baja🟢;;"Desde $80.000 en adelante.;";"Entre $200.000 a $250.000 el día.;";🟢Prioridad Baja🟢;🟢Prioridad Baja🟢;🟢Prioridad Baja🟢;🟢Prioridad Baja🟢;🟢Prioridad Baja🟢;🟢Prioridad Baja🟢;🟢Prioridad Baja🟢;🟢Prioridad Baja🟢;;1;Improbable;Por correo electrónico;3;[2, 4)
2025-05-22;Acepto.;18-25;Colombia;Bogotá D.C.;Masculino.;4;Universitario;Pregrado;Diariamente.;"Buses municipales;SITP";Por estudio;2;0;;;;;;;No;Posibilidad de generar ingresos como propietario del vehículo;Desconfianza frente a clientes / personas desconocidas;No;;;;No;;;;;0;;;;;;;;;;;;;;;;;;;;;;;;;;0;;;;;;;;;;;;;;;;;;;;;;;;1;Neutral;Por chat con asesor mediante Whatsapp;3;[2, 4)
2025-05-22;Acepto.;18-25;Colombia;Bogotá D.C.;Masculino.;3;Universitario;Pregrado;Diariamente.;SITP;Por estudio;2;0;;;;;;;No;"Promueve la economía colaborativa;Aprovechamiento de vehículos particulares inactivos";"Posibles daños o mal uso del vehículo rentado;Posible uso de vehículos para fines no autorizados";No;;;;No;;;;;1;findesemana;🔴Prioridad Alta🔴;🔴Prioridad Alta🔴;🟡Prioridad Media🟡;🔴Prioridad Alta🔴;🔴Prioridad Alta🔴;🟢Prioridad Baja🟢;🟡Prioridad Media🟡;🟡Prioridad Media🟡;🟡Prioridad Media🟡;🔴Prioridad Alta🔴;🔴Prioridad Alta🔴;🟡Prioridad Media🟡;Otro: Apoyo legal por infracciones realizadas por el arrendador;"Reciba solicitudes y pueda aceptarlas o denegarlas.;";"Entre $15.000 a $30.000 la hora.;";"Entre $100.000 a $150.000 el día.;";"Un respaldo con un pagaré automatizado por transferencia bancaria al finalizar el servicio por medio de Flex Drive;Por transacción bancaria inmediata, una vez aprobado el servicio por mí y el cliente;En efectivo, antes de entregar el vehículo al cliente";🟡Prioridad Media🟡;🔴Prioridad Alta🔴;🟢Prioridad Baja🟢;🟡Prioridad Media🟡;🟡Prioridad Media🟡;;"Preferiría pagar una suscripción mensual.;Aceptaría pagar una comisión del 10% al 14% por servicio.;";0;;;;;;;;;;;;;;;;;;;;;;;;1;MuyProbable;"Un chat en la plataforma;Por chat con asesor mediante Whatsapp";14;[14, 16)
2025-05-22;Acepto.;26-35;Colombia;Tibasosa (Boyacá);Femenino.;3;Empleado;Pregrado;Rara vez.;"Taxis;SITP";Por trabajo;2;1;Diariamente.;Único;No;Auto;;;Sí;"Posibilidad de generar ingresos como propietario del vehículo;Experiencia de negocio más personalizada;Promueve la economía colaborativa";"Posibles daños o mal uso del vehículo rentado;Desconfianza frente a clientes / personas desconocidas;Falta de regulación por parte de entidades oficiales;Posible uso de vehículos para fines no autorizados;Falta de control en la entrega o devolución del vehículo";No;;;;No;;;;;1;findesemana;🔴Prioridad Alta🔴;🔴Prioridad Alta🔴;🔴Prioridad Alta🔴;🔴Prioridad Alta🔴;🔴Prioridad Alta🔴;🟡Prioridad Media🟡;🟡Prioridad Media🟡;🔴Prioridad Alta🔴;🔴Prioridad Alta🔴;🔴Prioridad Alta🔴;🔴Prioridad Alta🔴;🔴Prioridad Alta🔴;;"Reciba solicitudes y pueda aceptarlas o denegarlas.;";"Desde $80.000 en adelante.;";"Entre $100.000 a $150.000 el día.;";"En efectivo, antes de entregar el vehículo al cliente;Por transacción bancaria inmediata, una vez aprobado el servicio por mí y el cliente";🔴Prioridad Alta🔴;🔴Prioridad Alta🔴;🟡Prioridad Media🟡;🔴Prioridad Alta🔴;🔴Prioridad Alta🔴;;"Preferiría pagar una suscripción mensual.;";1;"dias;horas";🔴Prioridad Alta🔴;🔴Prioridad Alta🔴;🔴Prioridad Alta🔴;🔴Prioridad Alta🔴;🔴Prioridad Alta🔴;🔴Prioridad Alta🔴;🔴Prioridad Alta🔴;🔴Prioridad Alta🔴;🔴Prioridad Alta🔴;🔴Prioridad Alta🔴;;"Entre $30.000 a $50.000 la hora.;";"Entre $200.000 a $250.000 el día.;";🔴Prioridad Alta🔴;🔴Prioridad Alta🔴;🔴Prioridad Alta🔴;🔴Prioridad Alta🔴;🔴Prioridad Alta🔴;🔴Prioridad Alta🔴;🔴Prioridad Alta🔴;🔴Prioridad Alta🔴;;1;MuyProbable;"Por llamada telefónica;Por chat con asesor mediante Whatsapp";13;[12, 14)
2025-05-22;Acepto.;26-35;Colombia;Bogotá D.C.;Femenino.;2;Empleado;Especialización / Diplomado;Diariamente.;SITP;Por trabajo;1;0;;;;;;;No;"Mayor flexibilidad en horarios;Diversidad de vehículos para rentar / arrendar;Promueve la economía colaborativa;Aprovechamiento de vehículos particulares inactivos";"Posibles daños o mal uso del vehículo rentado;Posible uso de vehículos para fines no autorizados;Falta de control en la entrega o devolución del vehículo";No;;;;No;;;;;0;;;;;;;;;;;;;;;;;;;;;;;;;;1;"dias;exclusividad_propietario";🔴Prioridad Alta🔴;🔴Prioridad Alta🔴;🔴Prioridad Alta🔴;🔴Prioridad Alta🔴;🔴Prioridad Alta🔴;🔴Prioridad Alta🔴;🔴Prioridad Alta🔴;🔴Prioridad Alta🔴;🔴Prioridad Alta🔴;🔴Prioridad Alta🔴;;"Entre $15.000 a $30.000 la hora.;";"Entre $100.000 a $150.000 el día.;";🔴Prioridad Alta🔴;🔴Prioridad Alta🔴;🔴Prioridad Alta🔴;🔴Prioridad Alta🔴;🔴Prioridad Alta🔴;🔴Prioridad Alta🔴;🔴Prioridad Alta🔴;🔴Prioridad Alta🔴;;1;Probable;"Un chat en la plataforma;Por correo electrónico;Por llamada telefónica;Por chat con asesor mediante Whatsapp";80;
2025-05-22;Acepto.;18-25;Colombia;Tunja (Boyacá);Femenino.;3;"Universitario;Freelancer";Secundaria media;Rara vez.;"Taxis;Buses municipales";"Por estudio;Por trabajo;Por compromisos personales o familiares";1;0;;;;;;;Sí;"Mejor negociación en condiciones de arriendo;Posibilidad de generar ingresos como propietario del vehículo;Diversidad de vehículos para rentar / arrendar;Experiencia de negocio más personalizada;Promueve la economía colaborativa;Aprovechamiento de vehículos particulares inactivos";"Posibles daños o mal uso del vehículo rentado;Desconfianza frente a clientes / personas desconocidas;Posible uso de vehículos para fines no autorizados;Falta de control en la entrega o devolución del vehículo";No;;;;No;;;;;1;"horas;dias;findesemana;semana;dispersonal";🔴Prioridad Alta🔴;🔴Prioridad Alta🔴;🔴Prioridad Alta🔴;🔴Prioridad Alta🔴;🔴Prioridad Alta🔴;🟡Prioridad Media🟡;🟡Prioridad Media🟡;🔴Prioridad Alta🔴;🟢Prioridad Baja🟢;🔴Prioridad Alta🔴;🔴Prioridad Alta🔴;🟡Prioridad Media🟡;;"Reciba solicitudes y pueda aceptarlas o denegarlas.;Pueda configurar qué tipo de solicitudes quiero recibir, para luego aceptarlas o denegarlas.;Pueda confiar en la plataforma para que me consulten, o ellos mismos acepten y denieguen un servicio que me solicitan.;";"Entre $15.000 a $30.000 la hora.;";"Entre $100.000 a $150.000 el día.;";"En efectivo, antes de entregar el vehículo al cliente;En efectivo, cuando el cliente devuelve el vehículo;Por transacción bancaria inmediata, una vez aprobado el servicio por mí y el cliente;Por transacción bancaria inmediata, al finalizar el servicio;Un respaldo con un pagaré automatizado por transferencia bancaria al finalizar el servicio por medio de Flex Drive";🔴Prioridad Alta🔴;🔴Prioridad Alta🔴;🟡Prioridad Media🟡;🔴Prioridad Alta🔴;🟡Prioridad Media🟡;;"No estaría interesado en pagar comisión alguna.;";1;"horas;dias;semanas;meses;exclusividad_propietario";🔴Prioridad Alta🔴;🔴Prioridad Alta🔴;🔴Prioridad Alta🔴;🔴Prioridad Alta🔴;🔴Prioridad Alta🔴;🔴Prioridad Alta🔴;🔴Prioridad Alta🔴;🔴Prioridad Alta🔴;🔴Prioridad Alta🔴;🔴Prioridad Alta🔴;;"Entre $15.000 a $30.000 la hora.;";"Entre $100.000 a $150.000 el día.;";🔴Prioridad Alta🔴;🔴Prioridad Alta🔴;🔴Prioridad Alta🔴;🔴Prioridad Alta🔴;🔴Prioridad Alta🔴;🔴Prioridad Alta🔴;🔴Prioridad Alta🔴;🔴Prioridad Alta🔴;;1;Probable;"Un chat en la plataforma;Por llamada telefónica;Por chat con asesor mediante Whatsapp;Con un chatbot (Sea por plataforma, Whatsapp, u otro medio.)";11;[10, 12)
2025-05-22;Acepto.;18-25;Colombia;Bogotá D.C.;Femenino.;5;Universitario;Pregrado;Únicamente entre semana.;SITP;Por estudio;2;1;Muy rara vez.;Único;Sí;Auto;;;No;"Promueve la economía colaborativa;Diversidad de vehículos para rentar / arrendar;Posibilidad de generar ingresos como propietario del vehículo;Aprovechamiento de vehículos particulares inactivos";"Desconfianza frente a clientes / personas desconocidas;Posibles daños o mal uso del vehículo rentado;Posible uso de vehículos para fines no autorizados;Falta de control en la entrega o devolución del vehículo";No;;;;No;;;;;0;;;;;;;;;;;;;;;;;;;;;;;;;;0;;;;;;;;;;;;;;;;;;;;;;;;0;Neutral;"Un chat en la plataforma;Por chat con asesor mediante Whatsapp";5;[4, 6)
2025-05-22;Acepto.;18-25;Colombia;Bogotá D.C.;Femenino.;5;Universitario;Pregrado;Únicamente entre semana.;"Taxis;SITP";Por estudio;2;0;;;;;;;No;"Mejor negociación en condiciones de arriendo;Posibilidad de generar ingresos como propietario del vehículo;Promueve la economía colaborativa";"Desconfianza frente a clientes / personas desconocidas;Falta de regulación por parte de entidades oficiales;Posible uso de vehículos para fines no autorizados;Falta de control en la entrega o devolución del vehículo";No;;;;No;;;;;1;"dispersonal;dias";🔴Prioridad Alta🔴;🟡Prioridad Media🟡;🔴Prioridad Alta🔴;🔴Prioridad Alta🔴;🟡Prioridad Media🟡;🟢Prioridad Baja🟢;🟡Prioridad Media🟡;🟡Prioridad Media🟡;🟢Prioridad Baja🟢;🟡Prioridad Media🟡;🟡Prioridad Media🟡;🟡Prioridad Media🟡;Otro: Que el vehículo reciba un uso correcto;"Reciba solicitudes y pueda aceptarlas o denegarlas.;Pueda configurar qué tipo de solicitudes quiero recibir, para luego aceptarlas o denegarlas.;Pueda confiar en la plataforma para que me consulten, o ellos mismos acepten y denieguen un servicio que me solicitan.;";"Entre $30.000 a $50.000 la hora.;";"Entre $150.000 a $200.000 el día.;";"Por transacción bancaria inmediata, una vez aprobado el servicio por mí y el cliente;Un respaldo con un pagaré automatizado por transferencia bancaria al finalizar el servicio por medio de Flex Drive";🔴Prioridad Alta🔴;🔴Prioridad Alta🔴;🟢Prioridad Baja🟢;🟡Prioridad Media🟡;🟡Prioridad Media🟡;;"Aceptaría pagar una comisión del 4% al 9% por servicio.;";1;exclusividad_propietario;🔴Prioridad Alta🔴;🔴Prioridad Alta🔴;🔴Prioridad Alta🔴;🔴Prioridad Alta🔴;🟡Prioridad Media🟡;🟡Prioridad Media🟡;🟡Prioridad Media🟡;🟡Prioridad Media🟡;🟡Prioridad Media🟡;🟢Prioridad Baja🟢;;"Entre $15.000 a $30.000 la hora.;Entre $30.000 a $50.000 la hora.;";"Entre $150.000 a $200.000 el día.;";🟡Prioridad Media🟡;🟡Prioridad Media🟡;🟡Prioridad Media🟡;🟡Prioridad Media🟡;🟡Prioridad Media🟡;🔴Prioridad Alta🔴;🔴Prioridad Alta🔴;🔴Prioridad Alta🔴;;1;MuyProbable;"Un chat en la plataforma;Por chat con asesor mediante Whatsapp";6;[6, 8)
2025-05-22;Acepto.;18-25;Colombia;Tunja (Boyacá);Masculino.;5;Universitario;Pregrado;Diariamente.;Buses municipales;"Por trabajo;Por estudio;Por compromisos personales o familiares";2;0;;;;;;;Sí;"Mayor flexibilidad en horarios;Mejor negociación en condiciones de arriendo;Posibilidad de generar ingresos como propietario del vehículo;Aprovechamiento de vehículos particulares inactivos";"Desconfianza frente a clientes / personas desconocidas;Posible uso de vehículos para fines no autorizados";No;;;;Sí;Tanto en Colombia como en el exterior;Uber;"Facilidad en el acceso al servicio.;Rapidez en los tiempos de respuesta.;Acompañamiento y buen trato durante el proceso.;Seguridad durante los procesos del servicio.;";;0;;;;;;;;;;;;;;;;;;;;;;;;;;1;horas;🔴Prioridad Alta🔴;🔴Prioridad Alta🔴;🔴Prioridad Alta🔴;🔴Prioridad Alta🔴;🟡Prioridad Media🟡;🔴Prioridad Alta🔴;🔴Prioridad Alta🔴;🔴Prioridad Alta🔴;🔴Prioridad Alta🔴;🔴Prioridad Alta🔴;;"Entre $15.000 a $30.000 la hora.;";"Entre $100.000 a $150.000 el día.;";🔴Prioridad Alta🔴;🔴Prioridad Alta🔴;🔴Prioridad Alta🔴;🟡Prioridad Media🟡;🔴Prioridad Alta🔴;🔴Prioridad Alta🔴;🔴Prioridad Alta🔴;🔴Prioridad Alta🔴;;0;Probable;"Un chat en la plataforma;Por llamada telefónica;Por chat con asesor mediante Whatsapp";7;[6, 8)
2025-05-22;Acepto.;18-25;Colombia;Tunja (Boyacá);Masculino.;5;Universitario;Pregrado;Únicamente entre semana.;"Buses municipales;Buses intermunicipales";Por estudio;2;1;Solo durante fines de semana.;Varios;;;sí_prop;"Auto;Moto";No;Posibilidad de generar ingresos como propietario del vehículo;Posibles daños o mal uso del vehículo rentado;No;;;;No;;;;;1;dispersonal;🔴Prioridad Alta🔴;🔴Prioridad Alta🔴;🟡Prioridad Media🟡;🔴Prioridad Alta🔴;🟡Prioridad Media🟡;🟡Prioridad Media🟡;🟡Prioridad Media🟡;🟡Prioridad Media🟡;🟡Prioridad Media🟡;🟡Prioridad Media🟡;🔴Prioridad Alta🔴;🟡Prioridad Media🟡;;"Pueda configurar qué tipo de solicitudes quiero recibir, para luego aceptarlas o denegarlas.;";"Entre $15.000 a $30.000 la hora.;";"Entre $150.000 a $200.000 el día.;Entre $100.000 a $150.000 el día.;";Por transacción bancaria inmediata, una vez aprobado el servicio por mí y el cliente;🟢Prioridad Baja🟢;🔴Prioridad Alta🔴;🟡Prioridad Media🟡;🔴Prioridad Alta🔴;🟡Prioridad Media🟡;;"Aceptaría pagar una comisión del 4% al 9% por servicio.;";1;"dias;horas";🔴Prioridad Alta🔴;🔴Prioridad Alta🔴;🔴Prioridad Alta🔴;🟡Prioridad Media🟡;🟡Prioridad Media🟡;🟡Prioridad Media🟡;🟡Prioridad Media🟡;🟡Prioridad Media🟡;🟡Prioridad Media🟡;🟡Prioridad Media🟡;;"Entre $15.000 a $30.000 la hora.;Entre $30.000 a $50.000 la hora.;";"Entre $100.000 a $150.000 el día.;Entre $150.000 a $200.000 el día.;";🔴Prioridad Alta🔴;🟡Prioridad Media🟡;🟡Prioridad Media🟡;🟡Prioridad Media🟡;🟡Prioridad Media🟡;🟡Prioridad Media🟡;🟡Prioridad Media🟡;🟡Prioridad Media🟡;;1;Probable;"Por llamada telefónica;Por chat con asesor mediante Whatsapp";6;[6, 8)
2025-05-22;Acepto.;18-25;Colombia;Cúcuta (Norte De Santander);Femenino.;1;Universitario;Secundaria media;Únicamente entre semana.;"Buses intermunicipales;Buses municipales";Por estudio;0;0;;;;;;;Sí;Posibilidad de generar ingresos como propietario del vehículo;"Posible uso de vehículos para fines no autorizados;Posibles daños o mal uso del vehículo rentado";No;;;;No;;;;;1;dispersonal;🔴Prioridad Alta🔴;🔴Prioridad Alta🔴;🔴Prioridad Alta🔴;🔴Prioridad Alta🔴;🔴Prioridad Alta🔴;🔴Prioridad Alta🔴;🔴Prioridad Alta🔴;🔴Prioridad Alta🔴;🔴Prioridad Alta🔴;🔴Prioridad Alta🔴;🔴Prioridad Alta🔴;🔴Prioridad Alta🔴;;"Reciba solicitudes y pueda aceptarlas o denegarlas.;";"Entre $50.000 a $80.000 la hora.;";"Entre $200.000 a $250.000 el día.;";En efectivo, antes de entregar el vehículo al cliente;🟡Prioridad Media🟡;🔴Prioridad Alta🔴;🔴Prioridad Alta🔴;🔴Prioridad Alta🔴;🔴Prioridad Alta🔴;;"Preferiría pagar una suscripción mensual.;";1;semanas;🔴Prioridad Alta🔴;🔴Prioridad Alta🔴;🔴Prioridad Alta🔴;🔴Prioridad Alta🔴;🔴Prioridad Alta🔴;🔴Prioridad Alta🔴;🔴Prioridad Alta🔴;🔴Prioridad Alta🔴;🔴Prioridad Alta🔴;🔴Prioridad Alta🔴;;"Entre $30.000 a $50.000 la hora.;Entre $50.000 a $80.000 la hora.;";"Entre $200.000 a $250.000 el día.;Entre $150.000 a $200.000 el día.;";🔴Prioridad Alta🔴;🔴Prioridad Alta🔴;🔴Prioridad Alta🔴;🔴Prioridad Alta🔴;🔴Prioridad Alta🔴;🔴Prioridad Alta🔴;🔴Prioridad Alta🔴;🔴Prioridad Alta🔴;;1;Neutral;"Un chat en la plataforma;Por llamada telefónica";10;[10, 12)
2025-05-22;Acepto.;26-35;Colombia;Bogotá D.C.;Femenino.;3;"Estudiante de secundaria;Empleado";Técnico / Tecnológico;Diariamente.;"Taxis;Buses municipales;Buses intermunicipales;SITP";"Por trabajo;Por compromisos personales o familiares";2;1;Muy rara vez.;Único;Sí;Motocicleta;;;No;"Mayor flexibilidad en horarios;Promueve la economía colaborativa";"Desconfianza frente a clientes / personas desconocidas;Posibles daños o mal uso del vehículo rentado;Posible uso de vehículos para fines no autorizados;Falta de control en la entrega o devolución del vehículo";No;;;;No;;;;;0;;;;;;;;;;;;;;;;;;;;;;;;;;0;;;;;;;;;;;;;;;;;;;;;;;;1;Probable;Por chat con asesor mediante Whatsapp;4;[4, 6)
2025-05-22;Acepto.;18-25;Colombia;Bogotá D.C.;Femenino.;2;Empleado;Pregrado;Únicamente entre semana.;SITP;Por trabajo;1;0;;;;;;;Sí;"Diversidad de vehículos para rentar / arrendar;Posibilidad de generar ingresos como propietario del vehículo;Promueve la economía colaborativa";"Desconfianza frente a clientes / personas desconocidas;Posibles daños o mal uso del vehículo rentado;Falta de control en la entrega o devolución del vehículo";No;;;;No;;;;;0;;;;;;;;;;;;;;;;;;;;;;;;;;1;horas;🔴Prioridad Alta🔴;🟡Prioridad Media🟡;🟡Prioridad Media🟡;🔴Prioridad Alta🔴;🟡Prioridad Media🟡;🔴Prioridad Alta🔴;🟡Prioridad Media🟡;🟡Prioridad Media🟡;🔴Prioridad Alta🔴;🟡Prioridad Media🟡;;"Entre $15.000 a $30.000 la hora.;";"Entre $100.000 a $150.000 el día.;";🔴Prioridad Alta🔴;🟢Prioridad Baja🟢;🟡Prioridad Media🟡;🔴Prioridad Alta🔴;🔴Prioridad Alta🔴;🟡Prioridad Media🟡;🔴Prioridad Alta🔴;🟡Prioridad Media🟡;;1;Probable;"Un chat en la plataforma;Por llamada telefónica";15;[14, 16)
2025-05-22;Acepto.;18-25;Colombia;Tunja (Boyacá);Masculino.;3;Universitario;Pregrado;Rara vez.;Taxis;Por estudio;2;0;;;;;;;No;;;No;;;;No;;;;;0;;;;;;;;;;;;;;;;;;;;;;;;;;1;"dias;horas";🔴Prioridad Alta🔴;🟡Prioridad Media🟡;🔴Prioridad Alta🔴;🔴Prioridad Alta🔴;🟡Prioridad Media🟡;🔴Prioridad Alta🔴;🔴Prioridad Alta🔴;🔴Prioridad Alta🔴;🟡Prioridad Media🟡;🔴Prioridad Alta🔴;;"Entre $15.000 a $30.000 la hora.;Entre $30.000 a $50.000 la hora.;";"Entre $150.000 a $200.000 el día.;";🔴Prioridad Alta🔴;🔴Prioridad Alta🔴;🔴Prioridad Alta🔴;🟡Prioridad Media🟡;🔴Prioridad Alta🔴;🟡Prioridad Media🟡;🔴Prioridad Alta🔴;🟡Prioridad Media🟡;;1;Probable;"Por llamada telefónica;Un chat en la plataforma;Por chat con asesor mediante Whatsapp";4;[4, 6)
2025-05-22;Acepto.;18-25;Colombia;Tunja (Boyacá);Masculino.;4;"Universitario;Freelancer;Empresario";Pregrado;Únicamente entre semana.;"Taxis;Buses intermunicipales;Buses municipales";"Por estudio;Por compromisos personales o familiares;Por trabajo;Por turismo";2;0;;;;;;;Sí;"Mayor flexibilidad en horarios;Diversidad de vehículos para rentar / arrendar;Posibilidad de generar ingresos como propietario del vehículo;Experiencia de negocio más personalizada";"Posibles daños o mal uso del vehículo rentado;Desconfianza frente a clientes / personas desconocidas;Posible uso de vehículos para fines no autorizados";Sí;"A través de una empresa o entidad presencial.;A través de una plataforma web.;";"Buen margen de ganancias.;Control sobre las decisiones tomadas sobre el vehículo.;Buena gestión por parte de la entidad sobre el vehículo.;Acompañamiento en los trámites y documentación.;Ampliación de red de clientes y/o interesados.;";"Decisiones arbitrarias por parte de la entidad sobre el vehículo propio.;Inseguridad o falta de protección frente a daños o mal uso.;Poca atención o soporte al usuario desde la plataforma o la entidad.;Logística y administración complejas y confusas.;";Sí;Tanto en Colombia como en el exterior;Localiza;"Rapidez en los tiempos de respuesta.;Transparencia en la información brindada.;Flexibilidad para adaptarse a mis necesidades.;Eficacia en la solución de problemas y dudas.;";"Lentitud en tiempos de atención y respuesta;Información confusa sobre los contratos;Costos elevados en comparación con lo esperado";1;dias;🟢Prioridad Baja🟢;🟢Prioridad Baja🟢;🟢Prioridad Baja🟢;🟢Prioridad Baja🟢;🟢Prioridad Baja🟢;🟢Prioridad Baja🟢;🟡Prioridad Media🟡;🟢Prioridad Baja🟢;🟡Prioridad Media🟡;🟢Prioridad Baja🟢;🟢Prioridad Baja🟢;🟢Prioridad Baja🟢;;"Pueda confiar en la plataforma para que me consulten, o ellos mismos acepten y denieguen un servicio que me solicitan.;";"Entre $30.000 a $50.000 la hora.;Entre $15.000 a $30.000 la hora.;";"Entre $150.000 a $200.000 el día.;";En efectivo, antes de entregar el vehículo al cliente;🟢Prioridad Baja🟢;🟢Prioridad Baja🟢;🟢Prioridad Baja🟢;🟢Prioridad Baja🟢;🟢Prioridad Baja🟢;;"Preferiría pagar una suscripción mensual.;";1;dias;🟢Prioridad Baja🟢;🟢Prioridad Baja🟢;🟢Prioridad Baja🟢;🟢Prioridad Baja🟢;🟢Prioridad Baja🟢;🟢Prioridad Baja🟢;🟢Prioridad Baja🟢;🟢Prioridad Baja🟢;🟢Prioridad Baja🟢;🟢Prioridad Baja🟢;"Revisar 45A;Revisar 45G";"Entre $15.000 a $30.000 la hora.;";"Entre $100.000 a $150.000 el día.;";🟢Prioridad Baja🟢;🟢Prioridad Baja🟢;🟢Prioridad Baja🟢;🟢Prioridad Baja🟢;🟢Prioridad Baja🟢;🟢Prioridad Baja🟢;🟢Prioridad Baja🟢;🟢Prioridad Baja🟢;;1;MuyProbable;Por correo electrónico;8;[8, 10)
2025-05-22;Acepto.;18-25;Colombia;Paz De Río (Boyacá);Masculino.;1;Universitario;Técnico / Tecnológico;Únicamente entre semana.;Buses municipales;Por estudio;2;0;;;;;;;No;Aprovechamiento de vehículos particulares inactivos;Posible uso de vehículos para fines no autorizados;No;;;;Sí;Colombia;;"Acompañamiento y buen trato durante el proceso.;";;0;;;;;;;;;;;;;;;;;;;;;;;;;;0;;;;;;;;;;;;;;;;;;;;;;;;1;Neutral;Por chat con asesor mediante Whatsapp;7;[6, 8)
2025-05-22;Acepto.;26-35;Colombia;Puerto Boyacá (Boyacá);Femenino.;3;Freelancer;Técnico / Tecnológico;Rara vez.;Taxis;"Por compromisos personales o familiares;Por turismo";2;1;Diariamente.;Único;Sí;Auto;;;Sí;"Mayor flexibilidad en horarios;Promueve la economía colaborativa;Posibilidad de generar ingresos como propietario del vehículo;Experiencia de negocio más personalizada";"Posibles daños o mal uso del vehículo rentado;Desconfianza frente a clientes / personas desconocidas;Posible uso de vehículos para fines no autorizados";No;;;;No;;;;;0;;;;;;;;;;;;;;;;;;;;;;;;;;1;"dias;horas";🔴Prioridad Alta🔴;🔴Prioridad Alta🔴;🔴Prioridad Alta🔴;🟡Prioridad Media🟡;🟡Prioridad Media🟡;🟡Prioridad Media🟡;🔴Prioridad Alta🔴;🔴Prioridad Alta🔴;🔴Prioridad Alta🔴;🟡Prioridad Media🟡;;"Entre $15.000 a $30.000 la hora.;";"Entre $100.000 a $150.000 el día.;";🔴Prioridad Alta🔴;🟡Prioridad Media🟡;🔴Prioridad Alta🔴;🔴Prioridad Alta🔴;🔴Prioridad Alta🔴;🟡Prioridad Media🟡;🔴Prioridad Alta🔴;🔴Prioridad Alta🔴;;1;Probable;"Por llamada telefónica;Por chat con asesor mediante Whatsapp";8;[8, 10)
2025-05-22;Acepto.;18-25;Colombia;Tunja (Boyacá);Femenino.;4;Universitario;Secundaria media;Rara vez.;"Taxis;Buses municipales;Buses intermunicipales;SITP";"Por estudio;Por compromisos personales o familiares";0;0;;;;;;;No;Posibilidad de generar ingresos como propietario del vehículo;Posibles daños o mal uso del vehículo rentado;No;;;;No;;;;;0;;;;;;;;;;;;;;;;;;;;;;;;;;0;;;;;;;;;;;;;;;;;;;;;;;;0;Improbable;Un chat en la plataforma;239;
2025-05-22;Acepto.;18-25;Colombia;Tunja (Boyacá);Femenino.;2;Empleado;Técnico / Tecnológico;Diariamente.;Buses municipales;Por trabajo;1;0;;;;;;;Sí;"Mayor flexibilidad en horarios;Diversidad de vehículos para rentar / arrendar;Promueve la economía colaborativa";"Desconfianza frente a clientes / personas desconocidas;Posible uso de vehículos para fines no autorizados;Falta de control en la entrega o devolución del vehículo";No;;;;No;;;;;0;;;;;;;;;;;;;;;;;;;;;;;;;;0;;;;;;;;;;;;;;;;;;;;;;;;1;Neutral;Un chat en la plataforma;9;[8, 10)
2025-05-22;Acepto.;18-25;Colombia;Tunja (Boyacá);Masculino.;3;"Universitario;Empleado";Pregrado;Únicamente los fines de semana.;"Taxis;Buses municipales;Buses intermunicipales";"Por trabajo;Por estudio";2;0;;;;;;;No;"Mayor flexibilidad en horarios;Posibilidad de generar ingresos como propietario del vehículo;Diversidad de vehículos para rentar / arrendar;Aprovechamiento de vehículos particulares inactivos";"Posibles daños o mal uso del vehículo rentado;Desconfianza frente a clientes / personas desconocidas;Falta de control en la entrega o devolución del vehículo";No;;;;No;;;;;0;;;;;;;;;;;;;;;;;;;;;;;;;;1;semanas;🔴Prioridad Alta🔴;🔴Prioridad Alta🔴;🔴Prioridad Alta🔴;🟢Prioridad Baja🟢;🟡Prioridad Media🟡;🔴Prioridad Alta🔴;🟡Prioridad Media🟡;🟡Prioridad Media🟡;🟡Prioridad Media🟡;🟡Prioridad Media🟡;;"No me encuentro interesado en rentar por horas.;";"No me encuentro interesado en rentar por días.;";🟡Prioridad Media🟡;🔴Prioridad Alta🔴;🔴Prioridad Alta🔴;🔴Prioridad Alta🔴;🟡Prioridad Media🟡;🟡Prioridad Media🟡;🟡Prioridad Media🟡;🔴Prioridad Alta🔴;;1;Neutral;"Un chat en la plataforma;Por llamada telefónica;Por chat con asesor mediante Whatsapp";8;[8, 10)
2025-05-22;Acepto.;18-25;Colombia;Tunja (Boyacá);Masculino.;3;"Estudiante de secundaria;Universitario";Secundaria básica;Rara vez.;"Taxis;Buses municipales";"Por estudio;Por compromisos personales o familiares";1;0;;;;;;;No;"Diversidad de vehículos para rentar / arrendar;Posibilidad de generar ingresos como propietario del vehículo;Mejor negociación en condiciones de arriendo";"Posible uso de vehículos para fines no autorizados;Falta de regulación por parte de entidades oficiales";No;;;;No;;;;;0;;;;;;;;;;;;;;;;;;;;;;;;;;0;;;;;;;;;;;;;;;;;;;;;;;;0;Probable;Un chat en la plataforma;2;[2, 4)
2025-05-22;Acepto.;26-35;Colombia;Bogotá D.C.;Masculino.;4;Freelancer;Pregrado;Rara vez.;Otro: Plataformas digitales de transporte (servicios privados);Otro: Por pico y placa o relacionados;2;1;Solo durante fines de semana.;Único;Ocasionalmente;Auto;;;No;"Promueve la economía colaborativa;Diversidad de vehículos para rentar / arrendar;Posibilidad de generar ingresos como propietario del vehículo";"Posibles daños o mal uso del vehículo rentado;Desconfianza frente a clientes / personas desconocidas;Posible uso de vehículos para fines no autorizados";No;;;;No;;;;;0;;;;;;;;;;;;;;;;;;;;;;;;;;0;;;;;;;;;;;;;;;;;;;;;;;;1;Improbable;"Un chat en la plataforma;Por llamada telefónica";10;[10, 12)
2025-05-22;Acepto.;26-35;Colombia;Bogotá D.C.;Femenino.;3;Empleado;Pregrado;Diariamente.;Buses municipales;Por trabajo;1;0;;;;;;;Sí;"Mejor negociación en condiciones de arriendo;Posibilidad de generar ingresos como propietario del vehículo;Promueve la economía colaborativa";"Falta de regulación por parte de entidades oficiales;Falta de control en la entrega o devolución del vehículo;Posibles daños o mal uso del vehículo rentado";No;;;;No;;;;;1;dias;🔴Prioridad Alta🔴;🔴Prioridad Alta🔴;🔴Prioridad Alta🔴;🔴Prioridad Alta🔴;🟡Prioridad Media🟡;🔴Prioridad Alta🔴;🔴Prioridad Alta🔴;🟡Prioridad Media🟡;🔴Prioridad Alta🔴;🔴Prioridad Alta🔴;🔴Prioridad Alta🔴;🔴Prioridad Alta🔴;;"Reciba solicitudes y pueda aceptarlas o denegarlas.;Pueda configurar qué tipo de solicitudes quiero recibir, para luego aceptarlas o denegarlas.;Pueda confiar en la plataforma para que me consulten, o ellos mismos acepten y denieguen un servicio que me solicitan.;";"Entre $15.000 a $30.000 la hora.;";"Entre $100.000 a $150.000 el día.;";Un respaldo con un pagaré automatizado por transferencia bancaria al finalizar el servicio por medio de Flex Drive;🔴Prioridad Alta🔴;🔴Prioridad Alta🔴;🔴Prioridad Alta🔴;🔴Prioridad Alta🔴;🔴Prioridad Alta🔴;;"Preferiría pagar una suscripción mensual.;";1;dias;🔴Prioridad Alta🔴;🔴Prioridad Alta🔴;🔴Prioridad Alta🔴;🔴Prioridad Alta🔴;🔴Prioridad Alta🔴;🔴Prioridad Alta🔴;🔴Prioridad Alta🔴;🔴Prioridad Alta🔴;🟡Prioridad Media🟡;🟡Prioridad Media🟡;;"Entre $15.000 a $30.000 la hora.;";"Entre $100.000 a $150.000 el día.;";🔴Prioridad Alta🔴;🔴Prioridad Alta🔴;🔴Prioridad Alta🔴;🔴Prioridad Alta🔴;🔴Prioridad Alta🔴;🔴Prioridad Alta🔴;🔴Prioridad Alta🔴;🔴Prioridad Alta🔴;;1;Probable;"Un chat en la plataforma;Por llamada telefónica;Por chat con asesor mediante Whatsapp";43;[42, 44)
2025-05-22;Acepto.;26-35;Colombia;Boyacá (Boyacá);Masculino.;3;Universitario;Especialización / Diplomado;Rara vez.;"Buses intermunicipales;SITP";Por trabajo;1;1;Solo entre semana laboral.;Único;Sí;Scoo;;;Sí;Mayor flexibilidad en horarios;Falta de regulación por parte de entidades oficiales;Sí;"A través de una plataforma web.;";"Buena gestión por parte de la entidad sobre el vehículo.;";"Comunicación deficiente con el operador logístico.;";Sí;Colombia;;"Rapidez en los tiempos de respuesta.;";Información confusa sobre los contratos;1;dias;🟡Prioridad Media🟡;🟡Prioridad Media🟡;🟢Prioridad Baja🟢;🟡Prioridad Media🟡;🟢Prioridad Baja🟢;🟡Prioridad Media🟡;🟢Prioridad Baja🟢;🟡Prioridad Media🟡;🟢Prioridad Baja🟢;🟡Prioridad Media🟡;🟢Prioridad Baja🟢;🟡Prioridad Media🟡;Otro: Incentivos económicos para el propietario;"Reciba solicitudes y pueda aceptarlas o denegarlas.;";"Entre $15.000 a $30.000 la hora.;";"Entre $100.000 a $150.000 el día.;";En efectivo, cuando el cliente devuelve el vehículo;🟡Prioridad Media🟡;🟢Prioridad Baja🟢;🟡Prioridad Media🟡;🟢Prioridad Baja🟢;🟡Prioridad Media🟡;El clima;"No estaría interesado en pagar comisión alguna.;";1;dias;🟢Prioridad Baja🟢;🟢Prioridad Baja🟢;🟢Prioridad Baja🟢;🟢Prioridad Baja🟢;🟢Prioridad Baja🟢;🟢Prioridad Baja🟢;🟢Prioridad Baja🟢;🟢Prioridad Baja🟢;🟢Prioridad Baja🟢;🟢Prioridad Baja🟢;;"Entre $15.000 a $30.000 la hora.;";"Entre $150.000 a $200.000 el día.;";🟢Prioridad Baja🟢;🟢Prioridad Baja🟢;🟢Prioridad Baja🟢;🟢Prioridad Baja🟢;🟢Prioridad Baja🟢;🟢Prioridad Baja🟢;🟢Prioridad Baja🟢;🟢Prioridad Baja🟢;;1;MuyProbable;Un chat en la plataforma;11;[10, 12)
2025-05-23;Acepto.;26-35;Colombia;Socha (Boyacá);Femenino.;2;Empleado;Secundaria media;Rara vez.;Otro: Servicios (informales);Por trabajo;2;1;Diariamente.;Único;No;Motocicleta;;;No;Aprovechamiento de vehículos particulares inactivos;"Posibles daños o mal uso del vehículo rentado;Posible uso de vehículos para fines no autorizados";No;;;;No;;;;;0;;;;;;;;;;;;;;;;;;;;;;;;;;0;;;;;;;;;;;;;;;;;;;;;;;;1;Improbable;"Por llamada telefónica;Por chat con asesor mediante Whatsapp";6;[6, 8)
2025-05-23;Acepto.;26-35;Colombia;Bogotá D.C.;Femenino.;4;Empleado;Especialización / Diplomado;Únicamente entre semana.;SITP;Por trabajo;2;0;;;;;;;No;"Posibilidad de generar ingresos como propietario del vehículo;Promueve la economía colaborativa;Aprovechamiento de vehículos particulares inactivos";"Posibles daños o mal uso del vehículo rentado;Falta de regulación por parte de entidades oficiales";No;;;;No;;;;;0;;;;;;;;;;;;;;;;;;;;;;;;;;0;;;;;;;;;;;;;;;;;;;;;;;;1;Neutral;Por llamada telefónica;5;[4, 6)
2025-05-23;Acepto.;46-55;Colombia;Samacá (Boyacá);Masculino.;3;Empleado;Pregrado;Rara vez.;"Taxis;Buses intermunicipales";"Por compromisos personales o familiares;Por turismo";2;1;Solo durante fines de semana.;Único;Ocasionalmente;Auto;;;Sí;Diversidad de vehículos para rentar / arrendar;"Posibles daños o mal uso del vehículo rentado;Desconfianza frente a clientes / personas desconocidas;Falta de regulación por parte de entidades oficiales;Posible uso de vehículos para fines no autorizados;Falta de control en la entrega o devolución del vehículo";Sí;"A través de una empresa o entidad presencial.;";;"Comunicación deficiente con el operador logístico.;Decisiones arbitrarias por parte de la entidad sobre el vehículo propio.;Inseguridad o falta de protección frente a daños o mal uso.;Logística y administración complejas y confusas.;";Sí;En el exterior;Avis;"Facilidad en el acceso al servicio.;Rapidez en los tiempos de respuesta.;Transparencia en la información brindada.;Acompañamiento y buen trato durante el proceso.;Flexibilidad para adaptarse a mis necesidades.;Tecnología fácil de utilizar (a través de plataformas digitales, aplicaciones o códigos personales / QRs).).;";Costos elevados en comparación con lo esperado;0;;;;;;;;;;;;;;;;;;;;;;;;;;0;;;;;;;;;;;;;;;;;;;;;;;;1;MuyImprobable;RESPUESTA INVÁLIDA - INDIFERENTE;6;[6, 8)
2025-05-23;Acepto.;46-55;Colombia;Samacá (Boyacá);Femenino.;3;Empleado;Especialización / Diplomado;Rara vez.;Buses intermunicipales;Por trabajo;2;1;Diariamente.;Único;No;Auto;;;No;Posibilidad de generar ingresos como propietario del vehículo;Posibles daños o mal uso del vehículo rentado;No;;;;Sí;En el exterior;Avis;"Facilidad en el acceso al servicio.;";Costos elevados en comparación con lo esperado;0;;;;;;;;;;;;;;;;;;;;;;;;;;1;dias;🔴Prioridad Alta🔴;🔴Prioridad Alta🔴;🔴Prioridad Alta🔴;🔴Prioridad Alta🔴;🔴Prioridad Alta🔴;🔴Prioridad Alta🔴;🔴Prioridad Alta🔴;🟡Prioridad Media🟡;🟡Prioridad Media🟡;🔴Prioridad Alta🔴;;"No me encuentro interesado en rentar por horas.;";"Entre $100.000 a $150.000 el día.;";🟡Prioridad Media🟡;🔴Prioridad Alta🔴;🔴Prioridad Alta🔴;🔴Prioridad Alta🔴;🟡Prioridad Media🟡;🔴Prioridad Alta🔴;🔴Prioridad Alta🔴;🔴Prioridad Alta🔴;Revisar 49H;1;Probable;Un chat en la plataforma;9;[8, 10)
2025-05-23;Acepto.;18-25;Colombia;Paz De Río (Boyacá);Masculino.;2;Desempleado;Pregrado;Diariamente.;Buses municipales;"Por trabajo;Por estudio;Por compromisos personales o familiares";1;0;;;;;;;No;"Promueve la economía colaborativa;Diversidad de vehículos para rentar / arrendar;Posibilidad de generar ingresos como propietario del vehículo;Mejor negociación en condiciones de arriendo";"Desconfianza frente a clientes / personas desconocidas;Posibles daños o mal uso del vehículo rentado;Falta de regulación por parte de entidades oficiales";No;;;;No;;;;;1;dias;🔴Prioridad Alta🔴;🔴Prioridad Alta🔴;🔴Prioridad Alta🔴;🔴Prioridad Alta🔴;🔴Prioridad Alta🔴;🔴Prioridad Alta🔴;🔴Prioridad Alta🔴;🔴Prioridad Alta🔴;🔴Prioridad Alta🔴;🔴Prioridad Alta🔴;🔴Prioridad Alta🔴;🔴Prioridad Alta🔴;;"Reciba solicitudes y pueda aceptarlas o denegarlas.;";"Entre $30.000 a $50.000 la hora.;";"Entre $250.000 a $350.000 el día.;Entre $100.000 a $150.000 el día.;";"En efectivo, antes de entregar el vehículo al cliente;Por transacción bancaria inmediata, una vez aprobado el servicio por mí y el cliente";🔴Prioridad Alta🔴;🔴Prioridad Alta🔴;🔴Prioridad Alta🔴;🔴Prioridad Alta🔴;🔴Prioridad Alta🔴;;"No estaría interesado en pagar comisión alguna.;";1;dias;🔴Prioridad Alta🔴;🔴Prioridad Alta🔴;🔴Prioridad Alta🔴;🔴Prioridad Alta🔴;🔴Prioridad Alta🔴;🔴Prioridad Alta🔴;🔴Prioridad Alta🔴;🔴Prioridad Alta🔴;🔴Prioridad Alta🔴;🔴Prioridad Alta🔴;;"Entre $15.000 a $30.000 la hora.;";"Entre $100.000 a $150.000 el día.;";🔴Prioridad Alta🔴;🔴Prioridad Alta🔴;🔴Prioridad Alta🔴;🔴Prioridad Alta🔴;🔴Prioridad Alta🔴;🔴Prioridad Alta🔴;🔴Prioridad Alta🔴;🔴Prioridad Alta🔴;;1;MuyProbable;Un chat en la plataforma;8;[8, 10)
2025-05-23;Acepto.;18-25;Colombia;Socha (Boyacá);Femenino.;2;Universitario;Pregrado;Únicamente entre semana.;Buses municipales;Por estudio;1;0;;;;;;;No;Mayor flexibilidad en horarios;Falta de regulación por parte de entidades oficiales;No;;;;No;;;;;0;;;;;;;;;;;;;;;;;;;;;;;;;;1;exclusividad_propietario;🔴Prioridad Alta🔴;🔴Prioridad Alta🔴;🔴Prioridad Alta🔴;🔴Prioridad Alta🔴;🔴Prioridad Alta🔴;🔴Prioridad Alta🔴;🔴Prioridad Alta🔴;🔴Prioridad Alta🔴;🔴Prioridad Alta🔴;🔴Prioridad Alta🔴;;"Entre $15.000 a $30.000 la hora.;";"Entre $150.000 a $200.000 el día.;";🔴Prioridad Alta🔴;🔴Prioridad Alta🔴;🔴Prioridad Alta🔴;🔴Prioridad Alta🔴;🔴Prioridad Alta🔴;🔴Prioridad Alta🔴;🔴Prioridad Alta🔴;🔴Prioridad Alta🔴;;1;Probable;Por correo electrónico;6;[6, 8)
2025-05-23;Acepto.;36-45;Colombia;Tasco (Boyacá);Femenino.;2;Empleado;Técnico / Tecnológico;Únicamente entre semana.;Buses municipales;Por trabajo;1;1;Muy rara vez.;Único;Sí;Auto;;;No;"Mayor flexibilidad en horarios;Posibilidad de generar ingresos como propietario del vehículo;Experiencia de negocio más personalizada";"Desconfianza frente a clientes / personas desconocidas;Posible uso de vehículos para fines no autorizados";No;;;;No;;;;;1;horas;🔴Prioridad Alta🔴;🔴Prioridad Alta🔴;🟡Prioridad Media🟡;🔴Prioridad Alta🔴;🟡Prioridad Media🟡;🟡Prioridad Media🟡;🔴Prioridad Alta🔴;🔴Prioridad Alta🔴;🟡Prioridad Media🟡;🟡Prioridad Media🟡;🔴Prioridad Alta🔴;🟡Prioridad Media🟡;;"Pueda configurar qué tipo de solicitudes quiero recibir, para luego aceptarlas o denegarlas.;";"Entre $30.000 a $50.000 la hora.;";"Entre $200.000 a $250.000 el día.;Entre $250.000 a $350.000 el día.;";En efectivo, antes de entregar el vehículo al cliente;🔴Prioridad Alta🔴;🔴Prioridad Alta🔴;🔴Prioridad Alta🔴;🔴Prioridad Alta🔴;🔴Prioridad Alta🔴;;"No estaría interesado en pagar comisión alguna.;";1;dias;🔴Prioridad Alta🔴;🔴Prioridad Alta🔴;🔴Prioridad Alta🔴;🔴Prioridad Alta🔴;🔴Prioridad Alta🔴;🔴Prioridad Alta🔴;🔴Prioridad Alta🔴;🟡Prioridad Media🟡;🔴Prioridad Alta🔴;🟡Prioridad Media🟡;;"Entre $30.000 a $50.000 la hora.;";"Entre $250.000 a $350.000 el día.;";🔴Prioridad Alta🔴;🔴Prioridad Alta🔴;🔴Prioridad Alta🔴;🔴Prioridad Alta🔴;🔴Prioridad Alta🔴;🔴Prioridad Alta🔴;🔴Prioridad Alta🔴;🔴Prioridad Alta🔴;;1;Probable;"Por correo electrónico;Por chat con asesor mediante Whatsapp";6;[6, 8)
2025-05-23;Acepto.;18-25;Colombia;Bogotá D.C.;Femenino.;2;Empleado;Pregrado;Únicamente entre semana.;Buses municipales;Por trabajo;1;0;;;;;;;Sí;"Mejor negociación en condiciones de arriendo;Posibilidad de generar ingresos como propietario del vehículo;Diversidad de vehículos para rentar / arrendar;Promueve la economía colaborativa";"Posibles daños o mal uso del vehículo rentado;Desconfianza frente a clientes / personas desconocidas;Posible uso de vehículos para fines no autorizados;Falta de control en la entrega o devolución del vehículo";No;;;;No;;;;;1;dias;🔴Prioridad Alta🔴;🔴Prioridad Alta🔴;🔴Prioridad Alta🔴;🔴Prioridad Alta🔴;🟡Prioridad Media🟡;🟡Prioridad Media🟡;🟡Prioridad Media🟡;🔴Prioridad Alta🔴;🟡Prioridad Media🟡;🟡Prioridad Media🟡;🔴Prioridad Alta🔴;🟡Prioridad Media🟡;;"Pueda configurar qué tipo de solicitudes quiero recibir, para luego aceptarlas o denegarlas.;";"Entre $15.000 a $30.000 la hora.;";"Entre $100.000 a $150.000 el día.;";"En efectivo, antes de entregar el vehículo al cliente;Por transacción bancaria inmediata, una vez aprobado el servicio por mí y el cliente";🟡Prioridad Media🟡;🔴Prioridad Alta🔴;🔴Prioridad Alta🔴;🟡Prioridad Media🟡;🟡Prioridad Media🟡;;"Aceptaría pagar una comisión del 4% al 9% por servicio.;";1;"horas;dias";🟡Prioridad Media🟡;🔴Prioridad Alta🔴;🔴Prioridad Alta🔴;🟡Prioridad Media🟡;🟡Prioridad Media🟡;🔴Prioridad Alta🔴;🟡Prioridad Media🟡;🟡Prioridad Media🟡;🟡Prioridad Media🟡;🟡Prioridad Media🟡;;"Entre $15.000 a $30.000 la hora.;";"Entre $100.000 a $150.000 el día.;";🟡Prioridad Media🟡;🟡Prioridad Media🟡;🔴Prioridad Alta🔴;🟡Prioridad Media🟡;🔴Prioridad Alta🔴;🟡Prioridad Media🟡;🟡Prioridad Media🟡;🔴Prioridad Alta🔴;;1;MuyProbable;"Un chat en la plataforma;Por chat con asesor mediante Whatsapp;Con un chatbot (Sea por plataforma, Whatsapp, u otro medio.)";7;[6, 8)
2025-05-23;Acepto.;18-25;Colombia;Tunja (Boyacá);Femenino.;3;Universitario;Pregrado;Diariamente.;"Buses intermunicipales;Buses municipales";"Por trabajo;Por estudio";1;0;;;;;;;No;"Posibilidad de generar ingresos como propietario del vehículo;Mejor negociación en condiciones de arriendo";"Desconfianza frente a clientes / personas desconocidas;Posible uso de vehículos para fines no autorizados";No;;;;No;;;;;1;dispersonal;🔴Prioridad Alta🔴;🔴Prioridad Alta🔴;🔴Prioridad Alta🔴;🔴Prioridad Alta🔴;🔴Prioridad Alta🔴;🔴Prioridad Alta🔴;🔴Prioridad Alta🔴;🔴Prioridad Alta🔴;🔴Prioridad Alta🔴;🔴Prioridad Alta🔴;🔴Prioridad Alta🔴;🔴Prioridad Alta🔴;;"Pueda configurar qué tipo de solicitudes quiero recibir, para luego aceptarlas o denegarlas.;";"Entre $30.000 a $50.000 la hora.;";"Entre $100.000 a $150.000 el día.;";"En efectivo, cuando el cliente devuelve el vehículo;Por transacción bancaria inmediata, una vez aprobado el servicio por mí y el cliente";🔴Prioridad Alta🔴;🔴Prioridad Alta🔴;🔴Prioridad Alta🔴;🔴Prioridad Alta🔴;🔴Prioridad Alta🔴;;"Preferiría pagar una suscripción mensual.;No estaría interesado en pagar comisión alguna.;";1;"horas;exclusividad_propietario";🔴Prioridad Alta🔴;🔴Prioridad Alta🔴;🔴Prioridad Alta🔴;🔴Prioridad Alta🔴;🔴Prioridad Alta🔴;🔴Prioridad Alta🔴;🔴Prioridad Alta🔴;🔴Prioridad Alta🔴;🔴Prioridad Alta🔴;🔴Prioridad Alta🔴;;"Entre $15.000 a $30.000 la hora.;";"Entre $100.000 a $150.000 el día.;";🔴Prioridad Alta🔴;🔴Prioridad Alta🔴;🔴Prioridad Alta🔴;🔴Prioridad Alta🔴;🔴Prioridad Alta🔴;🔴Prioridad Alta🔴;🔴Prioridad Alta🔴;🔴Prioridad Alta🔴;;1;MuyProbable;"Por llamada telefónica;Por correo electrónico;Un chat en la plataforma";4;[4, 6)
2025-05-23;Acepto.;18-25;Colombia;Tunja (Boyacá);Masculino.;3;Universitario;Pregrado;Únicamente entre semana.;Taxis;"Por estudio;Por trabajo";1;1;Solo durante fines de semana.;Único;Ocasionalmente;Scoo;;;Sí;"Posibilidad de generar ingresos como propietario del vehículo;Diversidad de vehículos para rentar / arrendar;Promueve la economía colaborativa";"Posibles daños o mal uso del vehículo rentado;Desconfianza frente a clientes / personas desconocidas;Falta de regulación por parte de entidades oficiales;Posible uso de vehículos para fines no autorizados;Falta de control en la entrega o devolución del vehículo";No;;;;Sí;Tanto en Colombia como en el exterior;;"Facilidad en el acceso al servicio.;Rapidez en los tiempos de respuesta.;Transparencia en la información brindada.;Acompañamiento y buen trato durante el proceso.;Seguridad durante los procesos del servicio.;";"Dificultad para solicitar o acceder al servicio;Trato poco profesional o desinteresado;Información confusa sobre los contratos;Costos elevados en comparación con lo esperado;Poca o nula seguridad para accidentes o sin atención ante riesgos";1;"dias;findesemana;dispersonal";🔴Prioridad Alta🔴;🔴Prioridad Alta🔴;🔴Prioridad Alta🔴;🔴Prioridad Alta🔴;🔴Prioridad Alta🔴;🔴Prioridad Alta🔴;🔴Prioridad Alta🔴;🔴Prioridad Alta🔴;🔴Prioridad Alta🔴;🔴Prioridad Alta🔴;🔴Prioridad Alta🔴;🔴Prioridad Alta🔴;Otro: Que el vehículo reciba un uso correcto;"Reciba solicitudes y pueda aceptarlas o denegarlas.;Pueda configurar qué tipo de solicitudes quiero recibir, para luego aceptarlas o denegarlas.;";"Entre $15.000 a $30.000 la hora.;Entre $30.000 a $50.000 la hora.;";"Entre $100.000 a $150.000 el día.;Entre $150.000 a $200.000 el día.;";"En efectivo, antes de entregar el vehículo al cliente;Un respaldo con un pagaré automatizado por transferencia bancaria al finalizar el servicio por medio de Flex Drive";🔴Prioridad Alta🔴;🔴Prioridad Alta🔴;🔴Prioridad Alta🔴;🔴Prioridad Alta🔴;🔴Prioridad Alta🔴;;"Aceptaría pagar una comisión del 4% al 9% por servicio.;Aceptaría pagar una comisión del 10% al 14% por servicio.;";1;"horas;dias;semanas";🔴Prioridad Alta🔴;🔴Prioridad Alta🔴;🔴Prioridad Alta🔴;🔴Prioridad Alta🔴;🔴Prioridad Alta🔴;🔴Prioridad Alta🔴;🔴Prioridad Alta🔴;🔴Prioridad Alta🔴;🔴Prioridad Alta🔴;🔴Prioridad Alta🔴;Revisar 49H;"Entre $15.000 a $30.000 la hora.;Entre $30.000 a $50.000 la hora.;";"Entre $100.000 a $150.000 el día.;Entre $150.000 a $200.000 el día.;Entre $200.000 a $250.000 el día.;";🔴Prioridad Alta🔴;🔴Prioridad Alta🔴;🔴Prioridad Alta🔴;🔴Prioridad Alta🔴;🔴Prioridad Alta🔴;🔴Prioridad Alta🔴;🔴Prioridad Alta🔴;🔴Prioridad Alta🔴;Revisar 49H;1;MuyProbable;Un chat en la plataforma;19;[18, 20)
2025-05-23;Acepto.;46-55;Colombia;Tunja (Boyacá);Femenino.;3;Empleado;Especialización / Diplomado;Diariamente.;Buses municipales;Por trabajo;2;1;Solo durante fines de semana.;Único;Sí;Auto;;;No;Posibilidad de generar ingresos como propietario del vehículo;Posibles daños o mal uso del vehículo rentado;No;;;;No;;;;;0;;;;;;;;;;;;;;;;;;;;;;;;;;0;;;;;;;;;;;;;;;;;;;;;;;;1;Improbable;Por llamada telefónica;12;[12, 14)
2025-05-23;Acepto.;36-45;Colombia;Santa Rosa De Viterbo (Boyacá);Masculino.;3;Empleado;Pregrado;Rara vez.;Buses intermunicipales;"Por trabajo;Por compromisos personales o familiares";2;1;Diariamente.;Único;No;Auto;;;No;Mayor flexibilidad en horarios;Posibles daños o mal uso del vehículo rentado;No;;;;No;;;;;0;;;;;;;;;;;;;;;;;;;;;;;;;;0;;;;;;;;;;;;;;;;;;;;;;;;1;Probable;Por correo electrónico;7;[6, 8)
2025-05-23;Acepto.;46-55;Colombia;Duitama (Boyacá);Femenino.;2;Empleado;Secundaria media;Diariamente.;Buses municipales;Por compromisos personales o familiares;2;0;;;;;;;No;Mayor flexibilidad en horarios;Desconfianza frente a clientes / personas desconocidas;No;;;;No;;;;;0;;;;;;;;;;;;;;;;;;;;;;;;;;1;dias;🟡Prioridad Media🟡;🟡Prioridad Media🟡;🟢Prioridad Baja🟢;🔴Prioridad Alta🔴;🔴Prioridad Alta🔴;🟢Prioridad Baja🟢;🟡Prioridad Media🟡;🟡Prioridad Media🟡;🟡Prioridad Media🟡;🟡Prioridad Media🟡;;"Entre $15.000 a $30.000 la hora.;";"Entre $100.000 a $150.000 el día.;";🔴Prioridad Alta🔴;🔴Prioridad Alta🔴;🟡Prioridad Media🟡;🟡Prioridad Media🟡;🔴Prioridad Alta🔴;🔴Prioridad Alta🔴;🔴Prioridad Alta🔴;🔴Prioridad Alta🔴;Otro: Que el vehículo tenga seguro propio;1;MuyProbable;Con un chatbot (Sea por plataforma, Whatsapp, u otro medio.);20;[20, 22)
2025-05-23;Acepto.;36-45;Colombia;Armenia (Quindío);Femenino.;3;Universitario;Técnico / Tecnológico;Rara vez.;"Taxis;Buses municipales;Buses intermunicipales";Por trabajo;2;1;Diariamente.;Único;Sí;Auto;;;No;Posibilidad de generar ingresos como propietario del vehículo;Posibles daños o mal uso del vehículo rentado;No;;;;No;;;;;0;;;;;;;;;;;;;;;;;;;;;;;;;;0;;;;;;;;;;;;;;;;;;;;;;;;1;Probable;Un chat en la plataforma;5;[4, 6)
2025-05-23;Acepto.;56-65;Colombia;Bogotá D.C.;Masculino.;5;"Pensionado;Freelancer";Especialización / Diplomado;Rara vez.;Taxis;"Por trabajo;Por compromisos personales o familiares";2;1;Diariamente.;Varios;;;no;Auto;No;Aprovechamiento de vehículos particulares inactivos;"Posibles daños o mal uso del vehículo rentado;Desconfianza frente a clientes / personas desconocidas";No;;;;Sí;Tanto en Colombia como en el exterior;Localiza;"Flexibilidad para adaptarse a mis necesidades.;";;0;;;;;;;;;;;;;;;;;;;;;;;;;;0;;;;;;;;;;;;;;;;;;;;;;;;1;Neutral;Por chat con asesor mediante Whatsapp;15;[14, 16)
2025-05-23;Acepto.;36-45;Colombia;Bogotá D.C.;Masculino.;2;Desempleado;Pregrado;Diariamente.;SITP;"Por compromisos personales o familiares;Por trabajo";2;0;;;;;;;Sí;Mejor negociación en condiciones de arriendo;Posibles daños o mal uso del vehículo rentado;Sí;"A través de una plataforma web.;De forma independiente.;";"Buen margen de ganancias.;";"Logística y administración complejas y confusas.;Baja visibilidad de mi(s) vehículo(s) para los clientes potenciales.;Poca atención o soporte al usuario desde la plataforma o la entidad.;";No;;;;;1;semana;🔴Prioridad Alta🔴;🔴Prioridad Alta🔴;🔴Prioridad Alta🔴;🔴Prioridad Alta🔴;🔴Prioridad Alta🔴;🔴Prioridad Alta🔴;🔴Prioridad Alta🔴;🔴Prioridad Alta🔴;🔴Prioridad Alta🔴;🔴Prioridad Alta🔴;🔴Prioridad Alta🔴;🔴Prioridad Alta🔴;REVISAR 34D;"Pueda configurar qué tipo de solicitudes quiero recibir, para luego aceptarlas o denegarlas.;";"No me encuentro interesado en rentar por horas.;";"No me encuentro interesado en rentar por días.;";"En efectivo, antes de entregar el vehículo al cliente;Un respaldo con un pagaré automatizado por transferencia bancaria al finalizar el servicio por medio de Flex Drive";🔴Prioridad Alta🔴;🔴Prioridad Alta🔴;🔴Prioridad Alta🔴;🔴Prioridad Alta🔴;🔴Prioridad Alta🔴;;"Aceptaría pagar una comisión del 4% al 9% por servicio.;";1;meses;🔴Prioridad Alta🔴;🔴Prioridad Alta🔴;🔴Prioridad Alta🔴;🔴Prioridad Alta🔴;🔴Prioridad Alta🔴;🔴Prioridad Alta🔴;🔴Prioridad Alta🔴;🔴Prioridad Alta🔴;🔴Prioridad Alta🔴;🔴Prioridad Alta🔴;;"No me encuentro interesado en rentar por horas.;";"No me encuentro interesado en rentar por días.;";🔴Prioridad Alta🔴;🔴Prioridad Alta🔴;🔴Prioridad Alta🔴;🔴Prioridad Alta🔴;🔴Prioridad Alta🔴;🔴Prioridad Alta🔴;🔴Prioridad Alta🔴;🔴Prioridad Alta🔴;;1;Improbable;"Por llamada telefónica;Por correo electrónico;Por chat con asesor mediante Whatsapp;Con un chatbot (Sea por plataforma, Whatsapp, u otro medio.);Un chat en la plataforma";10;[10, 12)
2025-05-23;Acepto.;36-45;Colombia;Duitama (Boyacá);Femenino.;2;Sábatico;Técnico / Tecnológico;Diariamente.;Otro: Plataformas digitales de transporte (servicios privados);"Por compromisos personales o familiares;Por estudio;Por turismo";2;0;;;;;;;No;"Promueve la economía colaborativa;Mayor flexibilidad en horarios";"Posibles daños o mal uso del vehículo rentado;Falta de control en la entrega o devolución del vehículo";No;;;;Sí;Colombia;;"Rapidez en los tiempos de respuesta.;Acompañamiento y buen trato durante el proceso.;Flexibilidad para adaptarse a mis necesidades.;";"Lentitud en tiempos de atención y respuesta;Dificultad al usar las tecnologías indicadas;Falta de información en el servicio o vehículo a recibir";1;findesemana;🔴Prioridad Alta🔴;🔴Prioridad Alta🔴;🔴Prioridad Alta🔴;🔴Prioridad Alta🔴;🔴Prioridad Alta🔴;🔴Prioridad Alta🔴;🔴Prioridad Alta🔴;🔴Prioridad Alta🔴;🔴Prioridad Alta🔴;🔴Prioridad Alta🔴;🟡Prioridad Media🟡;🟡Prioridad Media🟡;;"Reciba solicitudes y pueda aceptarlas o denegarlas.;Pueda configurar qué tipo de solicitudes quiero recibir, para luego aceptarlas o denegarlas.;Pueda confiar en la plataforma para que me consulten, o ellos mismos acepten y denieguen un servicio que me solicitan.;";"Entre $15.000 a $30.000 la hora.;";"Entre $100.000 a $150.000 el día.;";Por transacción bancaria inmediata, al finalizar el servicio;🔴Prioridad Alta🔴;🔴Prioridad Alta🔴;🔴Prioridad Alta🔴;🔴Prioridad Alta🔴;🔴Prioridad Alta🔴;;"Preferiría pagar una suscripción mensual.;";1;dias;🔴Prioridad Alta🔴;🔴Prioridad Alta🔴;🔴Prioridad Alta🔴;🔴Prioridad Alta🔴;🔴Prioridad Alta🔴;🔴Prioridad Alta🔴;🔴Prioridad Alta🔴;🔴Prioridad Alta🔴;🔴Prioridad Alta🔴;🔴Prioridad Alta🔴;;"Entre $15.000 a $30.000 la hora.;";"Entre $100.000 a $150.000 el día.;";🔴Prioridad Alta🔴;🔴Prioridad Alta🔴;🔴Prioridad Alta🔴;🔴Prioridad Alta🔴;🔴Prioridad Alta🔴;🔴Prioridad Alta🔴;🔴Prioridad Alta🔴;🔴Prioridad Alta🔴;;1;Probable;"Por llamada telefónica;Un chat en la plataforma;Con un chatbot (Sea por plataforma, Whatsapp, u otro medio.)";22;[22, 24)
2025-05-23;Acepto.;26-35;Colombia;Bogotá D.C.;Masculino.;3;"Freelancer;Empleado";Especialización / Diplomado;Rara vez.;Otro: Plataformas digitales de transporte (servicios privados);Por trabajo;2;1;Solo durante fines de semana.;Único;Sí;Auto;;;No;Posibilidad de generar ingresos como propietario del vehículo;"Posibles daños o mal uso del vehículo rentado;Desconfianza frente a clientes / personas desconocidas;Falta de regulación por parte de entidades oficiales;Posible uso de vehículos para fines no autorizados;Falta de control en la entrega o devolución del vehículo";Sí;"De forma independiente.;";"Buen margen de ganancias.;";;Sí;Colombia;Turoll;"Facilidad en el acceso al servicio.;Rapidez en los tiempos de respuesta.;Transparencia en la información brindada.;Acompañamiento y buen trato durante el proceso.;Seguridad durante los procesos del servicio.;Eficacia en la solución de problemas y dudas.;Flexibilidad para adaptarse a mis necesidades.;Tecnología fácil de utilizar (a través de plataformas digitales, aplicaciones o códigos personales / QRs).).;";;1;dias;🔴Prioridad Alta🔴;🔴Prioridad Alta🔴;🔴Prioridad Alta🔴;🔴Prioridad Alta🔴;🔴Prioridad Alta🔴;🔴Prioridad Alta🔴;🔴Prioridad Alta🔴;🔴Prioridad Alta🔴;🔴Prioridad Alta🔴;🔴Prioridad Alta🔴;🔴Prioridad Alta🔴;🔴Prioridad Alta🔴;;"Reciba solicitudes y pueda aceptarlas o denegarlas.;Pueda configurar qué tipo de solicitudes quiero recibir, para luego aceptarlas o denegarlas.;Pueda confiar en la plataforma para que me consulten, o ellos mismos acepten y denieguen un servicio que me solicitan.;";"No me encuentro interesado en rentar por horas.;";"Entre $100.000 a $150.000 el día.;";"Por transacción bancaria inmediata, al finalizar el servicio;Por transacción bancaria inmediata, una vez aprobado el servicio por mí y el cliente;En efectivo, antes de entregar el vehículo al cliente;En efectivo, cuando el cliente devuelve el vehículo";🔴Prioridad Alta🔴;🔴Prioridad Alta🔴;🔴Prioridad Alta🔴;🔴Prioridad Alta🔴;🔴Prioridad Alta🔴;;"Aceptaría pagar una comisión del 4% al 9% por servicio.;";1;dias;🔴Prioridad Alta🔴;🔴Prioridad Alta🔴;🔴Prioridad Alta🔴;🔴Prioridad Alta🔴;🔴Prioridad Alta🔴;🔴Prioridad Alta🔴;🔴Prioridad Alta🔴;🔴Prioridad Alta🔴;🔴Prioridad Alta🔴;🔴Prioridad Alta🔴;;"Entre $15.000 a $30.000 la hora.;No me encuentro interesado en rentar por horas.;";"Entre $100.000 a $150.000 el día.;";🔴Prioridad Alta🔴;🔴Prioridad Alta🔴;🔴Prioridad Alta🔴;🔴Prioridad Alta🔴;🔴Prioridad Alta🔴;🔴Prioridad Alta🔴;🔴Prioridad Alta🔴;🔴Prioridad Alta🔴;;1;MuyProbable;Por llamada telefónica;11;[10, 12)
2025-05-23;Acepto.;18-25;Colombia;Duitama (Boyacá);Femenino.;4;Universitario;Pregrado;Únicamente los fines de semana.;"Taxis;Buses municipales;Buses intermunicipales";Por estudio;1;0;;;;;;;No;"Mayor flexibilidad en horarios;Mejor negociación en condiciones de arriendo;Experiencia de negocio más personalizada;Aprovechamiento de vehículos particulares inactivos";"Posibles daños o mal uso del vehículo rentado;Falta de regulación por parte de entidades oficiales;Posible uso de vehículos para fines no autorizados";No;;;;No;;;;;1;"dias;dispersonal";🔴Prioridad Alta🔴;🔴Prioridad Alta🔴;🔴Prioridad Alta🔴;🔴Prioridad Alta🔴;🔴Prioridad Alta🔴;🔴Prioridad Alta🔴;🔴Prioridad Alta🔴;🔴Prioridad Alta🔴;🔴Prioridad Alta🔴;🔴Prioridad Alta🔴;🔴Prioridad Alta🔴;🔴Prioridad Alta🔴;;"Pueda configurar qué tipo de solicitudes quiero recibir, para luego aceptarlas o denegarlas.;";"Entre $15.000 a $30.000 la hora.;";"Entre $100.000 a $150.000 el día.;";Por transacción bancaria inmediata, una vez aprobado el servicio por mí y el cliente;🔴Prioridad Alta🔴;🔴Prioridad Alta🔴;🔴Prioridad Alta🔴;🔴Prioridad Alta🔴;🔴Prioridad Alta🔴;;"Aceptaría pagar una comisión del 4% al 9% por servicio.;";1;"horas;dias;semanas;meses";🔴Prioridad Alta🔴;🔴Prioridad Alta🔴;🔴Prioridad Alta🔴;🔴Prioridad Alta🔴;🔴Prioridad Alta🔴;🔴Prioridad Alta🔴;🔴Prioridad Alta🔴;🔴Prioridad Alta🔴;🔴Prioridad Alta🔴;🔴Prioridad Alta🔴;;"Entre $15.000 a $30.000 la hora.;";"Entre $100.000 a $150.000 el día.;";🔴Prioridad Alta🔴;🔴Prioridad Alta🔴;🔴Prioridad Alta🔴;🔴Prioridad Alta🔴;🔴Prioridad Alta🔴;🔴Prioridad Alta🔴;🔴Prioridad Alta🔴;🔴Prioridad Alta🔴;;1;MuyProbable;"Un chat en la plataforma;Por llamada telefónica";6;[6, 8)
2025-05-23;Acepto.;66-75;Colombia;Santa Rosa De Viterbo (Boyacá);Masculino.;3;Empleado;Secundaria media;Únicamente los fines de semana.;Buses intermunicipales;Por compromisos personales o familiares;2;1;Diariamente.;Varios;;;sí_prop;Auto;No;"Posibilidad de generar ingresos como propietario del vehículo;Diversidad de vehículos para rentar / arrendar;Experiencia de negocio más personalizada;Aprovechamiento de vehículos particulares inactivos;Mejor negociación en condiciones de arriendo;Mayor flexibilidad en horarios;Promueve la economía colaborativa";"Posibles daños o mal uso del vehículo rentado;Desconfianza frente a clientes / personas desconocidas;Posible uso de vehículos para fines no autorizados";No;;;;No;;;;;0;;;;;;;;;;;;;;;;;;;;;;;;;;1;horas;🔴Prioridad Alta🔴;🔴Prioridad Alta🔴;🔴Prioridad Alta🔴;🔴Prioridad Alta🔴;🔴Prioridad Alta🔴;🔴Prioridad Alta🔴;🔴Prioridad Alta🔴;🔴Prioridad Alta🔴;🔴Prioridad Alta🔴;🔴Prioridad Alta🔴;Revisar 49H;"Entre $15.000 a $30.000 la hora.;";"No me encuentro interesado en rentar por días.;";🔴Prioridad Alta🔴;🔴Prioridad Alta🔴;🔴Prioridad Alta🔴;🔴Prioridad Alta🔴;🔴Prioridad Alta🔴;🔴Prioridad Alta🔴;🔴Prioridad Alta🔴;🔴Prioridad Alta🔴;;1;Neutral;Con un chatbot (Sea por plataforma, Whatsapp, u otro medio.);19;[18, 20)
2025-05-23;Acepto.;18-25;Colombia;Duitama (Boyacá);Femenino.;3;Universitario;Pregrado;Rara vez.;"Taxis;Buses municipales";"Por compromisos personales o familiares;Por estudio";2;1;Solo entre semana laboral.;Varios;;;sí_otros;Auto;Sí;"Diversidad de vehículos para rentar / arrendar;Promueve la economía colaborativa;Aprovechamiento de vehículos particulares inactivos";"Posibles daños o mal uso del vehículo rentado;Falta de regulación por parte de entidades oficiales;Posible uso de vehículos para fines no autorizados";No;;;;No;;;;;1;horas;🔴Prioridad Alta🔴;🔴Prioridad Alta🔴;🔴Prioridad Alta🔴;🔴Prioridad Alta🔴;🔴Prioridad Alta🔴;🔴Prioridad Alta🔴;🔴Prioridad Alta🔴;🔴Prioridad Alta🔴;🔴Prioridad Alta🔴;🔴Prioridad Alta🔴;🔴Prioridad Alta🔴;🔴Prioridad Alta🔴;;"Reciba solicitudes y pueda aceptarlas o denegarlas.;Pueda configurar qué tipo de solicitudes quiero recibir, para luego aceptarlas o denegarlas.;";"Entre $30.000 a $50.000 la hora.;";"Entre $200.000 a $250.000 el día.;";"Un respaldo con un pagaré automatizado por transferencia bancaria al finalizar el servicio por medio de Flex Drive;Por transacción bancaria inmediata, una vez aprobado el servicio por mí y el cliente";🔴Prioridad Alta🔴;🟡Prioridad Media🟡;🟡Prioridad Media🟡;🔴Prioridad Alta🔴;🔴Prioridad Alta🔴;;"Aceptaría pagar una comisión del 4% al 9% por servicio.;";1;horas;🔴Prioridad Alta🔴;🔴Prioridad Alta🔴;🔴Prioridad Alta🔴;🔴Prioridad Alta🔴;🔴Prioridad Alta🔴;🔴Prioridad Alta🔴;🔴Prioridad Alta🔴;🔴Prioridad Alta🔴;🔴Prioridad Alta🔴;🔴Prioridad Alta🔴;;"Entre $30.000 a $50.000 la hora.;";"Entre $200.000 a $250.000 el día.;";🔴Prioridad Alta🔴;🟡Prioridad Media🟡;🔴Prioridad Alta🔴;🔴Prioridad Alta🔴;🟡Prioridad Media🟡;🔴Prioridad Alta🔴;🔴Prioridad Alta🔴;🔴Prioridad Alta🔴;;1;Probable;"Un chat en la plataforma;Por chat con asesor mediante Whatsapp";7;[6, 8)
2025-05-23;Acepto.;26-35;Colombia;Duitama (Boyacá);Femenino.;3;Empleado;Especialización / Diplomado;Rara vez.;Otro: Plataformas digitales de transporte (servicios privados);Por compromisos personales o familiares;2;1;Diariamente.;Único;Ocasionalmente;Auto;;;No;;"Posibles daños o mal uso del vehículo rentado;Posible uso de vehículos para fines no autorizados;Falta de control en la entrega o devolución del vehículo";No;;;;No;;;;;0;;;;;;;;;;;;;;;;;;;;;;;;;;0;;;;;;;;;;;;;;;;;;;;;;;;1;Neutral;Un chat en la plataforma;8;[8, 10)
2025-05-23;Acepto.;18-25;Colombia;Tunja (Boyacá);Femenino.;3;Universitario;Pregrado;Diariamente.;"Taxis;Buses municipales;Buses intermunicipales";"Por estudio;Por compromisos personales o familiares";1;0;;;;;;;No;Mayor flexibilidad en horarios;"Posibles daños o mal uso del vehículo rentado;Desconfianza frente a clientes / personas desconocidas;Falta de regulación por parte de entidades oficiales;Posible uso de vehículos para fines no autorizados";Sí;"A través de una empresa o entidad presencial.;";"Buen margen de ganancias.;Control sobre las decisiones tomadas sobre el vehículo.;Buena gestión por parte de la entidad sobre el vehículo.;Acompañamiento en los trámites y documentación.;";;Sí;Colombia;;"Flexibilidad para adaptarse a mis necesidades.;Eficacia en la solución de problemas y dudas.;";"Dificultad para solicitar o acceder al servicio;Lentitud en tiempos de atención y respuesta";0;;;;;;;;;;;;;;;;;;;;;;;;;;1;dias;🔴Prioridad Alta🔴;🔴Prioridad Alta🔴;🔴Prioridad Alta🔴;🔴Prioridad Alta🔴;🔴Prioridad Alta🔴;🔴Prioridad Alta🔴;🔴Prioridad Alta🔴;🔴Prioridad Alta🔴;🔴Prioridad Alta🔴;🔴Prioridad Alta🔴;;"No me encuentro interesado en rentar por horas.;";"Entre $200.000 a $250.000 el día.;Entre $250.000 a $350.000 el día.;";🟡Prioridad Media🟡;🟡Prioridad Media🟡;🔴Prioridad Alta🔴;🔴Prioridad Alta🔴;🔴Prioridad Alta🔴;🔴Prioridad Alta🔴;🔴Prioridad Alta🔴;🔴Prioridad Alta🔴;;0;MuyImprobable;Con un chatbot (Sea por plataforma, Whatsapp, u otro medio.);7;[6, 8)
2025-05-24;Acepto.;46-55;Colombia;Duitama (Boyacá);Femenino.;3;Freelancer;Secundaria media;Rara vez.;Taxis;Por compromisos personales o familiares;2;1;Muy rara vez.;Único;Ocasionalmente;Auto;;;Sí;Experiencia de negocio más personalizada;Posibles daños o mal uso del vehículo rentado;No;;;;No;;;;;0;;;;;;;;;;;;;;;;;;;;;;;;;;0;;;;;;;;;;;;;;;;;;;;;;;;1;Neutral;Por llamada telefónica;8;[8, 10)
2025-05-24;Acepto.;36-45;Colombia;Duitama (Boyacá);Masculino.;4;Empleado;Especialización / Diplomado;Rara vez.;Buses municipales;Por trabajo;2;1;Diariamente.;Único;Sí;Auto;;;Sí;Diversidad de vehículos para rentar / arrendar;"Posibles daños o mal uso del vehículo rentado;Desconfianza frente a clientes / personas desconocidas;Falta de regulación por parte de entidades oficiales;Posible uso de vehículos para fines no autorizados;Falta de control en la entrega o devolución del vehículo";No;;;;No;;;;;0;;;;;;;;;;;;;;;;;;;;;;;;;;0;;;;;;;;;;;;;;;;;;;;;;;;0;MuyImprobable;Un chat en la plataforma;2;[2, 4)
2025-05-24;Acepto.;36-45;Colombia;Duitama (Boyacá);Femenino.;3;Empleado;Especialización / Diplomado;Diariamente.;"Taxis;Buses intermunicipales;Buses municipales";Por trabajo;2;0;;;;;;;Sí;Diversidad de vehículos para rentar / arrendar;Posibles daños o mal uso del vehículo rentado;No;;;;No;;;;;1;dispersonal;🔴Prioridad Alta🔴;🔴Prioridad Alta🔴;🔴Prioridad Alta🔴;🔴Prioridad Alta🔴;🔴Prioridad Alta🔴;🔴Prioridad Alta🔴;🔴Prioridad Alta🔴;🔴Prioridad Alta🔴;🔴Prioridad Alta🔴;🔴Prioridad Alta🔴;🔴Prioridad Alta🔴;🔴Prioridad Alta🔴;Otro: Definir quién será el conductor;"Reciba solicitudes y pueda aceptarlas o denegarlas.;";"Entre $15.000 a $30.000 la hora.;";"Entre $100.000 a $150.000 el día.;";En efectivo, antes de entregar el vehículo al cliente;🔴Prioridad Alta🔴;🔴Prioridad Alta🔴;🔴Prioridad Alta🔴;🔴Prioridad Alta🔴;🔴Prioridad Alta🔴;;"Aceptaría pagar una comisión del 4% al 9% por servicio.;";1;horas;🔴Prioridad Alta🔴;🔴Prioridad Alta🔴;🔴Prioridad Alta🔴;🔴Prioridad Alta🔴;🔴Prioridad Alta🔴;🔴Prioridad Alta🔴;🔴Prioridad Alta🔴;🔴Prioridad Alta🔴;🔴Prioridad Alta🔴;🔴Prioridad Alta🔴;;"Entre $15.000 a $30.000 la hora.;";"Entre $100.000 a $150.000 el día.;";🔴Prioridad Alta🔴;🔴Prioridad Alta🔴;🔴Prioridad Alta🔴;🔴Prioridad Alta🔴;🔴Prioridad Alta🔴;🔴Prioridad Alta🔴;🔴Prioridad Alta🔴;🔴Prioridad Alta🔴;;1;MuyProbable;Un chat en la plataforma;5;[4, 6)
2025-05-24;Acepto.;36-45;Colombia;San Juan Bosco (Boyacá);Femenino.;3;Freelancer;Especialización / Diplomado;Rara vez.;Taxis;Por compromisos personales o familiares;2;1;Diariamente.;Único;No;Auto;;;Sí;Mayor flexibilidad en horarios;Posibles daños o mal uso del vehículo rentado;No;;;;No;;;;;1;dispersonal;🔴Prioridad Alta🔴;🔴Prioridad Alta🔴;🔴Prioridad Alta🔴;🔴Prioridad Alta🔴;🔴Prioridad Alta🔴;🔴Prioridad Alta🔴;🔴Prioridad Alta🔴;🔴Prioridad Alta🔴;🔴Prioridad Alta🔴;🔴Prioridad Alta🔴;🔴Prioridad Alta🔴;🔴Prioridad Alta🔴;;"Pueda confiar en la plataforma para que me consulten, o ellos mismos acepten y denieguen un servicio que me solicitan.;";"Entre $50.000 a $80.000 la hora.;";"No me encuentro interesado en rentar por días.;";En efectivo, antes de entregar el vehículo al cliente;🔴Prioridad Alta🔴;🔴Prioridad Alta🔴;🔴Prioridad Alta🔴;🔴Prioridad Alta🔴;🔴Prioridad Alta🔴;;"No estaría interesado en pagar comisión alguna.;";0;;;;;;;;;;;;;;;;;;;;;;;;0;MuyImprobable;Por chat con asesor mediante Whatsapp;6;[6, 8)
2025-05-24;Acepto.;36-45;Colombia;Duitama (Boyacá);Femenino.;4;Freelancer;Maestría;Rara vez.;Taxis;Por compromisos personales o familiares;2;1;Diariamente.;Único;Sí;Auto;;;Sí;Posibilidad de generar ingresos como propietario del vehículo;"Falta de regulación por parte de entidades oficiales;Otros: Informalidad laboral";No;;;;Sí;Tanto en Colombia como en el exterior;"Localiza;inDrive;Uber";"Rapidez en los tiempos de respuesta.;";Otro: Protección legal nula ante incidentes;0;;;;;;;;;;;;;;;;;;;;;;;;;;1;horas;🔴Prioridad Alta🔴;🔴Prioridad Alta🔴;🔴Prioridad Alta🔴;🔴Prioridad Alta🔴;🔴Prioridad Alta🔴;🔴Prioridad Alta🔴;🟡Prioridad Media🟡;🔴Prioridad Alta🔴;🔴Prioridad Alta🔴;🔴Prioridad Alta🔴;;"Entre $30.000 a $50.000 la hora.;";"Entre $150.000 a $200.000 el día.;";🟡Prioridad Media🟡;🔴Prioridad Alta🔴;🔴Prioridad Alta🔴;🟡Prioridad Media🟡;🟡Prioridad Media🟡;🔴Prioridad Alta🔴;🔴Prioridad Alta🔴;🟡Prioridad Media🟡;;1;Neutral;Por correo electrónico;37;[36, 38)
2025-05-24;Acepto.;46-55;Colombia;Duitama (Boyacá);Femenino.;2;Freelancer;Pregrado;Rara vez.;"Buses municipales;Taxis";Por trabajo;1;0;;;;;;;No;"Mayor flexibilidad en horarios;Diversidad de vehículos para rentar / arrendar;Promueve la economía colaborativa";"Desconfianza frente a clientes / personas desconocidas;Falta de control en la entrega o devolución del vehículo;Posible uso de vehículos para fines no autorizados";No;;;;No;;;;;0;;;;;;;;;;;;;;;;;;;;;;;;;;0;;;;;;;;;;;;;;;;;;;;;;;;1;MuyProbable;Por chat con asesor mediante Whatsapp;14;[14, 16)
2025-05-24;Acepto.;26-35;Colombia;Duitama (Boyacá);Femenino.;3;Freelancer;Especialización / Diplomado;Rara vez.;"Buses municipales;Taxis";"Por trabajo;Por compromisos personales o familiares";2;1;Diariamente.;Único;Sí;Auto;;;No;Posibilidad de generar ingresos como propietario del vehículo;"Posibles daños o mal uso del vehículo rentado;Desconfianza frente a clientes / personas desconocidas;Falta de regulación por parte de entidades oficiales";No;;;;No;;;;;0;;;;;;;;;;;;;;;;;;;;;;;;;;1;horas;🔴Prioridad Alta🔴;🔴Prioridad Alta🔴;🟡Prioridad Media🟡;🔴Prioridad Alta🔴;🟡Prioridad Media🟡;🔴Prioridad Alta🔴;🟡Prioridad Media🟡;🔴Prioridad Alta🔴;🟡Prioridad Media🟡;🟡Prioridad Media🟡;;"Entre $15.000 a $30.000 la hora.;";"Entre $100.000 a $150.000 el día.;";🔴Prioridad Alta🔴;🟡Prioridad Media🟡;🔴Prioridad Alta🔴;🔴Prioridad Alta🔴;🔴Prioridad Alta🔴;🔴Prioridad Alta🔴;🔴Prioridad Alta🔴;🔴Prioridad Alta🔴;;1;MuyProbable;"Un chat en la plataforma;Por chat con asesor mediante Whatsapp";15;[14, 16)
2025-05-24;Acepto.;16-17;Colombia;Duitama (Boyacá);Femenino.;3;Universitario;Pregrado;Diariamente.;Taxis;"Por trabajo;Por estudio";2;1;Muy rara vez.;Varios;;;no;Auto;Sí;Posibilidad de generar ingresos como propietario del vehículo;"Desconfianza frente a clientes / personas desconocidas;Falta de control en la entrega o devolución del vehículo;Posibles daños o mal uso del vehículo rentado";No;;;;No;;;;;1;horas;🔴Prioridad Alta🔴;🔴Prioridad Alta🔴;🔴Prioridad Alta🔴;🔴Prioridad Alta🔴;🟡Prioridad Media🟡;🟡Prioridad Media🟡;🔴Prioridad Alta🔴;🟡Prioridad Media🟡;🟡Prioridad Media🟡;🟡Prioridad Media🟡;🔴Prioridad Alta🔴;🔴Prioridad Alta🔴;;"Reciba solicitudes y pueda aceptarlas o denegarlas.;";"Entre $30.000 a $50.000 la hora.;";"No me encuentro interesado en rentar por días.;";"En efectivo, antes de entregar el vehículo al cliente;Un respaldo con un pagaré automatizado por transferencia bancaria al finalizar el servicio por medio de Flex Drive";🔴Prioridad Alta🔴;🔴Prioridad Alta🔴;🔴Prioridad Alta🔴;🔴Prioridad Alta🔴;🔴Prioridad Alta🔴;;"Aceptaría pagar una comisión del 4% al 9% por servicio.;";1;dias;🟡Prioridad Media🟡;🔴Prioridad Alta🔴;🔴Prioridad Alta🔴;🔴Prioridad Alta🔴;🔴Prioridad Alta🔴;🔴Prioridad Alta🔴;🟡Prioridad Media🟡;🔴Prioridad Alta🔴;🔴Prioridad Alta🔴;🔴Prioridad Alta🔴;;"Entre $30.000 a $50.000 la hora.;";"No me encuentro interesado en rentar por días.;";🟡Prioridad Media🟡;🔴Prioridad Alta🔴;🔴Prioridad Alta🔴;🔴Prioridad Alta🔴;🔴Prioridad Alta🔴;🔴Prioridad Alta🔴;🔴Prioridad Alta🔴;🔴Prioridad Alta🔴;;1;Neutral;Por chat con asesor mediante Whatsapp;9;[8, 10)
2025-05-24;Acepto.;18-25;Colombia;Duitama (Boyacá);Femenino.;2;Empleado;Técnico / Tecnológico;Diariamente.;"Taxis;Buses municipales;Buses intermunicipales";"Por compromisos personales o familiares;Por turismo;Por trabajo";1;0;;;;;;;Sí;"Posibilidad de generar ingresos como propietario del vehículo;Diversidad de vehículos para rentar / arrendar";"Falta de control en la entrega o devolución del vehículo;Desconfianza frente a clientes / personas desconocidas";No;;;;No;;;;;1;"dias;horas";🔴Prioridad Alta🔴;🔴Prioridad Alta🔴;🔴Prioridad Alta🔴;🔴Prioridad Alta🔴;🔴Prioridad Alta🔴;🔴Prioridad Alta🔴;🔴Prioridad Alta🔴;🔴Prioridad Alta🔴;🔴Prioridad Alta🔴;🔴Prioridad Alta🔴;🔴Prioridad Alta🔴;🔴Prioridad Alta🔴;;"Reciba solicitudes y pueda aceptarlas o denegarlas.;";"Entre $50.000 a $80.000 la hora.;Desde $80.000 en adelante.;";"Entre $250.000 a $350.000 el día.;Desde $350.000 en adelante.;";"En efectivo, antes de entregar el vehículo al cliente;Por transacción bancaria inmediata, una vez aprobado el servicio por mí y el cliente";🔴Prioridad Alta🔴;🔴Prioridad Alta🔴;🔴Prioridad Alta🔴;🔴Prioridad Alta🔴;🔴Prioridad Alta🔴;;"Preferiría pagar una suscripción mensual.;";1;"horas;dias";🔴Prioridad Alta🔴;🔴Prioridad Alta🔴;🔴Prioridad Alta🔴;🔴Prioridad Alta🔴;🔴Prioridad Alta🔴;🔴Prioridad Alta🔴;🔴Prioridad Alta🔴;🔴Prioridad Alta🔴;🔴Prioridad Alta🔴;🔴Prioridad Alta🔴;;"Entre $30.000 a $50.000 la hora.;Entre $50.000 a $80.000 la hora.;";"Entre $250.000 a $350.000 el día.;Entre $200.000 a $250.000 el día.;";🔴Prioridad Alta🔴;🔴Prioridad Alta🔴;🔴Prioridad Alta🔴;🔴Prioridad Alta🔴;🔴Prioridad Alta🔴;🔴Prioridad Alta🔴;🔴Prioridad Alta🔴;🔴Prioridad Alta🔴;;1;MuyProbable;"Por llamada telefónica;Por chat con asesor mediante Whatsapp";8;[8, 10)
2025-05-24;Acepto.;36-45;Colombia;Duitama (Boyacá);Femenino.;3;Freelancer;Pregrado;Rara vez.;Taxis;Por trabajo;2;1;Solo durante fines de semana.;Único;No;Auto;;;Sí;Posibilidad de generar ingresos como propietario del vehículo;Posibles daños o mal uso del vehículo rentado;No;;;;No;;;;;0;;;;;;;;;;;;;;;;;;;;;;;;;;1;horas;🔴Prioridad Alta🔴;🟡Prioridad Media🟡;🔴Prioridad Alta🔴;🔴Prioridad Alta🔴;🔴Prioridad Alta🔴;🟡Prioridad Media🟡;🔴Prioridad Alta🔴;🔴Prioridad Alta🔴;🔴Prioridad Alta🔴;🔴Prioridad Alta🔴;;"Entre $15.000 a $30.000 la hora.;";"Entre $100.000 a $150.000 el día.;";🔴Prioridad Alta🔴;🟡Prioridad Media🟡;🔴Prioridad Alta🔴;🔴Prioridad Alta🔴;🟡Prioridad Media🟡;🔴Prioridad Alta🔴;🟡Prioridad Media🟡;🔴Prioridad Alta🔴;;1;Neutral;Por llamada telefónica;24;[24, 26)
2025-05-24;Acepto.;18-25;Colombia;Sogamoso (Boyacá);Femenino.;3;Universitario;Técnico / Tecnológico;Rara vez.;"Buses municipales;Buses intermunicipales";Por trabajo;1;0;;;;;;;No;"Mayor flexibilidad en horarios;Promueve la economía colaborativa;Aprovechamiento de vehículos particulares inactivos";"Posibles daños o mal uso del vehículo rentado;Desconfianza frente a clientes / personas desconocidas;Posible uso de vehículos para fines no autorizados;Falta de control en la entrega o devolución del vehículo";No;;;;No;;;;;1;"dispersonal;semana";🔴Prioridad Alta🔴;🔴Prioridad Alta🔴;🔴Prioridad Alta🔴;🔴Prioridad Alta🔴;🔴Prioridad Alta🔴;🔴Prioridad Alta🔴;🔴Prioridad Alta🔴;🔴Prioridad Alta🔴;🔴Prioridad Alta🔴;🔴Prioridad Alta🔴;🔴Prioridad Alta🔴;🔴Prioridad Alta🔴;REVISAR 40B;"Reciba solicitudes y pueda aceptarlas o denegarlas.;Pueda confiar en la plataforma para que me consulten, o ellos mismos acepten y denieguen un servicio que me solicitan.;";"Entre $15.000 a $30.000 la hora.;";"Entre $100.000 a $150.000 el día.;";"En efectivo, antes de entregar el vehículo al cliente;Por transacción bancaria inmediata, al finalizar el servicio;Un respaldo con un pagaré automatizado por transferencia bancaria al finalizar el servicio por medio de Flex Drive";🔴Prioridad Alta🔴;🔴Prioridad Alta🔴;🔴Prioridad Alta🔴;🔴Prioridad Alta🔴;🔴Prioridad Alta🔴;;"Preferiría pagar una suscripción mensual.;";1;semanas;🔴Prioridad Alta🔴;🔴Prioridad Alta🔴;🔴Prioridad Alta🔴;🔴Prioridad Alta🔴;🔴Prioridad Alta🔴;🔴Prioridad Alta🔴;🔴Prioridad Alta🔴;🔴Prioridad Alta🔴;🔴Prioridad Alta🔴;🔴Prioridad Alta🔴;Revisar 49H;"Entre $15.000 a $30.000 la hora.;";"Entre $100.000 a $150.000 el día.;";🟡Prioridad Media🟡;🟡Prioridad Media🟡;🔴Prioridad Alta🔴;🔴Prioridad Alta🔴;🔴Prioridad Alta🔴;🔴Prioridad Alta🔴;🔴Prioridad Alta🔴;🔴Prioridad Alta🔴;Revisar 49H;1;Probable;"Por chat con asesor mediante Whatsapp;Por llamada telefónica;Un chat en la plataforma;Por correo electrónico";12;[12, 14)
2025-05-24;Acepto.;46-55;Colombia;Duitama (Boyacá);Femenino.;2;Freelancer;Técnico / Tecnológico;Diariamente.;Buses intermunicipales;Por trabajo;0;0;;;;;;;Sí;Mayor flexibilidad en horarios;Posibles daños o mal uso del vehículo rentado;No;;;;No;;;;;1;findesemana;🔴Prioridad Alta🔴;🔴Prioridad Alta🔴;🔴Prioridad Alta🔴;🔴Prioridad Alta🔴;🔴Prioridad Alta🔴;🔴Prioridad Alta🔴;🔴Prioridad Alta🔴;🔴Prioridad Alta🔴;🔴Prioridad Alta🔴;🔴Prioridad Alta🔴;🔴Prioridad Alta🔴;🔴Prioridad Alta🔴;;"Reciba solicitudes y pueda aceptarlas o denegarlas.;";"Entre $50.000 a $80.000 la hora.;";"Entre $100.000 a $150.000 el día.;";Por transacción bancaria inmediata, una vez aprobado el servicio por mí y el cliente;🔴Prioridad Alta🔴;🔴Prioridad Alta🔴;🔴Prioridad Alta🔴;🔴Prioridad Alta🔴;🔴Prioridad Alta🔴;;"Aceptaría pagar una comisión del 4% al 9% por servicio.;";1;dias;🔴Prioridad Alta🔴;🔴Prioridad Alta🔴;🔴Prioridad Alta🔴;🔴Prioridad Alta🔴;🔴Prioridad Alta🔴;🔴Prioridad Alta🔴;🔴Prioridad Alta🔴;🔴Prioridad Alta🔴;🔴Prioridad Alta🔴;🔴Prioridad Alta🔴;;"Entre $15.000 a $30.000 la hora.;";"Entre $100.000 a $150.000 el día.;";🔴Prioridad Alta🔴;🔴Prioridad Alta🔴;🔴Prioridad Alta🔴;🔴Prioridad Alta🔴;🔴Prioridad Alta🔴;🔴Prioridad Alta🔴;🔴Prioridad Alta🔴;🔴Prioridad Alta🔴;;1;MuyProbable;Un chat en la plataforma;6;[6, 8)
2025-05-24;Acepto.;36-45;Colombia;Duitama (Boyacá);Femenino.;3;Freelancer;Pregrado;Rara vez.;Taxis;Por compromisos personales o familiares;2;1;Diariamente.;Único;Sí;Auto;;;Sí;Aprovechamiento de vehículos particulares inactivos;Posibles daños o mal uso del vehículo rentado;Sí;"A través de una empresa o entidad presencial.;A través de una plataforma web.;";"Buena gestión por parte de la entidad sobre el vehículo.;";"Decisiones arbitrarias por parte de la entidad sobre el vehículo propio.;";Sí;Colombia;Facebook Marketplace;"Facilidad en el acceso al servicio.;";Dificultad al usar las tecnologías indicadas;1;dias;🟡Prioridad Media🟡;🟡Prioridad Media🟡;🟡Prioridad Media🟡;🔴Prioridad Alta🔴;🟡Prioridad Media🟡;🔴Prioridad Alta🔴;🟡Prioridad Media🟡;🟡Prioridad Media🟡;🔴Prioridad Alta🔴;🔴Prioridad Alta🔴;🟡Prioridad Media🟡;🟡Prioridad Media🟡;Otro: Que el vehículo reciba un uso correcto;"Pueda configurar qué tipo de solicitudes quiero recibir, para luego aceptarlas o denegarlas.;";"Entre $15.000 a $30.000 la hora.;Entre $30.000 a $50.000 la hora.;";"Entre $100.000 a $150.000 el día.;";Por transacción bancaria inmediata, una vez aprobado el servicio por mí y el cliente;🔴Prioridad Alta🔴;🔴Prioridad Alta🔴;🔴Prioridad Alta🔴;🔴Prioridad Alta🔴;🔴Prioridad Alta🔴;;"Aceptaría pagar una comisión del 4% al 9% por servicio.;";1;dias;🔴Prioridad Alta🔴;🔴Prioridad Alta🔴;🟡Prioridad Media🟡;🔴Prioridad Alta🔴;🟡Prioridad Media🟡;🔴Prioridad Alta🔴;🟡Prioridad Media🟡;🔴Prioridad Alta🔴;🔴Prioridad Alta🔴;🔴Prioridad Alta🔴;;"Entre $50.000 a $80.000 la hora.;";"Entre $150.000 a $200.000 el día.;";🔴Prioridad Alta🔴;🟡Prioridad Media🟡;🔴Prioridad Alta🔴;🔴Prioridad Alta🔴;🟡Prioridad Media🟡;🔴Prioridad Alta🔴;🔴Prioridad Alta🔴;🟡Prioridad Media🟡;Revisar 49H;1;Probable;Por correo electrónico;63;
2025-05-24;Acepto.;36-45;Colombia;Duitama (Boyacá);Masculino.;2;Empleado;Secundaria media;Rara vez.;"Taxis;Buses municipales;Buses intermunicipales";Por trabajo;2;0;;;;;;;Sí;"Mejor negociación en condiciones de arriendo;Posibilidad de generar ingresos como propietario del vehículo;Experiencia de negocio más personalizada;Promueve la economía colaborativa";"Desconfianza frente a clientes / personas desconocidas;Posible uso de vehículos para fines no autorizados";No;;;;No;;;;;1;dispersonal;🔴Prioridad Alta🔴;🔴Prioridad Alta🔴;🔴Prioridad Alta🔴;🔴Prioridad Alta🔴;🔴Prioridad Alta🔴;🔴Prioridad Alta🔴;🔴Prioridad Alta🔴;🔴Prioridad Alta🔴;🔴Prioridad Alta🔴;🔴Prioridad Alta🔴;🔴Prioridad Alta🔴;🔴Prioridad Alta🔴;;"Reciba solicitudes y pueda aceptarlas o denegarlas.;Pueda confiar en la plataforma para que me consulten, o ellos mismos acepten y denieguen un servicio que me solicitan.;";"No me encuentro interesado en rentar por horas.;";"Entre $150.000 a $200.000 el día.;";"En efectivo, antes de entregar el vehículo al cliente;Por transacción bancaria inmediata, una vez aprobado el servicio por mí y el cliente";🟡Prioridad Media🟡;🔴Prioridad Alta🔴;🟡Prioridad Media🟡;🟡Prioridad Media🟡;🔴Prioridad Alta🔴;;"Aceptaría pagar una comisión del 10% al 14% por servicio.;";1;"exclusividad_propietario;dias";🔴Prioridad Alta🔴;🔴Prioridad Alta🔴;🔴Prioridad Alta🔴;🔴Prioridad Alta🔴;🔴Prioridad Alta🔴;🔴Prioridad Alta🔴;🔴Prioridad Alta🔴;🔴Prioridad Alta🔴;🔴Prioridad Alta🔴;🔴Prioridad Alta🔴;;"No me encuentro interesado en rentar por horas.;";"Entre $100.000 a $150.000 el día.;";🟡Prioridad Media🟡;🔴Prioridad Alta🔴;🔴Prioridad Alta🔴;🔴Prioridad Alta🔴;🔴Prioridad Alta🔴;🔴Prioridad Alta🔴;🔴Prioridad Alta🔴;🔴Prioridad Alta🔴;;1;MuyProbable;"Un chat en la plataforma;Por llamada telefónica;Por chat con asesor mediante Whatsapp";22;[22, 24)
2025-05-24;Acepto.;18-25;Colombia;Duitama (Boyacá);Femenino.;4;Empleado;Especialización / Diplomado;Diariamente.;Buses intermunicipales;Por trabajo;1;0;;;;;;;No;Mejor negociación en condiciones de arriendo;Desconfianza frente a clientes / personas desconocidas;No;;;;No;;;;;1;horas;🔴Prioridad Alta🔴;🔴Prioridad Alta🔴;🔴Prioridad Alta🔴;🔴Prioridad Alta🔴;🔴Prioridad Alta🔴;🔴Prioridad Alta🔴;🔴Prioridad Alta🔴;🔴Prioridad Alta🔴;🔴Prioridad Alta🔴;🔴Prioridad Alta🔴;🔴Prioridad Alta🔴;🔴Prioridad Alta🔴;;"Pueda configurar qué tipo de solicitudes quiero recibir, para luego aceptarlas o denegarlas.;";"Entre $15.000 a $30.000 la hora.;";"Entre $150.000 a $200.000 el día.;";"Por transacción bancaria inmediata, una vez aprobado el servicio por mí y el cliente;En efectivo, antes de entregar el vehículo al cliente;En efectivo, cuando el cliente devuelve el vehículo";🔴Prioridad Alta🔴;🔴Prioridad Alta🔴;🔴Prioridad Alta🔴;🔴Prioridad Alta🔴;🔴Prioridad Alta🔴;;"Preferiría pagar una suscripción mensual.;";0;;;;;;;;;;;;;;;;;;;;;;;;1;MuyProbable;Por correo electrónico;4;[4, 6)
2025-05-24;Acepto.;46-55;Colombia;Duitama (Boyacá);Femenino.;3;Empleado;Técnico / Tecnológico;Rara vez.;Taxis;Por compromisos personales o familiares;1;0;;;;;;;No;;Desconfianza frente a clientes / personas desconocidas;No;;;;No;;;;;0;;;;;;;;;;;;;;;;;;;;;;;;;;1;horas;🔴Prioridad Alta🔴;🟡Prioridad Media🟡;🔴Prioridad Alta🔴;🔴Prioridad Alta🔴;🔴Prioridad Alta🔴;🔴Prioridad Alta🔴;🔴Prioridad Alta🔴;🔴Prioridad Alta🔴;🔴Prioridad Alta🔴;🔴Prioridad Alta🔴;;"Entre $15.000 a $30.000 la hora.;";"No me encuentro interesado en rentar por días.;";🔴Prioridad Alta🔴;🔴Prioridad Alta🔴;🔴Prioridad Alta🔴;🔴Prioridad Alta🔴;🔴Prioridad Alta🔴;🔴Prioridad Alta🔴;🔴Prioridad Alta🔴;🔴Prioridad Alta🔴;;1;Probable;Un chat en la plataforma;7;[6, 8)
2025-05-24;Acepto.;18-25;Colombia;Duitama (Boyacá);Femenino.;3;Universitario;Técnico / Tecnológico;Diariamente.;Buses intermunicipales;Por estudio;2;1;Muy rara vez.;Varios;;;sí_prop;Auto;Sí;Posibilidad de generar ingresos como propietario del vehículo;"Posibles daños o mal uso del vehículo rentado;Desconfianza frente a clientes / personas desconocidas;Falta de regulación por parte de entidades oficiales;Posible uso de vehículos para fines no autorizados;Falta de control en la entrega o devolución del vehículo";No;;;;No;;;;;0;;;;;;;;;;;;;;;;;;;;;;;;;;0;;;;;;;;;;;;;;;;;;;;;;;;1;Neutral;"Un chat en la plataforma;Por chat con asesor mediante Whatsapp;Con un chatbot (Sea por plataforma, Whatsapp, u otro medio.)";12;[12, 14)
2025-05-24;Acepto.;18-25;Colombia;Duitama (Boyacá);Femenino.;1;"Estudiante de secundaria;Universitario";Técnico / Tecnológico;Diariamente.;"Buses municipales;Buses intermunicipales";"Por estudio;Por trabajo";1;0;;;;;;;No;Mayor flexibilidad en horarios;Posible uso de vehículos para fines no autorizados;No;;;;No;;;;;0;;;;;;;;;;;;;;;;;;;;;;;;;;0;;;;;;;;;;;;;;;;;;;;;;;;0;Improbable;Un chat en la plataforma;3;[2, 4)
2025-05-24;Acepto.;26-35;Colombia;Duitama (Boyacá);Femenino.;3;Desempleado;Pregrado;Rara vez.;"Taxis;Buses intermunicipales";Por trabajo;2;0;;;;;;;No;;;No;;;;No;;;;;0;;;;;;;;;;;;;;;;;;;;;;;;;;0;;;;;;;;;;;;;;;;;;;;;;;;1;Neutral;Con un chatbot (Sea por plataforma, Whatsapp, u otro medio.);5;[4, 6)
2025-05-24;Acepto.;36-45;Colombia;Duitama (Boyacá);Femenino.;2;Freelancer;Especialización / Diplomado;Rara vez.;Buses municipales;Por trabajo;2;1;Diariamente.;Único;No;Auto;;;Sí;;Posibles daños o mal uso del vehículo rentado;No;;;;No;;;;;0;;;;;;;;;;;;;;;;;;;;;;;;;;0;;;;;;;;;;;;;;;;;;;;;;;;1;Neutral;Por correo electrónico;5;[4, 6)
2025-05-24;Acepto.;18-25;Colombia;Santa Rosa De Viterbo (Boyacá);Masculino.;2;Universitario;Técnico / Tecnológico;Únicamente entre semana.;Buses intermunicipales;Por estudio;1;0;;;;;;;Sí;;;No;;;;No;;;;;0;;;;;;;;;;;;;;;;;;;;;;;;;;0;;;;;;;;;;;;;;;;;;;;;;;;1;MuyImprobable;Un chat en la plataforma;3;[2, 4)
2025-05-24;Acepto.;36-45;Colombia;Duitama (Boyacá);Masculino.;3;Empleado;Secundaria media;Rara vez.;Taxis;Por compromisos personales o familiares;2;1;Diariamente.;Varios;;;sí_prop;Tráiler;No;Mejor negociación en condiciones de arriendo;Desconfianza frente a clientes / personas desconocidas;No;;;;No;;;;;0;;;;;;;;;;;;;;;;;;;;;;;;;;1;dias;🔴Prioridad Alta🔴;🔴Prioridad Alta🔴;🔴Prioridad Alta🔴;🔴Prioridad Alta🔴;🔴Prioridad Alta🔴;🔴Prioridad Alta🔴;🔴Prioridad Alta🔴;🔴Prioridad Alta🔴;🔴Prioridad Alta🔴;🔴Prioridad Alta🔴;;"Entre $15.000 a $30.000 la hora.;";"Entre $100.000 a $150.000 el día.;";🔴Prioridad Alta🔴;🔴Prioridad Alta🔴;🔴Prioridad Alta🔴;🔴Prioridad Alta🔴;🔴Prioridad Alta🔴;🔴Prioridad Alta🔴;🔴Prioridad Alta🔴;🔴Prioridad Alta🔴;Revisar 49H;1;MuyProbable;Un chat en la plataforma;17;[16, 18)
2025-05-24;Acepto.;18-25;Colombia;Sogamoso (Boyacá);Femenino.;2;"Universitario;Empleado";Técnico / Tecnológico;Únicamente entre semana.;Buses intermunicipales;"Por estudio;Por compromisos personales o familiares";1;0;;;;;;;Sí;"Experiencia de negocio más personalizada;Mayor flexibilidad en horarios;Aprovechamiento de vehículos particulares inactivos";"Posibles daños o mal uso del vehículo rentado;Desconfianza frente a clientes / personas desconocidas;Posible uso de vehículos para fines no autorizados;Falta de control en la entrega o devolución del vehículo";No;;;;No;;;;;1;semana;🔴Prioridad Alta🔴;🟡Prioridad Media🟡;🔴Prioridad Alta🔴;🔴Prioridad Alta🔴;🔴Prioridad Alta🔴;🟡Prioridad Media🟡;🟡Prioridad Media🟡;🔴Prioridad Alta🔴;🟡Prioridad Media🟡;🔴Prioridad Alta🔴;🔴Prioridad Alta🔴;🟡Prioridad Media🟡;;"Reciba solicitudes y pueda aceptarlas o denegarlas.;Pueda configurar qué tipo de solicitudes quiero recibir, para luego aceptarlas o denegarlas.;Pueda confiar en la plataforma para que me consulten, o ellos mismos acepten y denieguen un servicio que me solicitan.;";"Entre $15.000 a $30.000 la hora.;";"No me encuentro interesado en rentar por días.;";En efectivo, antes de entregar el vehículo al cliente;🔴Prioridad Alta🔴;🔴Prioridad Alta🔴;🟡Prioridad Media🟡;🟡Prioridad Media🟡;🔴Prioridad Alta🔴;;"No estaría interesado en pagar comisión alguna.;";1;semanas;🔴Prioridad Alta🔴;🔴Prioridad Alta🔴;🔴Prioridad Alta🔴;🔴Prioridad Alta🔴;🟡Prioridad Media🟡;🟡Prioridad Media🟡;🔴Prioridad Alta🔴;🟡Prioridad Media🟡;🟡Prioridad Media🟡;🟡Prioridad Media🟡;;"Entre $15.000 a $30.000 la hora.;";"No me encuentro interesado en rentar por días.;";🔴Prioridad Alta🔴;🟡Prioridad Media🟡;🔴Prioridad Alta🔴;🔴Prioridad Alta🔴;🔴Prioridad Alta🔴;🔴Prioridad Alta🔴;🟡Prioridad Media🟡;🔴Prioridad Alta🔴;;1;Probable;"Un chat en la plataforma;Por chat con asesor mediante Whatsapp;Con un chatbot (Sea por plataforma, Whatsapp, u otro medio.)";42;[42, 44)
2025-05-24;Acepto.;56-65;Colombia;Duitama (Boyacá);Femenino.;3;Pensionado;Técnico / Tecnológico;Diariamente.;"Taxis;Buses municipales;Buses intermunicipales";Por compromisos personales o familiares;0;0;;;;;;;No;Aprovechamiento de vehículos particulares inactivos;Posible uso de vehículos para fines no autorizados;No;;;;Sí;Tanto en Colombia como en el exterior;;"Transparencia en la información brindada.;";Costos elevados en comparación con lo esperado;1;dispersonal;🟡Prioridad Media🟡;🔴Prioridad Alta🔴;🔴Prioridad Alta🔴;🔴Prioridad Alta🔴;🔴Prioridad Alta🔴;🟡Prioridad Media🟡;🔴Prioridad Alta🔴;🔴Prioridad Alta🔴;🔴Prioridad Alta🔴;🟢Prioridad Baja🟢;🔴Prioridad Alta🔴;🔴Prioridad Alta🔴;;"Pueda confiar en la plataforma para que me consulten, o ellos mismos acepten y denieguen un servicio que me solicitan.;";"Entre $30.000 a $50.000 la hora.;";"Entre $100.000 a $150.000 el día.;";Por transacción bancaria inmediata, una vez aprobado el servicio por mí y el cliente;🔴Prioridad Alta🔴;🔴Prioridad Alta🔴;🔴Prioridad Alta🔴;🟢Prioridad Baja🟢;🟢Prioridad Baja🟢;;"No estaría interesado en pagar comisión alguna.;";0;;;;;;;;;;;;;;;;;;;;;;;;0;Neutral;Por correo electrónico;11;[10, 12)
2025-05-24;Acepto.;46-55;Colombia;Barranquilla (Atlántico);Masculino.;3;"Empleado;Pensionado";Técnico / Tecnológico;Rara vez.;"Taxis;Buses municipales";Por trabajo;2;1;Diariamente.;Único;Sí;Auto;;;No;Posibilidad de generar ingresos como propietario del vehículo;"Desconfianza frente a clientes / personas desconocidas;Posible uso de vehículos para fines no autorizados;Posibles daños o mal uso del vehículo rentado";No;;;;No;;;;;0;;;;;;;;;;;;;;;;;;;;;;;;;;0;;;;;;;;;;;;;;;;;;;;;;;;1;Neutral;Con un chatbot (Sea por plataforma, Whatsapp, u otro medio.);13;[12, 14)
2025-05-24;Acepto.;46-55;Colombia;Barranquilla (Atlántico);Femenino.;3;Freelancer;Técnico / Tecnológico;Únicamente entre semana.;Taxis;Por compromisos personales o familiares;2;0;;;;;;;No;"Mejor negociación en condiciones de arriendo;Diversidad de vehículos para rentar / arrendar";Desconfianza frente a clientes / personas desconocidas;No;;;;No;;;;;1;dispersonal;🔴Prioridad Alta🔴;🔴Prioridad Alta🔴;🔴Prioridad Alta🔴;🔴Prioridad Alta🔴;🔴Prioridad Alta🔴;🔴Prioridad Alta🔴;🔴Prioridad Alta🔴;🔴Prioridad Alta🔴;🔴Prioridad Alta🔴;🔴Prioridad Alta🔴;🔴Prioridad Alta🔴;🔴Prioridad Alta🔴;;"Reciba solicitudes y pueda aceptarlas o denegarlas.;Pueda configurar qué tipo de solicitudes quiero recibir, para luego aceptarlas o denegarlas.;Pueda confiar en la plataforma para que me consulten, o ellos mismos acepten y denieguen un servicio que me solicitan.;";"No me encuentro interesado en rentar por horas.;";"Entre $100.000 a $150.000 el día.;";En efectivo, antes de entregar el vehículo al cliente;🔴Prioridad Alta🔴;🔴Prioridad Alta🔴;🔴Prioridad Alta🔴;🔴Prioridad Alta🔴;🔴Prioridad Alta🔴;;"No estaría interesado en pagar comisión alguna.;";1;exclusividad_propietario;🔴Prioridad Alta🔴;🔴Prioridad Alta🔴;🔴Prioridad Alta🔴;🔴Prioridad Alta🔴;🔴Prioridad Alta🔴;🔴Prioridad Alta🔴;🔴Prioridad Alta🔴;🔴Prioridad Alta🔴;🔴Prioridad Alta🔴;🔴Prioridad Alta🔴;;"Entre $15.000 a $30.000 la hora.;";"Entre $100.000 a $150.000 el día.;";🔴Prioridad Alta🔴;🔴Prioridad Alta🔴;🔴Prioridad Alta🔴;🔴Prioridad Alta🔴;🔴Prioridad Alta🔴;🔴Prioridad Alta🔴;🔴Prioridad Alta🔴;🔴Prioridad Alta🔴;;1;Probable;"Por llamada telefónica;Por chat con asesor mediante Whatsapp";19;[18, 20)
2025-05-24;Acepto.;56-65;Colombia;Bogotá D.C.;Femenino.;3;Desempleado;Primaria;Diariamente.;SITP;Por compromisos personales o familiares;0;0;;;;;;;Sí;"Posibilidad de generar ingresos como propietario del vehículo;Promueve la economía colaborativa";Desconfianza frente a clientes / personas desconocidas;No;;;;No;;;;;0;;;;;;;;;;;;;;;;;;;;;;;;;;0;;;;;;;;;;;;;;;;;;;;;;;;1;Probable;Por llamada telefónica;4;[4, 6)
2025-05-24;Acepto.;36-45;Colombia;Duitama (Boyacá);Femenino.;4;Empresario;Secundaria básica;Diariamente.;Buses intermunicipales;Por estudio;1;1;Solo entre semana laboral.;Único;Sí;Scoo;;;Sí;Posibilidad de generar ingresos como propietario del vehículo;Posibles daños o mal uso del vehículo rentado;Sí;"A través de una plataforma web.;";"Control sobre las decisiones tomadas sobre el vehículo.;";"Comunicación deficiente con el operador logístico.;";Sí;Colombia;;"Facilidad en el acceso al servicio.;";Dificultad para solicitar o acceder al servicio;0;;;;;;;;;;;;;;;;;;;;;;;;;;1;horas;🔴Prioridad Alta🔴;🟡Prioridad Media🟡;🟡Prioridad Media🟡;🟡Prioridad Media🟡;🟡Prioridad Media🟡;🟡Prioridad Media🟡;🟡Prioridad Media🟡;🟡Prioridad Media🟡;🟡Prioridad Media🟡;🔴Prioridad Alta🔴;;"No me encuentro interesado en rentar por horas.;";"Entre $150.000 a $200.000 el día.;";🟡Prioridad Media🟡;🟢Prioridad Baja🟢;🔴Prioridad Alta🔴;🔴Prioridad Alta🔴;🔴Prioridad Alta🔴;🔴Prioridad Alta🔴;🔴Prioridad Alta🔴;🟡Prioridad Media🟡;;1;MuyProbable;Un chat en la plataforma;3;[2, 4)
2025-05-24;Acepto.;16-17;Colombia;Duitama (Boyacá);Femenino.;4;Estudiante de secundaria;Secundaria básica;Únicamente los fines de semana.;"Buses municipales;Taxis";Por estudio;1;0;;;;;;;No;Posibilidad de generar ingresos como propietario del vehículo;Desconfianza frente a clientes / personas desconocidas;No;;;;No;;;;;1;findesemana;🔴Prioridad Alta🔴;🟡Prioridad Media🟡;🟡Prioridad Media🟡;🔴Prioridad Alta🔴;🔴Prioridad Alta🔴;🟢Prioridad Baja🟢;🔴Prioridad Alta🔴;🔴Prioridad Alta🔴;🟢Prioridad Baja🟢;🟢Prioridad Baja🟢;🔴Prioridad Alta🔴;🔴Prioridad Alta🔴;;"Reciba solicitudes y pueda aceptarlas o denegarlas.;";"Entre $15.000 a $30.000 la hora.;";"Entre $100.000 a $150.000 el día.;";En efectivo, antes de entregar el vehículo al cliente;🔴Prioridad Alta🔴;🔴Prioridad Alta🔴;🔴Prioridad Alta🔴;🔴Prioridad Alta🔴;🔴Prioridad Alta🔴;;"Aceptaría pagar una comisión del 4% al 9% por servicio.;";1;dias;🔴Prioridad Alta🔴;🔴Prioridad Alta🔴;🔴Prioridad Alta🔴;🔴Prioridad Alta🔴;🔴Prioridad Alta🔴;🔴Prioridad Alta🔴;🔴Prioridad Alta🔴;🔴Prioridad Alta🔴;🔴Prioridad Alta🔴;🔴Prioridad Alta🔴;;"No me encuentro interesado en rentar por horas.;";"Entre $200.000 a $250.000 el día.;";🔴Prioridad Alta🔴;🔴Prioridad Alta🔴;🔴Prioridad Alta🔴;🔴Prioridad Alta🔴;🔴Prioridad Alta🔴;🔴Prioridad Alta🔴;🔴Prioridad Alta🔴;🔴Prioridad Alta🔴;;0;MuyProbable;Por llamada telefónica;7;[6, 8)
2025-05-24;Acepto.;26-35;Colombia;Floridablanca (Santander);Femenino.;2;Empleado;Especialización / Diplomado;Diariamente.;"Buses municipales;Taxis";"Por trabajo;Por compromisos personales o familiares";0;0;;;;;;;Sí;"Mejor negociación en condiciones de arriendo;Promueve la economía colaborativa";Posible uso de vehículos para fines no autorizados;No;;;;No;;;;;0;;;;;;;;;;;;;;;;;;;;;;;;;;0;;;;;;;;;;;;;;;;;;;;;;;;1;Neutral;"Un chat en la plataforma;Por llamada telefónica;Por chat con asesor mediante Whatsapp";3;[2, 4)
2025-05-24;Acepto.;56-65;Colombia;Bucaramanga (Santander);Masculino.;2;"Pensionado;Sábatico";Especialización / Diplomado;Diariamente.;"Taxis;Otro: Servicios (informales)";Por compromisos personales o familiares;2;0;;;;;;;No;"Promueve la economía colaborativa;Aprovechamiento de vehículos particulares inactivos";"Posibles daños o mal uso del vehículo rentado;Falta de regulación por parte de entidades oficiales;Falta de control en la entrega o devolución del vehículo";No;;;;Sí;;;"Facilidad en el acceso al servicio.;";;1;semana;🔴Prioridad Alta🔴;🔴Prioridad Alta🔴;🔴Prioridad Alta🔴;🔴Prioridad Alta🔴;🔴Prioridad Alta🔴;🔴Prioridad Alta🔴;🔴Prioridad Alta🔴;🔴Prioridad Alta🔴;🔴Prioridad Alta🔴;🔴Prioridad Alta🔴;🔴Prioridad Alta🔴;🔴Prioridad Alta🔴;Otro: Que el vehículo reciba un uso correcto;"Pueda confiar en la plataforma para que me consulten, o ellos mismos acepten y denieguen un servicio que me solicitan.;";"Entre $30.000 a $50.000 la hora.;";"Entre $100.000 a $150.000 el día.;";Por transacción bancaria inmediata, al finalizar el servicio;🔴Prioridad Alta🔴;🔴Prioridad Alta🔴;🔴Prioridad Alta🔴;🔴Prioridad Alta🔴;🔴Prioridad Alta🔴;;"No estaría interesado en pagar comisión alguna.;";1;dias;🔴Prioridad Alta🔴;🔴Prioridad Alta🔴;🔴Prioridad Alta🔴;🔴Prioridad Alta🔴;🔴Prioridad Alta🔴;🔴Prioridad Alta🔴;🔴Prioridad Alta🔴;🔴Prioridad Alta🔴;🔴Prioridad Alta🔴;🔴Prioridad Alta🔴;Revisar 49H;"Entre $15.000 a $30.000 la hora.;";"Entre $100.000 a $150.000 el día.;";🔴Prioridad Alta🔴;🔴Prioridad Alta🔴;🔴Prioridad Alta🔴;🔴Prioridad Alta🔴;🔴Prioridad Alta🔴;🔴Prioridad Alta🔴;🔴Prioridad Alta🔴;🔴Prioridad Alta🔴;;1;Probable;Por chat con asesor mediante Whatsapp;17;[16, 18)
2025-05-24;Acepto.;26-35;Colombia;Floridablanca (Santander);Femenino.;3;Empleado;Especialización / Diplomado;Diariamente.;Buses intermunicipales;Por trabajo;0;0;;;;;;;No;"Mayor flexibilidad en horarios;Mejor negociación en condiciones de arriendo;Diversidad de vehículos para rentar / arrendar";"Posibles daños o mal uso del vehículo rentado;Posible uso de vehículos para fines no autorizados";No;;;;Sí;Colombia;DiDi;"Facilidad en el acceso al servicio.;";Lentitud en tiempos de atención y respuesta;0;;;;;;;;;;;;;;;;;;;;;;;;;;0;;;;;;;;;;;;;;;;;;;;;;;;1;MuyProbable;Un chat en la plataforma;3;[2, 4)
2025-05-24;Acepto.;26-35;Colombia;Duitama (Boyacá);Femenino.;3;Empleado;Secundaria media;Diariamente.;Buses municipales;Por compromisos personales o familiares;1;0;;;;;;;No;Posibilidad de generar ingresos como propietario del vehículo;Desconfianza frente a clientes / personas desconocidas;Sí;"De forma independiente.;";"Seguridad en el proceso de entrega y devolución en el vehículo.;";"Logística y administración complejas y confusas.;";No;;;;;0;;;;;;;;;;;;;;;;;;;;;;;;;;0;;;;;;;;;;;;;;;;;;;;;;;;1;MuyProbable;Por correo electrónico;4;[4, 6)
2025-05-24;Acepto.;18-25;Colombia;Duitama (Boyacá);Femenino.;3;Empresario;Especialización / Diplomado;Diariamente.;Buses municipales;Por trabajo;2;0;;;;;;;No;"Mayor flexibilidad en horarios;Posibilidad de generar ingresos como propietario del vehículo;Mejor negociación en condiciones de arriendo";"Posibles daños o mal uso del vehículo rentado;Posible uso de vehículos para fines no autorizados";No;;;;Sí;Colombia;;"Facilidad en el acceso al servicio.;Rapidez en los tiempos de respuesta.;Seguridad durante los procesos del servicio.;";;1;findesemana;🔴Prioridad Alta🔴;🔴Prioridad Alta🔴;🔴Prioridad Alta🔴;🔴Prioridad Alta🔴;🔴Prioridad Alta🔴;🔴Prioridad Alta🔴;🟡Prioridad Media🟡;🔴Prioridad Alta🔴;🔴Prioridad Alta🔴;🔴Prioridad Alta🔴;🟡Prioridad Media🟡;🔴Prioridad Alta🔴;;"Reciba solicitudes y pueda aceptarlas o denegarlas.;Pueda configurar qué tipo de solicitudes quiero recibir, para luego aceptarlas o denegarlas.;Pueda confiar en la plataforma para que me consulten, o ellos mismos acepten y denieguen un servicio que me solicitan.;";"Entre $15.000 a $30.000 la hora.;";"Entre $100.000 a $150.000 el día.;";En efectivo, antes de entregar el vehículo al cliente;🔴Prioridad Alta🔴;🔴Prioridad Alta🔴;🔴Prioridad Alta🔴;🔴Prioridad Alta🔴;🔴Prioridad Alta🔴;;"Aceptaría pagar una comisión del 4% al 9% por servicio.;";1;dias;🔴Prioridad Alta🔴;🔴Prioridad Alta🔴;🔴Prioridad Alta🔴;🔴Prioridad Alta🔴;🔴Prioridad Alta🔴;🔴Prioridad Alta🔴;🔴Prioridad Alta🔴;🔴Prioridad Alta🔴;🔴Prioridad Alta🔴;🔴Prioridad Alta🔴;;"Entre $15.000 a $30.000 la hora.;";"Entre $100.000 a $150.000 el día.;";🔴Prioridad Alta🔴;🔴Prioridad Alta🔴;🔴Prioridad Alta🔴;🔴Prioridad Alta🔴;🔴Prioridad Alta🔴;🔴Prioridad Alta🔴;🔴Prioridad Alta🔴;🔴Prioridad Alta🔴;;1;Probable;"Un chat en la plataforma;Por llamada telefónica;Por chat con asesor mediante Whatsapp";32;[32, 34)
2025-05-24;Acepto.;26-35;Colombia;Duitama (Boyacá);Femenino.;3;Freelancer;Especialización / Diplomado;Rara vez.;"Buses municipales;Buses intermunicipales";"Por compromisos personales o familiares;Por trabajo";1;0;;;;;;;Sí;"Posibilidad de generar ingresos como propietario del vehículo;Promueve la economía colaborativa;Aprovechamiento de vehículos particulares inactivos";"Posibles daños o mal uso del vehículo rentado;Desconfianza frente a clientes / personas desconocidas;Falta de regulación por parte de entidades oficiales";No;;;;No;;;;;1;dispersonal;🔴Prioridad Alta🔴;🔴Prioridad Alta🔴;🔴Prioridad Alta🔴;🔴Prioridad Alta🔴;🟡Prioridad Media🟡;🟡Prioridad Media🟡;🔴Prioridad Alta🔴;🔴Prioridad Alta🔴;🔴Prioridad Alta🔴;🔴Prioridad Alta🔴;🔴Prioridad Alta🔴;🔴Prioridad Alta🔴;;"Pueda configurar qué tipo de solicitudes quiero recibir, para luego aceptarlas o denegarlas.;";"No me encuentro interesado en rentar por horas.;";"No me encuentro interesado en rentar por días.;";"Por transacción bancaria inmediata, una vez aprobado el servicio por mí y el cliente;Por transacción bancaria inmediata, al finalizar el servicio;Un respaldo con un pagaré automatizado por transferencia bancaria al finalizar el servicio por medio de Flex Drive";🔴Prioridad Alta🔴;🔴Prioridad Alta🔴;🟡Prioridad Media🟡;🟡Prioridad Media🟡;🟡Prioridad Media🟡;;"Aceptaría pagar una comisión del 4% al 9% por servicio.;";1;dias;🟡Prioridad Media🟡;🟡Prioridad Media🟡;🔴Prioridad Alta🔴;🔴Prioridad Alta🔴;🔴Prioridad Alta🔴;🔴Prioridad Alta🔴;🔴Prioridad Alta🔴;🔴Prioridad Alta🔴;🔴Prioridad Alta🔴;🔴Prioridad Alta🔴;;"No me encuentro interesado en rentar por horas.;";"Entre $100.000 a $150.000 el día.;";🟡Prioridad Media🟡;🟡Prioridad Media🟡;🟡Prioridad Media🟡;🔴Prioridad Alta🔴;🔴Prioridad Alta🔴;🔴Prioridad Alta🔴;🔴Prioridad Alta🔴;🔴Prioridad Alta🔴;;1;MuyProbable;"Un chat en la plataforma;Por chat con asesor mediante Whatsapp";13;[12, 14)
2025-05-24;Acepto.;26-35;Colombia;Duitama (Boyacá);Femenino.;4;Empleado;Especialización / Diplomado;Únicamente los fines de semana.;"Taxis;Buses intermunicipales";Por compromisos personales o familiares;2;0;;;;;;;Sí;"Posibilidad de generar ingresos como propietario del vehículo;Diversidad de vehículos para rentar / arrendar;Promueve la economía colaborativa";"Posibles daños o mal uso del vehículo rentado;Posible uso de vehículos para fines no autorizados;Falta de regulación por parte de entidades oficiales";No;;;;No;;;;;1;dispersonal;🔴Prioridad Alta🔴;🔴Prioridad Alta🔴;🟡Prioridad Media🟡;🔴Prioridad Alta🔴;🔴Prioridad Alta🔴;🟡Prioridad Media🟡;🟡Prioridad Media🟡;🔴Prioridad Alta🔴;🟡Prioridad Media🟡;🟡Prioridad Media🟡;🔴Prioridad Alta🔴;🟡Prioridad Media🟡;;"Pueda confiar en la plataforma para que me consulten, o ellos mismos acepten y denieguen un servicio que me solicitan.;";"Entre $15.000 a $30.000 la hora.;";"Entre $100.000 a $150.000 el día.;";Un respaldo con un pagaré automatizado por transferencia bancaria al finalizar el servicio por medio de Flex Drive;🟡Prioridad Media🟡;🔴Prioridad Alta🔴;🟡Prioridad Media🟡;🟡Prioridad Media🟡;🟡Prioridad Media🟡;;"Aceptaría pagar una comisión del 4% al 9% por servicio.;";1;"semanas;dias;meses";🔴Prioridad Alta🔴;🟡Prioridad Media🟡;🔴Prioridad Alta🔴;🟡Prioridad Media🟡;🟡Prioridad Media🟡;🟡Prioridad Media🟡;🔴Prioridad Alta🔴;🟡Prioridad Media🟡;🟡Prioridad Media🟡;🟡Prioridad Media🟡;;"Entre $15.000 a $30.000 la hora.;";"Entre $100.000 a $150.000 el día.;";🟡Prioridad Media🟡;🟡Prioridad Media🟡;🟡Prioridad Media🟡;🟡Prioridad Media🟡;🔴Prioridad Alta🔴;🔴Prioridad Alta🔴;🟡Prioridad Media🟡;🔴Prioridad Alta🔴;;1;MuyProbable;Por chat con asesor mediante Whatsapp;7;[6, 8)
2025-05-24;Acepto.;36-45;Colombia;Medellín (Antioquia);Femenino.;2;Empleado;Técnico / Tecnológico;Diariamente.;"SITP;Buses municipales";Por trabajo;0;0;;;;;;;No;;;No;;;;No;;;;;0;;;;;;;;;;;;;;;;;;;;;;;;;;0;;;;;;;;;;;;;;;;;;;;;;;;1;MuyImprobable;RESPUESTA INVÁLIDA - INDIFERENTE;4;[4, 6)
2025-05-24;Acepto.;46-55;Colombia;Yopal (Casanare);Femenino.;1;Empleado;Secundaria media;Diariamente.;Buses municipales;Por trabajo;0;0;;;;;;;No;Mayor flexibilidad en horarios;Posibles daños o mal uso del vehículo rentado;No;;;;No;;;;;0;;;;;;;;;;;;;;;;;;;;;;;;;;0;;;;;;;;;;;;;;;;;;;;;;;;1;Probable;Por llamada telefónica;3;[2, 4)
2025-05-24;Acepto.;46-55;Colombia;Duitama (Boyacá);Femenino.;3;Freelancer;Especialización / Diplomado;Diariamente.;"Taxis;Buses municipales;Buses intermunicipales";Por trabajo;1;0;;;;;;;No;;"Posible uso de vehículos para fines no autorizados;Desconfianza frente a clientes / personas desconocidas";No;;;;No;;;;;0;;;;;;;;;;;;;;;;;;;;;;;;;;0;;;;;;;;;;;;;;;;;;;;;;;;1;Neutral;Por chat con asesor mediante Whatsapp;10;[10, 12)
2025-05-24;Acepto.;46-55;Colombia;Duitama (Boyacá);Masculino.;4;Empleado;Especialización / Diplomado;Rara vez.;Taxis;Por trabajo;2;1;Solo entre semana laboral.;Único;Ocasionalmente;Auto;;;No;"Mayor flexibilidad en horarios;Posibilidad de generar ingresos como propietario del vehículo;Promueve la economía colaborativa";"Posibles daños o mal uso del vehículo rentado;Posible uso de vehículos para fines no autorizados;Falta de regulación por parte de entidades oficiales;Desconfianza frente a clientes / personas desconocidas;Falta de control en la entrega o devolución del vehículo";No;;;;No;;;;;1;"horas;dias;findesemana";🔴Prioridad Alta🔴;🔴Prioridad Alta🔴;🔴Prioridad Alta🔴;🔴Prioridad Alta🔴;🔴Prioridad Alta🔴;🔴Prioridad Alta🔴;🔴Prioridad Alta🔴;🔴Prioridad Alta🔴;🔴Prioridad Alta🔴;🔴Prioridad Alta🔴;🔴Prioridad Alta🔴;🔴Prioridad Alta🔴;;"Reciba solicitudes y pueda aceptarlas o denegarlas.;Pueda configurar qué tipo de solicitudes quiero recibir, para luego aceptarlas o denegarlas.;Pueda confiar en la plataforma para que me consulten, o ellos mismos acepten y denieguen un servicio que me solicitan.;";"Entre $30.000 a $50.000 la hora.;";"Entre $100.000 a $150.000 el día.;";"En efectivo, antes de entregar el vehículo al cliente;Por transacción bancaria inmediata, una vez aprobado el servicio por mí y el cliente";🔴Prioridad Alta🔴;🔴Prioridad Alta🔴;🔴Prioridad Alta🔴;🔴Prioridad Alta🔴;🔴Prioridad Alta🔴;;"No estaría interesado en pagar comisión alguna.;";1;"horas;dias;semanas";🔴Prioridad Alta🔴;🔴Prioridad Alta🔴;🔴Prioridad Alta🔴;🔴Prioridad Alta🔴;🔴Prioridad Alta🔴;🔴Prioridad Alta🔴;🔴Prioridad Alta🔴;🔴Prioridad Alta🔴;🔴Prioridad Alta🔴;🔴Prioridad Alta🔴;;"Entre $15.000 a $30.000 la hora.;";"Entre $100.000 a $150.000 el día.;";🔴Prioridad Alta🔴;🔴Prioridad Alta🔴;🔴Prioridad Alta🔴;🔴Prioridad Alta🔴;🔴Prioridad Alta🔴;🔴Prioridad Alta🔴;🔴Prioridad Alta🔴;🔴Prioridad Alta🔴;;1;MuyProbable;"Un chat en la plataforma;Con un chatbot (Sea por plataforma, Whatsapp, u otro medio.)";6;[6, 8)
2025-05-24;Acepto.;36-45;Colombia;El Tarra (Norte De Santander);Masculino.;1;Desempleado;Técnico / Tecnológico;Rara vez.;;Por compromisos personales o familiares;1;0;;;;;;;No;"Promueve la economía colaborativa;Aprovechamiento de vehículos particulares inactivos;Posibilidad de generar ingresos como propietario del vehículo";"Posibles daños o mal uso del vehículo rentado;Desconfianza frente a clientes / personas desconocidas;Posible uso de vehículos para fines no autorizados;Falta de control en la entrega o devolución del vehículo";No;;;;No;;;;;1;"horas;findesemana;dias";🔴Prioridad Alta🔴;🔴Prioridad Alta🔴;🔴Prioridad Alta🔴;🔴Prioridad Alta🔴;🔴Prioridad Alta🔴;🔴Prioridad Alta🔴;🔴Prioridad Alta🔴;🔴Prioridad Alta🔴;🔴Prioridad Alta🔴;🔴Prioridad Alta🔴;🔴Prioridad Alta🔴;🔴Prioridad Alta🔴;;"Reciba solicitudes y pueda aceptarlas o denegarlas.;";"No me encuentro interesado en rentar por horas.;";"Entre $100.000 a $150.000 el día.;";En efectivo, cuando el cliente devuelve el vehículo;🔴Prioridad Alta🔴;🔴Prioridad Alta🔴;🔴Prioridad Alta🔴;🔴Prioridad Alta🔴;🔴Prioridad Alta🔴;;"Aceptaría pagar una comisión del 4% al 9% por servicio.;";1;exclusividad_propietario;🔴Prioridad Alta🔴;🔴Prioridad Alta🔴;🔴Prioridad Alta🔴;🔴Prioridad Alta🔴;🔴Prioridad Alta🔴;🔴Prioridad Alta🔴;🔴Prioridad Alta🔴;🔴Prioridad Alta🔴;🔴Prioridad Alta🔴;🔴Prioridad Alta🔴;;"Entre $15.000 a $30.000 la hora.;";"Entre $100.000 a $150.000 el día.;";🔴Prioridad Alta🔴;🔴Prioridad Alta🔴;🔴Prioridad Alta🔴;🔴Prioridad Alta🔴;🔴Prioridad Alta🔴;🔴Prioridad Alta🔴;🔴Prioridad Alta🔴;🔴Prioridad Alta🔴;;1;Neutral;Por correo electrónico;22;[22, 24)
2025-05-24;Acepto.;18-25;Colombia;Bogotá D.C.;Masculino.;4;Universitario;Pregrado;Diariamente.;SITP;"Por estudio;Por compromisos personales o familiares";1;0;;;;;;;Sí;"Mayor flexibilidad en horarios;Mejor negociación en condiciones de arriendo;Diversidad de vehículos para rentar / arrendar";"Posibles daños o mal uso del vehículo rentado;Desconfianza frente a clientes / personas desconocidas;Falta de regulación por parte de entidades oficiales;Posible uso de vehículos para fines no autorizados;Falta de control en la entrega o devolución del vehículo";No;;;;Sí;En el exterior;;"Rapidez en los tiempos de respuesta.;Transparencia en la información brindada.;Acompañamiento y buen trato durante el proceso.;Eficacia en la solución de problemas y dudas.;Tecnología fácil de utilizar (a través de plataformas digitales, aplicaciones o códigos personales / QRs).).;";Falta de información en el servicio o vehículo a recibir;1;dias;🔴Prioridad Alta🔴;🔴Prioridad Alta🔴;🔴Prioridad Alta🔴;🔴Prioridad Alta🔴;🔴Prioridad Alta🔴;🔴Prioridad Alta🔴;🟡Prioridad Media🟡;🟡Prioridad Media🟡;🟡Prioridad Media🟡;🔴Prioridad Alta🔴;🔴Prioridad Alta🔴;🟡Prioridad Media🟡;;"Reciba solicitudes y pueda aceptarlas o denegarlas.;Pueda configurar qué tipo de solicitudes quiero recibir, para luego aceptarlas o denegarlas.;";"Entre $30.000 a $50.000 la hora.;";"Entre $200.000 a $250.000 el día.;Entre $150.000 a $200.000 el día.;";Por transacción bancaria inmediata, una vez aprobado el servicio por mí y el cliente;🟡Prioridad Media🟡;🔴Prioridad Alta🔴;🔴Prioridad Alta🔴;🔴Prioridad Alta🔴;🔴Prioridad Alta🔴;;"Aceptaría pagar una comisión del 4% al 9% por servicio.;Preferiría pagar una suscripción mensual.;";1;"dias;semanas";🔴Prioridad Alta🔴;🔴Prioridad Alta🔴;🔴Prioridad Alta🔴;🔴Prioridad Alta🔴;🔴Prioridad Alta🔴;🔴Prioridad Alta🔴;🟡Prioridad Media🟡;🔴Prioridad Alta🔴;🟡Prioridad Media🟡;🟡Prioridad Media🟡;;"No me encuentro interesado en rentar por horas.;";"Entre $150.000 a $200.000 el día.;";🟡Prioridad Media🟡;🟡Prioridad Media🟡;🟡Prioridad Media🟡;🔴Prioridad Alta🔴;🔴Prioridad Alta🔴;🔴Prioridad Alta🔴;🔴Prioridad Alta🔴;🔴Prioridad Alta🔴;;1;Neutral;"Un chat en la plataforma;Por correo electrónico";19;[18, 20)
2025-05-24;Acepto.;26-35;Colombia;Duitama (Boyacá);Masculino.;4;Freelancer;Pregrado;Rara vez.;Buses municipales;"Por compromisos personales o familiares;Por turismo";2;1;Diariamente.;Único;Ocasionalmente;Auto;;;Sí;;;No;;;;No;;;;;0;;;;;;;;;;;;;;;;;;;;;;;;;;0;;;;;;;;;;;;;;;;;;;;;;;;0;Improbable;Por chat con asesor mediante Whatsapp;7;[6, 8)
2025-05-24;Acepto.;46-55;Colombia;Bogotá D.C.;Femenino.;3;Pensionado;Primaria;Únicamente entre semana.;"Buses municipales;Buses intermunicipales;SITP";Por compromisos personales o familiares;2;0;;;;;;;Sí;Diversidad de vehículos para rentar / arrendar;Posibles daños o mal uso del vehículo rentado;No;;;;No;;;;;0;;;;;;;;;;;;;;;;;;;;;;;;;;0;;;;;;;;;;;;;;;;;;;;;;;;1;MuyImprobable;RESPUESTA INVÁLIDA - INDIFERENTE;13;[12, 14)
2025-05-25;Acepto.;36-45;Colombia;Yopal (Casanare);Femenino.;3;"Universitario;Empleado";Técnico / Tecnológico;Diariamente.;Otro: Servicios (informales);"Por trabajo;Por estudio";2;1;Diariamente.;Único;Ocasionalmente;BiciEle;;;Sí;"Posibilidad de generar ingresos como propietario del vehículo;Promueve la economía colaborativa";"Posible uso de vehículos para fines no autorizados;Posibles daños o mal uso del vehículo rentado;Desconfianza frente a clientes / personas desconocidas";No;;;;No;;;;;0;;;;;;;;;;;;;;;;;;;;;;;;;;0;;;;;;;;;;;;;;;;;;;;;;;;1;Neutral;"Un chat en la plataforma;Por llamada telefónica";11;[10, 12)
2025-05-25;Acepto.;18-25;Colombia;Yopal (Casanare);Femenino.;3;Universitario;Pregrado;Rara vez.;"Taxis;Buses municipales";Por turismo;1;0;;;;;;;No;"Mayor flexibilidad en horarios;Aprovechamiento de vehículos particulares inactivos";"Posibles daños o mal uso del vehículo rentado;Desconfianza frente a clientes / personas desconocidas;Posible uso de vehículos para fines no autorizados;Falta de control en la entrega o devolución del vehículo";No;;;;No;;;;;0;;;;;;;;;;;;;;;;;;;;;;;;;;0;;;;;;;;;;;;;;;;;;;;;;;;1;Neutral;Un chat en la plataforma;5;[4, 6)
2025-05-25;Acepto.;36-45;Colombia;Duitama (Boyacá);Femenino.;4;Empleado;Pregrado;Rara vez.;"Taxis;Buses municipales";"Por turismo;Por compromisos personales o familiares";2;0;;;;;;;No;Aprovechamiento de vehículos particulares inactivos;"Posibles daños o mal uso del vehículo rentado;Desconfianza frente a clientes / personas desconocidas;Posible uso de vehículos para fines no autorizados;Falta de control en la entrega o devolución del vehículo";No;;;;No;;;;;0;;;;;;;;;;;;;;;;;;;;;;;;;;1;horas;🔴Prioridad Alta🔴;🔴Prioridad Alta🔴;🔴Prioridad Alta🔴;🔴Prioridad Alta🔴;🔴Prioridad Alta🔴;🔴Prioridad Alta🔴;🔴Prioridad Alta🔴;🔴Prioridad Alta🔴;🔴Prioridad Alta🔴;🔴Prioridad Alta🔴;;"Entre $15.000 a $30.000 la hora.;";"Entre $100.000 a $150.000 el día.;";🟢Prioridad Baja🟢;🟢Prioridad Baja🟢;🟢Prioridad Baja🟢;🔴Prioridad Alta🔴;🔴Prioridad Alta🔴;🔴Prioridad Alta🔴;🔴Prioridad Alta🔴;🔴Prioridad Alta🔴;;1;Neutral;RESPUESTA INVÁLIDA;6;[6, 8)
2025-05-25;Acepto.;46-55;Colombia;;Femenino.;3;Empleado;Pregrado;Rara vez.;SITP;Por trabajo;2;1;Diariamente.;Único;Ocasionalmente;Auto;;;Sí;"Aprovechamiento de vehículos particulares inactivos;Promueve la economía colaborativa;Experiencia de negocio más personalizada;Diversidad de vehículos para rentar / arrendar;Posibilidad de generar ingresos como propietario del vehículo;Mejor negociación en condiciones de arriendo;Mayor flexibilidad en horarios";"Posibles daños o mal uso del vehículo rentado;Desconfianza frente a clientes / personas desconocidas;Falta de regulación por parte de entidades oficiales;Posible uso de vehículos para fines no autorizados;Falta de control en la entrega o devolución del vehículo";No;;;;Sí;En el exterior;;"Facilidad en el acceso al servicio.;Rapidez en los tiempos de respuesta.;Transparencia en la información brindada.;Acompañamiento y buen trato durante el proceso.;Seguridad durante los procesos del servicio.;Eficacia en la solución de problemas y dudas.;Flexibilidad para adaptarse a mis necesidades.;Tecnología fácil de utilizar (a través de plataformas digitales, aplicaciones o códigos personales / QRs).).;";;1;"horas;dias;semana;findesemana;dispersonal";🟡Prioridad Media🟡;🟡Prioridad Media🟡;🟡Prioridad Media🟡;🟡Prioridad Media🟡;🟡Prioridad Media🟡;🟡Prioridad Media🟡;🔴Prioridad Alta🔴;🔴Prioridad Alta🔴;🟡Prioridad Media🟡;🟡Prioridad Media🟡;🟡Prioridad Media🟡;🟡Prioridad Media🟡;;"Pueda confiar en la plataforma para que me consulten, o ellos mismos acepten y denieguen un servicio que me solicitan.;";"Entre $15.000 a $30.000 la hora.;";"Entre $100.000 a $150.000 el día.;";Por transacción bancaria inmediata, al finalizar el servicio;🔴Prioridad Alta🔴;🔴Prioridad Alta🔴;🔴Prioridad Alta🔴;🟡Prioridad Media🟡;🟡Prioridad Media🟡;;"Preferiría pagar una suscripción mensual.;Aceptaría pagar una comisión del 4% al 9% por servicio.;";1;dias;🟡Prioridad Media🟡;🔴Prioridad Alta🔴;🔴Prioridad Alta🔴;🔴Prioridad Alta🔴;🟡Prioridad Media🟡;🔴Prioridad Alta🔴;🔴Prioridad Alta🔴;🔴Prioridad Alta🔴;🔴Prioridad Alta🔴;🟡Prioridad Media🟡;;"Entre $15.000 a $30.000 la hora.;";"Entre $100.000 a $150.000 el día.;";🔴Prioridad Alta🔴;🔴Prioridad Alta🔴;🔴Prioridad Alta🔴;🔴Prioridad Alta🔴;🔴Prioridad Alta🔴;🔴Prioridad Alta🔴;🔴Prioridad Alta🔴;🔴Prioridad Alta🔴;;0;Neutral;"Por chat con asesor mediante Whatsapp;Con un chatbot (Sea por plataforma, Whatsapp, u otro medio.);Por llamada telefónica";29;[28, 30)
2025-05-26;Acepto.;18-25;Colombia;Tunja (Boyacá);Femenino.;4;Universitario;Técnico / Tecnológico;Rara vez.;Taxis;"Por estudio;Por compromisos personales o familiares";2;1;Diariamente.;Único;Sí;Auto;;;Sí;Posibilidad de generar ingresos como propietario del vehículo;Desconfianza frente a clientes / personas desconocidas;Sí;"A través de una empresa o entidad presencial.;";"Control sobre las decisiones tomadas sobre el vehículo.;";"Decisiones arbitrarias por parte de la entidad sobre el vehículo propio.;";Sí;Tanto en Colombia como en el exterior;;"Facilidad en el acceso al servicio.;";Falta de información en el servicio o vehículo a recibir;1;findesemana;🟢Prioridad Baja🟢;🟢Prioridad Baja🟢;🟢Prioridad Baja🟢;🟢Prioridad Baja🟢;🟢Prioridad Baja🟢;🟢Prioridad Baja🟢;🟡Prioridad Media🟡;🔴Prioridad Alta🔴;🟡Prioridad Media🟡;🔴Prioridad Alta🔴;🟡Prioridad Media🟡;🟡Prioridad Media🟡;;"Pueda configurar qué tipo de solicitudes quiero recibir, para luego aceptarlas o denegarlas.;";"Entre $50.000 a $80.000 la hora.;";"Entre $100.000 a $150.000 el día.;";Por transacción bancaria inmediata, una vez aprobado el servicio por mí y el cliente;🟢Prioridad Baja🟢;🟡Prioridad Media🟡;🟡Prioridad Media🟡;🟡Prioridad Media🟡;🟢Prioridad Baja🟢;;"Aceptaría pagar una comisión del 10% al 14% por servicio.;";1;semanas;🟢Prioridad Baja🟢;🟢Prioridad Baja🟢;🟡Prioridad Media🟡;🟢Prioridad Baja🟢;🔴Prioridad Alta🔴;🟢Prioridad Baja🟢;🔴Prioridad Alta🔴;🟡Prioridad Media🟡;🟡Prioridad Media🟡;🟡Prioridad Media🟡;;"Entre $15.000 a $30.000 la hora.;";"Entre $150.000 a $200.000 el día.;";🟢Prioridad Baja🟢;🟡Prioridad Media🟡;🟡Prioridad Media🟡;🟡Prioridad Media🟡;🔴Prioridad Alta🔴;🔴Prioridad Alta🔴;🟡Prioridad Media🟡;🔴Prioridad Alta🔴;;1;Probable;Por llamada telefónica;2;[2, 4)
2025-05-26;Acepto.;18-25;Colombia;Tunja (Boyacá);Femenino.;3;Universitario;Técnico / Tecnológico;Únicamente entre semana.;"Buses municipales;Taxis";Por estudio;1;0;;;;;;;No;Posibilidad de generar ingresos como propietario del vehículo;Posibles daños o mal uso del vehículo rentado;No;;;;No;;;;;0;;;;;;;;;;;;;;;;;;;;;;;;;;0;;;;;;;;;;;;;;;;;;;;;;;;0;Neutral;"Un chat en la plataforma;Por llamada telefónica;Por correo electrónico";3;[2, 4)
2025-05-26;Acepto.;46-55;Colombia;Yopal (Casanare);Masculino.;3;"Freelancer;Empresario";Secundaria básica;Rara vez.;Taxis;Por trabajo;2;1;Diariamente.;Varios;;;sí_prop;Auto;Sí;"Mejor negociación en condiciones de arriendo;Promueve la economía colaborativa;Aprovechamiento de vehículos particulares inactivos";"Posibles daños o mal uso del vehículo rentado;Desconfianza frente a clientes / personas desconocidas;Posible uso de vehículos para fines no autorizados;Falta de control en la entrega o devolución del vehículo";No;;;;No;;;;;1;"dias;horas;findesemana;semana";🔴Prioridad Alta🔴;🔴Prioridad Alta🔴;🔴Prioridad Alta🔴;🔴Prioridad Alta🔴;🔴Prioridad Alta🔴;🔴Prioridad Alta🔴;🔴Prioridad Alta🔴;🔴Prioridad Alta🔴;🔴Prioridad Alta🔴;🔴Prioridad Alta🔴;🔴Prioridad Alta🔴;🔴Prioridad Alta🔴;REVISAR 34A;"Pueda confiar en la plataforma para que me consulten, o ellos mismos acepten y denieguen un servicio que me solicitan.;";"Entre $15.000 a $30.000 la hora.;";"Entre $100.000 a $150.000 el día.;";Por transacción bancaria inmediata, una vez aprobado el servicio por mí y el cliente;🔴Prioridad Alta🔴;🔴Prioridad Alta🔴;🔴Prioridad Alta🔴;🔴Prioridad Alta🔴;🔴Prioridad Alta🔴;;"Preferiría pagar una suscripción mensual.;";1;dias;🔴Prioridad Alta🔴;🔴Prioridad Alta🔴;🔴Prioridad Alta🔴;🔴Prioridad Alta🔴;🔴Prioridad Alta🔴;🔴Prioridad Alta🔴;🔴Prioridad Alta🔴;🔴Prioridad Alta🔴;🔴Prioridad Alta🔴;🔴Prioridad Alta🔴;;"Entre $15.000 a $30.000 la hora.;";"Entre $100.000 a $150.000 el día.;";🔴Prioridad Alta🔴;🔴Prioridad Alta🔴;🔴Prioridad Alta🔴;🔴Prioridad Alta🔴;🔴Prioridad Alta🔴;🔴Prioridad Alta🔴;🔴Prioridad Alta🔴;🔴Prioridad Alta🔴;;1;MuyProbable;"Un chat en la plataforma;Por llamada telefónica;Por chat con asesor mediante Whatsapp";18;[18, 20)
2025-05-26;Acepto.;36-45;Colombia;Tunja (Boyacá);Femenino.;2;Freelancer;Secundaria media;Diariamente.;Buses municipales;Por trabajo;0;0;;;;;;;No;;;No;;;;No;;;;;0;;;;;;;;;;;;;;;;;;;;;;;;;;0;;;;;;;;;;;;;;;;;;;;;;;;0;Neutral;Con un chatbot (Sea por plataforma, Whatsapp, u otro medio.);5;[4, 6)
2025-05-26;Acepto.;46-55;Colombia;;Masculino.;1;Empleado;Secundaria básica;Rara vez.;Taxis;Por trabajo;2;1;Diariamente.;Único;Sí;Auto;;;Sí;Promueve la economía colaborativa;Posibles daños o mal uso del vehículo rentado;No;;;;No;;;;;1;findesemana;🔴Prioridad Alta🔴;🔴Prioridad Alta🔴;🔴Prioridad Alta🔴;🔴Prioridad Alta🔴;🔴Prioridad Alta🔴;🔴Prioridad Alta🔴;🔴Prioridad Alta🔴;🔴Prioridad Alta🔴;🔴Prioridad Alta🔴;🔴Prioridad Alta🔴;🔴Prioridad Alta🔴;🔴Prioridad Alta🔴;;"Pueda confiar en la plataforma para que me consulten, o ellos mismos acepten y denieguen un servicio que me solicitan.;";"Desde $80.000 en adelante.;";"Entre $100.000 a $150.000 el día.;";En efectivo, antes de entregar el vehículo al cliente;🔴Prioridad Alta🔴;🔴Prioridad Alta🔴;🔴Prioridad Alta🔴;🔴Prioridad Alta🔴;🔴Prioridad Alta🔴;Revisar 40B;"Preferiría pagar una suscripción mensual.;";1;dias;🔴Prioridad Alta🔴;🔴Prioridad Alta🔴;🔴Prioridad Alta🔴;🔴Prioridad Alta🔴;🔴Prioridad Alta🔴;🔴Prioridad Alta🔴;🔴Prioridad Alta🔴;🔴Prioridad Alta🔴;🔴Prioridad Alta🔴;🔴Prioridad Alta🔴;;"Entre $15.000 a $30.000 la hora.;";"Entre $100.000 a $150.000 el día.;";🔴Prioridad Alta🔴;🔴Prioridad Alta🔴;🔴Prioridad Alta🔴;🔴Prioridad Alta🔴;🔴Prioridad Alta🔴;🔴Prioridad Alta🔴;🔴Prioridad Alta🔴;🔴Prioridad Alta🔴;Otro: Verificación de antecedentes de Propietarios y Vehículos;1;MuyProbable;Por correo electrónico;12;[12, 14)
2025-05-26;Acepto.;26-35;Colombia;Tunja (Boyacá);Femenino.;3;Freelancer;Especialización / Diplomado;Diariamente.;"Buses municipales;Taxis";Por trabajo;2;0;;;;;;;Sí;Experiencia de negocio más personalizada;"Falta de control en la entrega o devolución del vehículo;Posibles daños o mal uso del vehículo rentado";No;;;;No;;;;;0;;;;;;;;;;;;;;;;;;;;;;;;;;0;;;;;;;;;;;;;;;;;;;;;;;;0;Neutral;Un chat en la plataforma;4;[4, 6)
2025-05-27;Acepto.;18-25;Colombia;Tunja (Boyacá);Masculino.;2;Universitario;Pregrado;Rara vez.;"Taxis;Buses intermunicipales;Buses municipales";"Por trabajo;Por estudio";1;0;;;;;;;Sí;"Posibilidad de generar ingresos como propietario del vehículo;Mayor flexibilidad en horarios;Promueve la economía colaborativa;Aprovechamiento de vehículos particulares inactivos";"Posibles daños o mal uso del vehículo rentado;Desconfianza frente a clientes / personas desconocidas;Falta de regulación por parte de entidades oficiales;Posible uso de vehículos para fines no autorizados";No;;;;No;;;;;1;dias;🔴Prioridad Alta🔴;🔴Prioridad Alta🔴;🟡Prioridad Media🟡;🔴Prioridad Alta🔴;🟡Prioridad Media🟡;🟡Prioridad Media🟡;🟡Prioridad Media🟡;🟡Prioridad Media🟡;🔴Prioridad Alta🔴;🟡Prioridad Media🟡;🔴Prioridad Alta🔴;🟡Prioridad Media🟡;;"Reciba solicitudes y pueda aceptarlas o denegarlas.;";"Entre $15.000 a $30.000 la hora.;";"Entre $100.000 a $150.000 el día.;";Por transacción bancaria inmediata, una vez aprobado el servicio por mí y el cliente;🔴Prioridad Alta🔴;🔴Prioridad Alta🔴;🟡Prioridad Media🟡;🔴Prioridad Alta🔴;🔴Prioridad Alta🔴;;"No estaría interesado en pagar comisión alguna.;";1;"horas;dias";🔴Prioridad Alta🔴;🔴Prioridad Alta🔴;🔴Prioridad Alta🔴;🔴Prioridad Alta🔴;🔴Prioridad Alta🔴;🔴Prioridad Alta🔴;🔴Prioridad Alta🔴;🔴Prioridad Alta🔴;🟡Prioridad Media🟡;🟡Prioridad Media🟡;;"Entre $15.000 a $30.000 la hora.;";"Entre $100.000 a $150.000 el día.;";🟡Prioridad Media🟡;🟡Prioridad Media🟡;🟡Prioridad Media🟡;🔴Prioridad Alta🔴;🔴Prioridad Alta🔴;🔴Prioridad Alta🔴;🔴Prioridad Alta🔴;🔴Prioridad Alta🔴;;1;Neutral;Con un chatbot (Sea por plataforma, Whatsapp, u otro medio.);13;[12, 14)
2025-05-27;Acepto.;66-75;Colombia;Duitama (Boyacá);Femenino.;3;Empleado;Primaria;Diariamente.;Buses municipales;Por trabajo;1;0;;;;;;;Sí;;Falta de regulación por parte de entidades oficiales;No;;;;No;;;;;1;dias;🔴Prioridad Alta🔴;🔴Prioridad Alta🔴;🔴Prioridad Alta🔴;🔴Prioridad Alta🔴;🔴Prioridad Alta🔴;🔴Prioridad Alta🔴;🔴Prioridad Alta🔴;🔴Prioridad Alta🔴;🔴Prioridad Alta🔴;🔴Prioridad Alta🔴;🔴Prioridad Alta🔴;🔴Prioridad Alta🔴;;"Pueda confiar en la plataforma para que me consulten, o ellos mismos acepten y denieguen un servicio que me solicitan.;";"Entre $15.000 a $30.000 la hora.;";"Entre $100.000 a $150.000 el día.;";Por transacción bancaria inmediata, una vez aprobado el servicio por mí y el cliente;🔴Prioridad Alta🔴;🔴Prioridad Alta🔴;🔴Prioridad Alta🔴;🔴Prioridad Alta🔴;🔴Prioridad Alta🔴;;"No estaría interesado en pagar comisión alguna.;";1;"horas;dias;semanas;exclusividad_propietario;meses";🔴Prioridad Alta🔴;🔴Prioridad Alta🔴;🔴Prioridad Alta🔴;🔴Prioridad Alta🔴;🔴Prioridad Alta🔴;🔴Prioridad Alta🔴;🔴Prioridad Alta🔴;🔴Prioridad Alta🔴;🔴Prioridad Alta🔴;🔴Prioridad Alta🔴;;"Entre $15.000 a $30.000 la hora.;";"Entre $100.000 a $150.000 el día.;";🔴Prioridad Alta🔴;🔴Prioridad Alta🔴;🔴Prioridad Alta🔴;🔴Prioridad Alta🔴;🔴Prioridad Alta🔴;🔴Prioridad Alta🔴;🔴Prioridad Alta🔴;🔴Prioridad Alta🔴;Otro: Que el vehículo tenga seguro propio;1;MuyProbable;Un chat en la plataforma;13;[12, 14)
